player_name,team_name,league,nationality,position,alt_position,ovr,team_id
Kylian Mbappé,Real Madrid,LALIGA EA SPORTS,France,ST,['LW'],91,1
Rodri,Manchester City,Premier League,Spain,CDM,['CM'],91,2
Erling Haaland,Manchester City,Premier League,Norway,ST,,91,2
Jude Bellingham,Real Madrid,LALIGA EA SPORTS,England,CAM,['CM'],90,1
Vini Jr.,Real Madrid,LALIGA EA SPORTS,Brazil,LW,"['ST', 'LM']",90,1
Kevin De Bruyne,Manchester City,Premier League,Belgium,CM,['CAM'],90,2
Harry Kane,FC Bayern München,Bundesliga,England,ST,,90,3
Martin Ødegaard,Arsenal,Premier League,Norway,CM,['CAM'],89,4
Gianluigi Donnarumma,Paris SG,Ligue 1 McDonald's,Italy,GK,,89,5
Alisson,Liverpool,Premier League,Brazil,GK,,89,6
Thibaut Courtois,Real Madrid,LALIGA EA SPORTS,Belgium,GK,,89,1
Lautaro Martínez,Inter,Serie A Enilive,Argentina,ST,,89,7
Virgil van Dijk,Liverpool,Premier League,Holland,CB,,89,6
Marc-André ter Stegen,FC Barcelona,LALIGA EA SPORTS,Germany,GK,,89,8
Mohamed Salah,Liverpool,Premier League,Egypt,RW,['RM'],89,6
Phil Foden,Manchester City,Premier League,England,RW,"['LW', 'CAM', 'RM']",88,2
Antoine Griezmann,Atlético de Madrid,LALIGA EA SPORTS,France,ST,,88,9
Rúben Dias,Manchester City,Premier League,Portugal,CB,,88,2
Robert Lewandowski,FC Barcelona,LALIGA EA SPORTS,Poland,ST,,88,8
Federico Valverde,Real Madrid,LALIGA EA SPORTS,Uruguay,CM,['RM'],88,1
Ederson,Manchester City,Premier League,Brazil,GK,,88,2
Bernardo Silva,Manchester City,Premier League,Portugal,CM,['RW'],88,2
Jan Oblak,Atlético de Madrid,LALIGA EA SPORTS,Slovenia,GK,,88,9
Antonio Rüdiger,Real Madrid,LALIGA EA SPORTS,Germany,CB,,88,1
Florian Wirtz,Leverkusen,Bundesliga,Germany,CAM,['LM'],88,10
Gregor Kobel,Borussia Dortmund,Bundesliga,Switzerland,GK,,88,11
William Saliba,Arsenal,Premier League,France,CB,,87,4
Victor Osimhen,Galatasaray,Trendyol Süper Lig,Nigeria,ST,,87,12
Jamal Musiala,FC Bayern München,Bundesliga,Germany,CAM,"['LM', 'CM']",87,3
Bukayo Saka,Arsenal,Premier League,England,RW,['RM'],87,4
Paulo Dybala,AS Roma,Serie A Enilive,Argentina,CAM,['ST'],87,13
Theo Hernández,AC Milan,Serie A Enilive,France,LB,['LM'],87,14
Declan Rice,Arsenal,Premier League,England,CDM,['CM'],87,4
Frenkie de Jong,FC Barcelona,LALIGA EA SPORTS,Holland,CM,['CDM'],87,8
Mike Maignan,AC Milan,Serie A Enilive,France,GK,,87,14
Bruno Fernandes,Man Utd,Premier League,Portugal,CAM,['CM'],87,15
Heung Min Son,Spurs,Premier League,Korea Republic,ST,['LM'],87,16
Marquinhos,Paris SG,Ligue 1 McDonald's,Brazil,CB,,87,5
Alessandro Bastoni,Inter,Serie A Enilive,Italy,CB,,87,7
Ýlkay Gündoðan,Manchester City,Premier League,Germany,CM,['CDM'],87,2
Emiliano Martínez,Aston Villa,Premier League,Argentina,GK,,87,17
Nicolò Barella,Inter,Serie A Enilive,Italy,CM,['CDM'],87,7
Yann Sommer,Inter,Serie A Enilive,Switzerland,GK,,87,7
Gabriel,Arsenal,Premier League,Brazil,CB,,86,4
Granit Xhaka,Leverkusen,Bundesliga,Switzerland,CDM,['CM'],86,10
Rodrygo,Real Madrid,LALIGA EA SPORTS,Brazil,RW,"['ST', 'RM']",86,1
Rafael Leão,AC Milan,Serie A Enilive,Portugal,LW,"['LM', 'ST']",86,14
Grimaldo,Leverkusen,Bundesliga,Spain,LM,"['LB', 'LW']",86,10
Luka Modri?,Real Madrid,LALIGA EA SPORTS,Croatia,CM,"['CAM', 'CDM']",86,1
Alexis Mac Allister,Liverpool,Premier League,Argentina,CM,['CDM'],86,6
Carvajal,Real Madrid,LALIGA EA SPORTS,Spain,RB,,86,1
Ousmane Dembélé,Paris SG,Ligue 1 McDonald's,France,RW,"['CAM', 'RM']",86,5
Trent Alexander-Arnold,Liverpool,Premier League,England,RB,,86,6
Pedri,FC Barcelona,LALIGA EA SPORTS,Spain,CM,['LW'],86,8
Jonathan Tah,Leverkusen,Bundesliga,Germany,CB,,86,10
Bremer,Juventus,Serie A Enilive,Brazil,CB,,86,18
Joshua Kimmich,FC Bayern München,Bundesliga,Germany,RB,"['CDM', 'CM']",86,3
Unai Simón,Athletic Club,LALIGA EA SPORTS,Spain,GK,,86,19
Manuel Neuer,FC Bayern München,Bundesliga,Germany,GK,,86,3
Hakan Çalhanoðlu,Inter,Serie A Enilive,Turkey,CDM,['CM'],86,7
Khvicha Kvaratskhelia,SSC Napoli,Serie A Enilive,Georgia,LW,"['RW', 'LM']",85,20
David Alaba,Real Madrid,LALIGA EA SPORTS,Austria,CB,['LB'],85,1
Ronald Araujo,FC Barcelona,LALIGA EA SPORTS,Uruguay,CB,['RB'],85,8
Julian Brandt,Borussia Dortmund,Bundesliga,Germany,CAM,"['RM', 'CM']",85,11
Éder Militão,Real Madrid,LALIGA EA SPORTS,Brazil,CB,,85,1
Bruno Guimarães,Newcastle Utd,Premier League,Brazil,CDM,['CM'],85,21
Alexander Isak,Newcastle Utd,Premier League,Sweden,ST,,85,21
Jules Koundé,FC Barcelona,LALIGA EA SPORTS,France,RB,['CB'],85,8
Vitinha,Paris SG,Ligue 1 McDonald's,Portugal,CM,['CDM'],85,5
James Maddison,Spurs,Premier League,England,CAM,['RM'],85,16
Giorgi Mamardashvili,Valencia CF,LALIGA EA SPORTS,Georgia,GK,,85,22
Mikel Merino,Arsenal,Premier League,Spain,CM,['CAM'],85,4
Loïs Openda,RB Leipzig,Bundesliga,Belgium,ST,,85,23
Palhinha,FC Bayern München,Bundesliga,Portugal,CDM,['CM'],85,3
Cole Palmer,Chelsea,Premier League,England,RM,"['CAM', 'RW']",85,24
Andrew Robertson,Liverpool,Premier League,Scotland,LB,,85,6
Leroy Sané,FC Bayern München,Bundesliga,Germany,RM,"['LM', 'RW']",85,3
Nico Schlotterbeck,Borussia Dortmund,Bundesliga,Germany,CB,,85,11
John Stones,Manchester City,Premier League,England,CB,"['CDM', 'RB']",85,2
Aurélien Tchouaméni,Real Madrid,LALIGA EA SPORTS,France,CDM,"['CM', 'CB']",85,1
Diogo Jota,Liverpool,Premier League,Portugal,ST,['LW'],85,6
Sandro Tonali,Newcastle Utd,Premier League,Italy,CDM,['CM'],85,21
Ollie Watkins,Aston Villa,Premier League,England,ST,,85,17
Nico Williams,Athletic Club,LALIGA EA SPORTS,Spain,LM,"['RM', 'LW']",85,19
Francesco Acerbi,Inter,Serie A Enilive,Italy,CB,,84,7
Manuel Akanji,Manchester City,Premier League,Switzerland,CB,,84,2
Nathan Aké,Manchester City,Premier League,Holland,CB,['LB'],84,2
Julián Álvarez,Atlético de Madrid,LALIGA EA SPORTS,Argentina,ST,['CAM'],84,9
Iago Aspas,RC Celta,LALIGA EA SPORTS,Spain,ST,,84,25
Federico Chiesa,Liverpool,Premier League,Italy,RW,"['LW', 'ST', 'RM']",84,6
Kingsley Coman,FC Bayern München,Bundesliga,France,LM,"['RM', 'LW']",84,3
Matthijs de Ligt,Man Utd,Premier League,Holland,CB,,84,15
Rodrigo De Paul,Atlético de Madrid,LALIGA EA SPORTS,Argentina,CM,['CDM'],84,9
Raphinha,FC Barcelona,LALIGA EA SPORTS,Brazil,RW,"['LW', 'RM']",84,8
Luis Díaz,Liverpool,Premier League,Colombia,LW,"['RW', 'LM']",84,6
Federico Dimarco,Inter,Serie A Enilive,Italy,LB,['LM'],84,7
Artem Dovbyk,AS Roma,Serie A Enilive,Ukraine,ST,,84,13
Jeremie Frimpong,Leverkusen,Bundesliga,Holland,RM,"['RB', 'RW']",84,10
Aleix García,Leverkusen,Bundesliga,Spain,CM,['CDM'],84,10
Jack Grealish,Manchester City,Premier League,England,LW,['LM'],84,2
Serhou Guirassy,Borussia Dortmund,Bundesliga,Guinea,ST,,84,11
Viktor Gyökeres,Sporting CP,Liga Portugal,Sweden,ST,['LW'],84,26
Achraf Hakimi,Paris SG,Ligue 1 McDonald's,Morocco,RB,,84,5
Lukáš Hrádeck?,Leverkusen,Bundesliga,Finland,GK,,84,10
Lisandro Martínez,Man Utd,Premier League,Argentina,CB,,84,15
Diogo Costa,FC Porto,Liga Portugal,Portugal,GK,,84,27
Ferland Mendy,Real Madrid,LALIGA EA SPORTS,France,LB,,84,1
Christopher Nkunku,Chelsea,Premier League,France,CAM,['ST'],84,24
Dani Olmo,FC Barcelona,LALIGA EA SPORTS,Spain,CAM,['CM'],84,8
Exequiel Palacios,Leverkusen,Bundesliga,Argentina,CM,['CDM'],84,10
Benjamin Pavard,Inter,Serie A Enilive,France,CB,['RB'],84,7
Álex Remiro,Real Sociedad,LALIGA EA SPORTS,Spain,GK,,84,28
Cristian Romero,Spurs,Premier League,Argentina,CB,,84,16
Marcel Sabitzer,Borussia Dortmund,Bundesliga,Austria,CM,"['CAM', 'CDM']",84,11
Casemiro,Man Utd,Premier League,Brazil,CDM,['CM'],84,15
Guglielmo Vicario,Spurs,Premier League,Italy,GK,,84,16
Dušan Vlahovi?,Juventus,Serie A Enilive,Serbia,ST,,84,18
Kyle Walker,Manchester City,Premier League,England,RB,,84,2
Benjamin White,Arsenal,Premier League,England,RB,['CB'],84,4
Robert Andrich,Leverkusen,Bundesliga,Germany,CDM,"['CM', 'CB']",83,10
Ismaël Bennacer,AC Milan,Serie A Enilive,Algeria,CDM,"['CM', 'CAM']",83,14
Eduardo Camavinga,Real Madrid,LALIGA EA SPORTS,France,CM,"['CDM', 'LB']",83,1
Andreas Christensen,FC Barcelona,LALIGA EA SPORTS,Denmark,CB,['CDM'],83,8
Stefan de Vrij,Inter,Serie A Enilive,Holland,CB,,83,7
Ángel Di María,SL Benfica,Liga Portugal,Argentina,RM,"['CAM', 'RW']",83,29
Youssef En-Nesyri,Fenerbahçe,Trendyol Süper Lig,Morocco,ST,,83,30
Rafa,Beþiktaþ,Trendyol Süper Lig,Portugal,CAM,['ST'],83,31
Cody Gakpo,Liverpool,Premier League,Holland,ST,['LW'],83,6
José María Giménez,Atlético de Madrid,LALIGA EA SPORTS,Uruguay,CB,,83,9
Leon Goretzka,FC Bayern München,Bundesliga,Germany,CM,['CDM'],83,3
Joško Gvardiol,Manchester City,Premier League,Croatia,LB,['CB'],83,2
Kai Havertz,Arsenal,Premier League,Germany,ST,['CM'],83,4
Lucas Hernández,Paris SG,Ligue 1 McDonald's,France,CB,['LB'],83,5
Mauro Icardi,Galatasaray,Trendyol Süper Lig,Argentina,ST,,83,12
Kim Min Jae,FC Bayern München,Bundesliga,Korea Republic,CB,,83,3
Ibrahima Konaté,Liverpool,Premier League,France,CB,,83,6
Teun Koopmeiners,Juventus,Serie A Enilive,Holland,CM,['CAM'],83,18
Mateo Kova?i?,Manchester City,Premier League,Croatia,CM,['CDM'],83,2
Konrad Laimer,FC Bayern München,Bundesliga,Austria,CDM,"['CM', 'RB']",83,3
Robin Le Normand,Atlético de Madrid,LALIGA EA SPORTS,Spain,CB,,83,9
Marcos Llorente,Atlético de Madrid,LALIGA EA SPORTS,Spain,RM,"['RB', 'CM', 'RW']",83,9
Manuel Locatelli,Juventus,Serie A Enilive,Italy,CDM,['CM'],83,18
Donyell Malen,Borussia Dortmund,Bundesliga,Holland,RM,"['ST', 'LM', 'RW']",83,11
Gabriel Martinelli,Arsenal,Premier League,Brazil,LW,"['RW', 'LM']",83,4
Henrikh Mkhitaryan,Inter,Serie A Enilive,Armenia,CM,['CAM'],83,7
Morata,AC Milan,Serie A Enilive,Spain,ST,,83,14
Gerard Moreno,Villarreal CF,LALIGA EA SPORTS,Spain,ST,"['RW', 'CAM']",83,32
André Onana,Man Utd,Premier League,Cameroon,GK,,83,15
Willi Orban,RB Leipzig,Bundesliga,Hungary,CB,,83,23
Gavi,FC Barcelona,LALIGA EA SPORTS,Spain,CM,['LW'],83,8
Parejo,Villarreal CF,LALIGA EA SPORTS,Spain,CM,['CDM'],83,32
Lorenzo Pellegrini,AS Roma,Serie A Enilive,Italy,CAM,['CM'],83,13
Pedro Gonçalves,Sporting CP,Liga Portugal,Portugal,LW,"['CAM', 'CM', 'LM']",83,26
Jordan Pickford,Everton,Premier League,England,GK,,83,33
Nick Pope,Newcastle Utd,Premier League,England,GK,,83,21
Pedro Porro,Spurs,Premier League,Spain,RB,,83,16
Ivan Provedel,Lazio,Serie A Enilive,Italy,GK,,83,34
Christian Pulisic,AC Milan,Serie A Enilive,United States,RW,"['RM', 'LW']",83,14
David Raya,Arsenal,Premier League,Spain,GK,,83,4
Koke,Atlético de Madrid,LALIGA EA SPORTS,Spain,CDM,['CM'],83,9
Guido Rodríguez,West Ham,Premier League,Argentina,CDM,['CM'],83,35
Alessio Romagnoli,Lazio,Serie A Enilive,Italy,CB,,83,34
Xavi Simons,RB Leipzig,Bundesliga,Holland,CAM,['LW'],83,23
Douglas Luiz,Juventus,Serie A Enilive,Brazil,CM,['CDM'],83,18
Dušan Tadi?,Fenerbahçe,Trendyol Süper Lig,Serbia,LM,['LW'],83,30
Edmond Tapsoba,Leverkusen,Bundesliga,Burkina Faso,CB,,83,10
Nuno Mendes,Paris SG,Ligue 1 McDonald's,Portugal,LB,,83,5
Marcus Thuram,Inter,Serie A Enilive,France,ST,,83,7
Fikayo Tomori,AC Milan,Serie A Enilive,England,CB,,83,14
Lucas Torreira,Galatasaray,Trendyol Süper Lig,Uruguay,CDM,['CM'],83,12
Kieran Trippier,Newcastle Utd,Premier League,England,RB,,83,21
Leandro Trossard,Arsenal,Premier League,Belgium,LW,"['ST', 'LM']",83,4
Viktor Tsygankov,Girona FC,LALIGA EA SPORTS,Ukraine,RM,"['CM', 'CAM', 'RW']",83,36
Mattia Zaccagni,Lazio,Serie A Enilive,Italy,LW,"['CAM', 'LM']",83,34
Duván Zapata,Torino,Serie A Enilive,Colombia,ST,,83,37
Isco,Real Betis,LALIGA EA SPORTS,Spain,CAM,"['LM', 'CM']",82,38
Joelinton,Newcastle Utd,Premier League,Brazil,CM,['LW'],82,21
Pepê,FC Porto,Liga Portugal,Brazil,CAM,"['RM', 'LM']",82,27
Leon Bailey,Aston Villa,Premier League,Jamaica,RM,"['ST', 'RW']",82,17
Oliver Baumann,TSG Hoffenheim,Bundesliga,Germany,GK,,82,39
Victor Boniface,Leverkusen,Bundesliga,Nigeria,ST,,82,10
Sven Botman,Newcastle Utd,Premier League,Holland,CB,,82,21
Jarrod Bowen,West Ham,Premier League,England,RM,"['ST', 'RW']",82,35
Moisés Caicedo,Chelsea,Premier League,Ecuador,CDM,['CM'],82,24
Emre Can,Borussia Dortmund,Bundesliga,Germany,CDM,['CB'],82,11
Marco Carnesecchi,Atalanta,Serie A Enilive,Italy,GK,,82,40
Lucas Paquetá,West Ham,Premier League,Brazil,LM,"['CAM', 'LW']",82,35
Ángel Correa,Atlético de Madrid,LALIGA EA SPORTS,Argentina,ST,['RM'],82,9
Marc Cucurella,Chelsea,Premier League,Spain,LB,,82,24
Danilo,Juventus,Serie A Enilive,Brazil,CB,['RB'],82,18
Diogo Dalot,Man Utd,Premier League,Portugal,RB,['LB'],82,15
Sergi Darder,RCD Mallorca,LALIGA EA SPORTS,Spain,CM,"['CAM', 'CDM']",82,41
Alphonso Davies,FC Bayern München,Bundesliga,Canada,LB,['LM'],82,3
Giovanni Di Lorenzo,SSC Napoli,Serie A Enilive,Italy,RB,['RM'],82,20
Brahim,Real Madrid,LALIGA EA SPORTS,Morocco,CAM,"['RW', 'LW']",82,1
Denzel Dumfries,Inter,Serie A Enilive,Holland,RB,['RM'],82,7
Edin D?eko,Fenerbahçe,Trendyol Süper Lig,Bosnia and Herzegovina,ST,,82,30
Enzo Fernández,Chelsea,Premier League,Argentina,CM,['CDM'],82,24
Gabriel Jesus,Arsenal,Premier League,Brazil,ST,,82,4
Jorginho,Arsenal,Premier League,Italy,CDM,['CM'],82,4
Pau Torres,Aston Villa,Premier League,Spain,CB,,82,17
Niclas Füllkrug,West Ham,Premier League,Germany,ST,,82,35
Gayà,Valencia CF,LALIGA EA SPORTS,Spain,LB,,82,22
Paulo Gazzaniga,Girona FC,LALIGA EA SPORTS,Argentina,GK,,82,36
Matthias Ginter,SC Freiburg,Bundesliga,Germany,CB,,82,42
Serge Gnabry,FC Bayern München,Bundesliga,Germany,RM,"['ST', 'LM', 'RW']",82,3
Anthony Gordon,Newcastle Utd,Premier League,England,LW,['LM'],82,21
Raphaël Guerreiro,FC Bayern München,Bundesliga,Portugal,LB,['CM'],82,3
Péter Gulácsi,RB Leipzig,Bundesliga,Hungary,GK,,82,23
Yangel Herrera,Girona FC,LALIGA EA SPORTS,Venezuela,CDM,['CM'],82,36
Jonas Hofmann,Leverkusen,Bundesliga,Germany,CAM,['ST'],82,10
Ciro Immobile,Beþiktaþ,Trendyol Süper Lig,Italy,ST,,82,31
Reece James,Chelsea,Premier League,England,RB,,82,24
Boubacar Kamara,Aston Villa,Premier League,France,CDM,['CM'],82,17
Randal Kolo Muani,Paris SG,Ligue 1 McDonald's,France,ST,,82,5
Filip Kosti?,Fenerbahçe,Trendyol Süper Lig,Serbia,LM,"['LB', 'LW']",82,30
Mohammed Kudus,West Ham,Premier League,Ghana,RM,"['CAM', 'LM', 'RW']",82,35
Dejan Kulusevski,Spurs,Premier League,Sweden,RM,"['RW', 'CAM']",82,16
Alexandre Lacazette,OL,Ligue 1 McDonald's,France,ST,,82,43
Bernd Leno,Fulham,Premier League,Germany,GK,,82,44
Stanislav Lobotka,SSC Napoli,Serie A Enilive,Slovakia,CM,['CDM'],82,20
Ademola Lookman,Atalanta,Serie A Enilive,Nigeria,ST,,82,40
Romelu Lukaku,SSC Napoli,Serie A Enilive,Belgium,ST,,82,20
Gianluca Mancini,AS Roma,Serie A Enilive,Italy,CB,,82,13
John McGinn,Aston Villa,Premier League,Scotland,CM,"['CDM', 'RM']",82,17
Nahuel Molina,Atlético de Madrid,LALIGA EA SPORTS,Argentina,RB,,82,9
Savinho,Manchester City,Premier League,Brazil,LW,['LM'],82,2
Thomas Müller,FC Bayern München,Bundesliga,Germany,CAM,['ST'],82,3
Darwin Núñez,Liverpool,Premier League,Uruguay,ST,,82,6
Michael Olise,FC Bayern München,Bundesliga,France,RM,"['RW', 'CAM']",82,3
Oyarzabal,Real Sociedad,LALIGA EA SPORTS,Spain,ST,"['LW', 'LM']",82,28
Thomas Partey,Arsenal,Premier League,Ghana,CDM,['CM'],82,4
Tijjani Reijnders,AC Milan,Serie A Enilive,Holland,CM,"['CDM', 'CAM']",82,14
Fabián Ruiz,Paris SG,Ligue 1 McDonald's,Spain,CM,['CDM'],82,5
Brice Samba,RC Lens,Ligue 1 McDonald's,France,GK,,82,45
Sancet,Athletic Club,LALIGA EA SPORTS,Spain,CAM,"['CM', 'ST']",82,19
Jadon Sancho,Chelsea,Premier League,England,LM,"['RM', 'LW']",82,24
Fabian Schär,Newcastle Utd,Premier League,Switzerland,CB,,82,21
Patrik Schick,Leverkusen,Bundesliga,Czech Republic,ST,,82,10
Luke Shaw,Man Utd,Premier League,England,LB,['CB'],82,15
Alexander Sørloth,Atlético de Madrid,LALIGA EA SPORTS,Norway,ST,,82,9
Niklas Süle,Borussia Dortmund,Bundesliga,Germany,CB,['RB'],82,11
Kevin Trapp,Frankfurt,Bundesliga,Germany,GK,,82,46
Destiny Udogie,Spurs,Premier League,Italy,LB,,82,16
Dayot Upamecano,FC Bayern München,Bundesliga,France,CB,,82,3
Micky van de Ven,Spurs,Premier League,Holland,CB,,82,16
Raphaël Varane,Como,Serie A Enilive,France,CB,,82,47
Iñaki Williams,Athletic Club,LALIGA EA SPORTS,Ghana,RM,"['ST', 'RW']",82,19
Edson Álvarez,West Ham,Premier League,Mexico,CDM,['CM'],81,35
Yeray,Athletic Club,LALIGA EA SPORTS,Spain,CB,,81,19
Waldemar Anton,Borussia Dortmund,Bundesliga,Germany,CB,['RB'],81,11
Alphonse Areola,West Ham,Premier League,France,GK,,81,35
Marco Asensio,Paris SG,Ligue 1 McDonald's,Spain,RW,"['CM', 'RM']",81,5
Balde,FC Barcelona,LALIGA EA SPORTS,Spain,LB,"['RB', 'LM']",81,8
Rodrigo Bentancur,Spurs,Premier League,Uruguay,CM,['CDM'],81,16
Álex Berenguer,Athletic Club,LALIGA EA SPORTS,Spain,LM,"['RM', 'LW']",81,19
Bryan Cristante,AS Roma,Serie A Enilive,Italy,CM,"['CDM', 'CB']",81,13
Ricardo Horta,SC Braga,Liga Portugal,Portugal,CAM,"['LM', 'RM']",81,48
Rui Silva,Real Betis,LALIGA EA SPORTS,Portugal,GK,,81,38
Matteo Darmian,Inter,Serie A Enilive,Italy,RB,"['CB', 'RM']",81,7
Jonathan David,LOSC Lille,Ligue 1 McDonald's,Canada,ST,,81,49
Richarlison,Spurs,Premier League,Brazil,ST,['LM'],81,16
Luuk de Jong,PSV,Eredivisie,Holland,ST,,81,50
Fred,Fenerbahçe,Trendyol Süper Lig,Brazil,CDM,['CM'],81,30
Eberechi Eze,Crystal Palace,Premier League,England,CAM,"['CM', 'LM']",81,51
Youssouf Fofana,AC Milan,Serie A Enilive,France,CDM,['CM'],81,14
Davide Frattesi,Inter,Serie A Enilive,Italy,CM,['CAM'],81,7
Remo Freuler,Bologna,Serie A Enilive,Switzerland,CDM,['CM'],81,52
Conor Gallagher,Atlético de Madrid,LALIGA EA SPORTS,England,CM,"['CAM', 'CDM']",81,9
Alexandr Golovin,AS Monaco,Ligue 1 McDonald's,Russia,LM,"['CAM', 'LW']",81,53
Pascal Groß,Borussia Dortmund,Bundesliga,Germany,CDM,['CM'],81,11
Marc Guéhi,Crystal Palace,Premier League,England,CB,,81,51
Dávid Hancko,Feyenoord,Eredivisie,Slovakia,CB,['LB'],81,54
Benjamin Henrichs,RB Leipzig,Bundesliga,Germany,RB,"['RM', 'LB']",81,23
Piero Hincapié,Leverkusen,Bundesliga,Ecuador,CB,['LB'],81,10
Ferdi Kadýoðlu,Brighton,Premier League,Turkey,LB,['RB'],81,55
Daichi Kamada,Crystal Palace,Premier League,Japan,CAM,['CM'],81,51
Presnel Kimpembe,Paris SG,Ligue 1 McDonald's,France,CB,,81,5
Orkun Kökçü,SL Benfica,Liga Portugal,Turkey,CM,"['CAM', 'CDM']",81,29
Ezri Konsa,Aston Villa,Premier League,England,CB,['RB'],81,17
Odilon Kossounou,Atalanta,Serie A Enilive,Côte d'Ivoire,CB,['RB'],81,40
Andrej Kramari?,TSG Hoffenheim,Bundesliga,Croatia,ST,"['CAM', 'CM']",81,39
Takefusa Kubo,Real Sociedad,LALIGA EA SPORTS,Japan,RW,"['ST', 'RM']",81,28
Ruben Loftus-Cheek,AC Milan,Serie A Enilive,England,CM,['CAM'],81,14
Andriy Lunin,Real Madrid,LALIGA EA SPORTS,Ukraine,GK,,81,1
Iñigo Martínez,FC Barcelona,LALIGA EA SPORTS,Spain,CB,,81,8
Noussair Mazraoui,Man Utd,Premier League,Morocco,RB,['LB'],81,15
Brais Méndez,Real Sociedad,LALIGA EA SPORTS,Spain,CM,"['RM', 'CAM']",81,28
Alex Meret,SSC Napoli,Serie A Enilive,Italy,GK,,81,20
Arkadiusz Milik,Juventus,Serie A Enilive,Poland,ST,,81,18
Kaoru Mitoma,Brighton,Premier League,Japan,LM,['LW'],81,55
Fernando Muslera,Galatasaray,Trendyol Süper Lig,Uruguay,GK,,81,12
Riccardo Orsolini,Bologna,Serie A Enilive,Italy,RM,['RW'],81,52
Stefan Ortega,Manchester City,Premier League,Germany,GK,,81,2
Nicolás Otamendi,SL Benfica,Liga Portugal,Argentina,CB,,81,29
Isi Palazón,Rayo Vallecano,LALIGA EA SPORTS,Spain,RM,"['CAM', 'LM', 'RW']",81,56
Aaron Ramsdale,Southampton,Premier League,England,GK,,81,57
Marcus Rashford,Man Utd,Premier League,England,LM,"['ST', 'LW']",81,15
David Raum,RB Leipzig,Bundesliga,Germany,LB,['LM'],81,23
Stefan Savi?,Trabzonspor,Trendyol Süper Lig,Montenegro,CB,,81,58
Xaver Schlager,RB Leipzig,Bundesliga,Austria,CDM,['CM'],81,23
Jerdy Schouten,PSV,Eredivisie,Holland,CDM,"['CB', 'CM']",81,50
Ellyes Skhiri,Frankfurt,Bundesliga,Tunisia,CDM,['CM'],81,46
Milan Škriniar,Paris SG,Ligue 1 McDonald's,Slovakia,CB,,81,5
Dominic Solanke,Spurs,Premier League,England,ST,,81,16
David Soria,Getafe CF,LALIGA EA SPORTS,Spain,GK,,81,59
Raheem Sterling,Arsenal,Premier League,England,LM,"['RM', 'LW']",81,4
Dominik Szoboszlai,Liverpool,Premier League,Hungary,CAM,['CM'],81,6
Youri Tielemans,Aston Villa,Premier League,Belgium,CM,"['CDM', 'CAM']",81,17
Manuel Ugarte,Man Utd,Premier League,Uruguay,CDM,['CM'],81,15
Deniz Undav,VfB Stuttgart,Bundesliga,Germany,ST,['CAM'],81,60
Álvaro Valles,UD Las Palmas,LALIGA EA SPORTS,Spain,GK,,81,61
Lucas Vázquez,Real Madrid,LALIGA EA SPORTS,Spain,RB,,81,1
Joey Veerman,PSV,Eredivisie,Holland,CM,"['CDM', 'CAM']",81,50
Vivian,Athletic Club,LALIGA EA SPORTS,Spain,CB,,81,19
Callum Wilson,Newcastle Utd,Premier League,England,ST,,81,21
Lamine Yamal,FC Barcelona,LALIGA EA SPORTS,Spain,RW,"['LW', 'RM']",81,8
Wilfried Zaha,OL,Ligue 1 McDonald's,Côte d'Ivoire,LM,['LW'],81,43
Piotr Zieli?ski,Inter,Serie A Enilive,Poland,CM,['CDM'],81,7
Zubimendi,Real Sociedad,LALIGA EA SPORTS,Spain,CDM,['CM'],81,28
Ali Al Musrati,Beþiktaþ,Trendyol Süper Lig,Libya,CDM,['CM'],80,31
Joachim Andersen,Fulham,Premier League,Denmark,CB,,80,44
Benjamin André,LOSC Lille,Ligue 1 McDonald's,France,CDM,['CM'],80,49
Marko Arnautovi?,Inter,Serie A Enilive,Austria,ST,,80,7
Maximilian Arnold,VfL Wolfsburg,Bundesliga,Germany,CDM,['CM'],80,62
Fredrik Aursnes,SL Benfica,Liga Portugal,Norway,RB,"['LB', 'LM']",80,29
Simon Banza,Trabzonspor,Trendyol Süper Lig,Congo DR,ST,,80,58
Bradley Barcola,Paris SG,Ligue 1 McDonald's,France,LW,"['RW', 'LM']",80,5
Harvey Barnes,Newcastle Utd,Premier League,England,LW,['LM'],80,21
Christoph Baumgartner,RB Leipzig,Bundesliga,Austria,CAM,['ST'],80,23
Walter Benítez,PSV,Eredivisie,Argentina,GK,,80,50
Gonçalo Inácio,Sporting CP,Liga Portugal,Portugal,CB,"['LB', 'CDM']",80,26
Yves Bissouma,Spurs,Premier League,Mali,CDM,['CM'],80,16
Daley Blind,Girona FC,LALIGA EA SPORTS,Holland,CB,"['LB', 'CDM']",80,36
Yan Couto,Borussia Dortmund,Bundesliga,Brazil,RM,"['RB', 'RW']",80,11
Alessandro Buongiorno,SSC Napoli,Serie A Enilive,Italy,CB,,80,20
Davide Calabria,AC Milan,Serie A Enilive,Italy,RB,,80,14
Lucas Chevalier,LOSC Lille,Ligue 1 McDonald's,France,GK,,80,49
Samuel Chukwueze,AC Milan,Serie A Enilive,Nigeria,RW,['RM'],80,14
Jonathan Clauss,OGC Nice,Ligue 1 McDonald's,France,RB,['RM'],80,63
Kevin Danso,RC Lens,Ligue 1 McDonald's,Austria,CB,,80,45
Evanilson,AFC Bournemouth,Premier League,Brazil,ST,,80,64
De Marcos,Athletic Club,LALIGA EA SPORTS,Spain,RB,,80,19
Michele Di Gregorio,Juventus,Serie A Enilive,Italy,GK,,80,18
Eric Dier,FC Bayern München,Bundesliga,England,CB,,80,3
Jérémy Doku,Manchester City,Premier League,Belgium,LW,"['RW', 'LM']",80,2
Éderson,Atalanta,Serie A Enilive,Brazil,CM,['CAM'],80,40
Wataru Endo,Liverpool,Premier League,Japan,CDM,['CM'],80,6
Pervis Estupiñán,Brighton,Premier League,Ecuador,LB,,80,55
Wladimiro Falcone,Lecce,Serie A Enilive,Italy,GK,,80,65
João Félix,Chelsea,Premier League,Portugal,LW,"['ST', 'LM']",80,24
Suso,Sevilla FC,LALIGA EA SPORTS,Spain,RM,"['CAM', 'CM', 'RW']",80,66
Juan Foyth,Villarreal CF,LALIGA EA SPORTS,Argentina,RB,,80,32
Javi Galán,Atlético de Madrid,LALIGA EA SPORTS,Spain,LB,,80,9
Pepelu,Valencia CF,LALIGA EA SPORTS,Spain,CM,['CDM'],80,22
Nuno Santos,Sporting CP,Liga Portugal,Portugal,LM,"['LB', 'LW']",80,26
Joe Gomez,Liverpool,Premier League,England,CB,"['RB', 'LB']",80,6
Nicolás González,Juventus,Serie A Enilive,Argentina,RW,"['RM', 'LW']",80,18
Mario Götze,Frankfurt,Bundesliga,Germany,CAM,"['CM', 'ST']",80,46
Vincenzo Grifo,SC Freiburg,Bundesliga,Italy,LM,"['CAM', 'LW']",80,42
Nemanja Gudelj,Sevilla FC,LALIGA EA SPORTS,Serbia,CB,['CDM'],80,66
Albert Gu?mundsson,Fiorentina,Serie A Enilive,Iceland,ST,,80,67
Mattéo Guendouzi,Lazio,Serie A Enilive,France,CM,['CAM'],80,34
Malo Gusto,Chelsea,Premier League,France,RB,,80,24
Miguel Gutiérrez,Girona FC,LALIGA EA SPORTS,Spain,LB,['LM'],80,36
Amadou Haidara,RB Leipzig,Bundesliga,Mali,CM,['CDM'],80,23
Jordan Henderson,Ajax,Eredivisie,England,CDM,['CM'],80,68
Morten Hjulmand,Sporting CP,Liga Portugal,Denmark,CDM,['CM'],80,26
Pierre-Emile Højbjerg,OM,Ligue 1 McDonald's,Denmark,CDM,['CM'],80,69
Thomas Lemar,Atlético de Madrid,LALIGA EA SPORTS,France,CM,['LM'],80,9
Dominik Livakovi?,Fenerbahçe,Trendyol Süper Lig,Croatia,GK,,80,30
Giovani Lo Celso,Real Betis,LALIGA EA SPORTS,Argentina,CAM,['CM'],80,38
David López,Girona FC,LALIGA EA SPORTS,Spain,CB,['CDM'],80,36
Harry Maguire,Man Utd,Premier League,England,CB,,80,15
Reinildo,Atlético de Madrid,LALIGA EA SPORTS,Mozambique,LB,['CB'],80,9
Iván Martín,Girona FC,LALIGA EA SPORTS,Spain,CAM,['CM'],80,36
Nemanja Mati?,OL,Ligue 1 McDonald's,Serbia,CDM,['CM'],80,43
Bryan Mbeumo,Brentford,Premier League,Cameroon,RW,"['ST', 'RM']",80,70
Facundo Medina,RC Lens,Ligue 1 McDonald's,Argentina,CB,,80,45
Dries Mertens,Galatasaray,Trendyol Süper Lig,Belgium,CAM,['ST'],80,12
Daniel Muñoz,Crystal Palace,Premier League,Colombia,RB,,80,51
Vedat Muriqi,RCD Mallorca,LALIGA EA SPORTS,Kosovo,ST,,80,41
João Mário,Beþiktaþ,Trendyol Süper Lig,Portugal,LM,"['RM', 'CM', 'LW']",80,31
Jesús Navas,Sevilla FC,LALIGA EA SPORTS,Spain,RB,['RM'],80,66
David Neres,SSC Napoli,Serie A Enilive,Brazil,LM,"['RM', 'CAM', 'LW']",80,20
Alexander Nübel,VfB Stuttgart,Bundesliga,Germany,GK,,80,60
Mario Pašali?,Atalanta,Serie A Enilive,Croatia,CM,['CAM'],80,40
Vangelis Pavlidis,SL Benfica,Liga Portugal,Greece,ST,,80,29
Matteo Politano,SSC Napoli,Serie A Enilive,Italy,RW,['RM'],80,20
Amir Rrahmani,SSC Napoli,Serie A Enilive,Kosovo,CB,,80,20
Ruiz de Galarreta,Athletic Club,LALIGA EA SPORTS,Spain,CDM,['CM'],80,19
Allan Saint-Maximin,Fenerbahçe,Trendyol Süper Lig,France,LM,['LW'],80,30
Davinson Sánchez,Galatasaray,Trendyol Süper Lig,Colombia,CB,,80,12
Diego Carlos,Aston Villa,Premier League,Brazil,CB,,80,17
Téji Savanier,Montpellier,Ligue 1 McDonald's,France,CAM,['CM'],80,71
William Carvalho,Real Betis,LALIGA EA SPORTS,Portugal,CDM,['CAM'],80,38
Sebastian Szyma?ski,Fenerbahçe,Trendyol Süper Lig,Poland,CAM,['RM'],80,30
Mehdi Taremi,Inter,Serie A Enilive,Iran,ST,,80,7
James Tarkowski,Everton,Premier League,England,CB,,80,33
Jean-Clair Todibo,West Ham,Premier League,France,CB,,80,35
Ferran Torres,FC Barcelona,LALIGA EA SPORTS,Spain,LW,"['RW', 'ST', 'LM']",80,8
Hamari Traoré,Real Sociedad,LALIGA EA SPORTS,Mali,RB,,80,28
Lars Unnerstall,FC Twente,Eredivisie,Germany,GK,,80,72
André Silva,RB Leipzig,Bundesliga,Portugal,ST,,80,23
Jordan Veretout,OL,Ligue 1 McDonald's,France,CM,['CDM'],80,43
Timo Werner,Spurs,Premier League,Germany,LM,"['ST', 'LW']",80,16
Mats Wieffer,Brighton,Premier League,Holland,CDM,['CM'],80,55
Axel Witsel,Atlético de Madrid,LALIGA EA SPORTS,Belgium,CB,,80,9
Barýþ Alper Yýlmaz,Galatasaray,Trendyol Süper Lig,Turkey,RM,"['LM', 'LB', 'RW']",80,12
Warren Zaïre-Emery,Paris SG,Ligue 1 McDonald's,France,CM,['CDM'],80,5
André-Franck Zambo Anguissa,SSC Napoli,Serie A Enilive,Cameroon,CDM,['CM'],80,20
Hakim Ziyech,Galatasaray,Trendyol Süper Lig,Morocco,RM,"['CAM', 'RW']",80,12
Zubeldia,Real Sociedad,LALIGA EA SPORTS,Spain,CB,,80,28
Karim Adeyemi,Borussia Dortmund,Bundesliga,Germany,LM,"['RM', 'ST', 'LW']",79,11
Nayef Aguerd,Real Sociedad,LALIGA EA SPORTS,Morocco,CB,,79,28
Rayan Aït-Nouri,Wolves,Premier League,Algeria,LB,['LM'],79,73
Raúl Albiol,Villarreal CF,LALIGA EA SPORTS,Spain,CB,,79,32
Kepa,AFC Bournemouth,Premier League,Spain,GK,,79,64
Emil Audero,Como,Serie A Enilive,Italy,GK,,79,47
Ezequiel Ávila,Real Betis,LALIGA EA SPORTS,Argentina,ST,"['RM', 'LM']",79,38
Azpilicueta,Atlético de Madrid,LALIGA EA SPORTS,Spain,CB,['RB'],79,9
Álex Baena,Villarreal CF,LALIGA EA SPORTS,Spain,LM,"['ST', 'LW']",79,32
Alexander Bah,SL Benfica,Liga Portugal,Denmark,RB,,79,29
Johan Bakayoko,PSV,Eredivisie,Belgium,RW,['RM'],79,50
Leonardo Balerdi,OM,Ligue 1 McDonald's,Argentina,CB,,79,69
Abdülkerim Bardakcý,Galatasaray,Trendyol Süper Lig,Turkey,CB,['LB'],79,12
Yuri Berchiche,Athletic Club,LALIGA EA SPORTS,Spain,LB,,79,19
Steven Berghuis,Ajax,Eredivisie,Holland,RW,"['CAM', 'RM']",79,68
Cristiano Biraghi,Fiorentina,Serie A Enilive,Italy,LB,,79,67
Marco Bizot,Stade Brestois 29,Ligue 1 McDonald's,Holland,GK,,79,74
Sacha Boey,FC Bayern München,Bundesliga,France,RB,,79,3
Jarrad Branthwaite,Everton,Premier League,England,CB,,79,33
Brian Brobbey,Ajax,Eredivisie,Holland,ST,,79,68
Marcin Bu?ka,OGC Nice,Ligue 1 McDonald's,Poland,GK,,79,63
Matheus Cunha,Wolves,Premier League,Brazil,ST,['CAM'],79,73
Matty Cash,Aston Villa,Premier League,Poland,RB,['RM'],79,17
Valentin Castellanos,Lazio,Serie A Enilive,Argentina,ST,,79,34
Catena,CA Osasuna,LALIGA EA SPORTS,Spain,CB,,79,75
Dani Ceballos,Real Madrid,LALIGA EA SPORTS,Spain,CM,['CAM'],79,1
Ben Chilwell,Chelsea,Premier League,England,LB,,79,24
Jordy Clasie,AZ,Eredivisie,Holland,CDM,['CM'],79,76
Dante,OGC Nice,Ligue 1 McDonald's,Brazil,CB,,79,63
Charles De Ketelaere,Atalanta,Serie A Enilive,Belgium,CAM,['ST'],79,40
Marten de Roon,Atalanta,Serie A Enilive,Holland,CM,"['CDM', 'CB']",79,40
Romain Del Castillo,Stade Brestois 29,Ligue 1 McDonald's,France,RW,['RM'],79,74
Ermedin Demirovi?,VfB Stuttgart,Bundesliga,Bosnia and Herzegovina,ST,['LM'],79,60
Sergiño Dest,PSV,Eredivisie,United States,LB,['RB'],79,50
Boulaye Dia,Lazio,Serie A Enilive,Senegal,ST,,79,34
Samuel Lino,Atlético de Madrid,LALIGA EA SPORTS,Brazil,LM,"['LB', 'LW']",79,9
Lucas Digne,Aston Villa,Premier League,France,LB,,79,17
Stole Dimitrievski,Valencia CF,LALIGA EA SPORTS,North Macedonia,GK,,79,22
Axel Disasi,Chelsea,Premier League,France,CB,['RB'],79,24
Alexander Djiku,Fenerbahçe,Trendyol Süper Lig,Ghana,CB,,79,30
Cheick Doucouré,Crystal Palace,Premier League,Mali,CDM,['CM'],79,51
Lewis Dunk,Brighton,Premier League,England,CB,,79,55
Hugo Duro,Valencia CF,LALIGA EA SPORTS,Spain,ST,,79,22
Marcus Edwards,Sporting CP,Liga Portugal,England,RW,"['LW', 'ST', 'RM']",79,26
Stephan El Shaarawy,AS Roma,Serie A Enilive,Italy,LM,"['LW', 'CAM']",79,13
Eljif Elmas,RB Leipzig,Bundesliga,North Macedonia,CAM,"['CM', 'LW']",79,23
Aritz Elustondo,Real Sociedad,LALIGA EA SPORTS,Spain,RB,['CB'],79,28
Lewis Ferguson,Bologna,Serie A Enilive,Scotland,CM,['CAM'],79,52
Mark Flekken,Brentford,Premier League,Holland,GK,,79,70
Chris Führich,VfB Stuttgart,Bundesliga,Germany,LM,"['LW', 'CAM']",79,60
Álvaro García,Rayo Vallecano,LALIGA EA SPORTS,Spain,LM,"['CAM', 'LW']",79,56
Alejandro Garnacho,Man Utd,Premier League,Argentina,LM,"['RM', 'LW']",79,15
Lutsharel Geertruida,RB Leipzig,Bundesliga,Holland,CB,['RB'],79,23
Morgan Gibbs-White,Nott'm Forest,Premier League,England,CAM,['RM'],79,77
Santiago Giménez,Feyenoord,Eredivisie,Mexico,ST,,79,54
Moi Gómez,CA Osasuna,LALIGA EA SPORTS,Spain,CM,"['LM', 'RM']",79,75
João Neves,Paris SG,Ligue 1 McDonald's,Portugal,CM,['CDM'],79,5
Robin Gosens,Fiorentina,Serie A Enilive,Germany,LB,['LM'],79,67
Mason Greenwood,OM,Ligue 1 McDonald's,England,RM,"['ST', 'LM', 'RW']",79,69
Guruzeta,Athletic Club,LALIGA EA SPORTS,Spain,ST,,79,19
Sébastien Haller,CD Leganés,LALIGA EA SPORTS,Côte d'Ivoire,ST,,79,78
Dean Henderson,Crystal Palace,Premier League,England,GK,,79,51
Franck Honorat,M'gladbach,Bundesliga,France,RM,['RW'],79,79
Hiroki Ito,FC Bayern München,Bundesliga,Japan,CB,['LB'],79,3
Nicolas Jackson,Chelsea,Premier League,Senegal,ST,,79,24
Curtis Jones,Liverpool,Premier League,England,CM,['CAM'],79,6
Luka Jovi?,AC Milan,Serie A Enilive,Serbia,ST,,79,14
Ýrfan Can Kahveci,Fenerbahçe,Trendyol Süper Lig,Turkey,RW,"['CAM', 'CM', 'RM']",79,30
Lukas Klostermann,RB Leipzig,Bundesliga,Germany,CB,['RB'],79,23
Robin Koch,Frankfurt,Bundesliga,Germany,CB,,79,46
Sead Kolašinac,Atalanta,Serie A Enilive,Bosnia and Herzegovina,CB,['LB'],79,40
Geoffrey Kondogbia,OM,Ligue 1 McDonald's,Central African Republic,CM,['CDM'],79,69
Noa Lang,PSV,Eredivisie,Holland,LW,"['CAM', 'LM']",79,50
Manuel Lazzari,Lazio,Serie A Enilive,Italy,RB,,79,34
Lee Kang In,Paris SG,Ligue 1 McDonald's,Korea Republic,CAM,"['CM', 'RW']",79,5
Pierre Lees-Melou,Stade Brestois 29,Ligue 1 McDonald's,France,CDM,['CM'],79,74
Mario Lemina,Wolves,Premier League,Gabon,CDM,['CM'],79,73
Jefferson Lerma,Crystal Palace,Premier League,Colombia,CDM,"['CM', 'CB']",79,51
Philipp Lienhart,SC Freiburg,Bundesliga,Austria,CB,,79,42
Matheus,SC Braga,Liga Portugal,Brazil,GK,,79,48
Pedro Neto,Chelsea,Premier League,Portugal,RW,"['LW', 'ST', 'RM']",79,24
Anthony Lopes,OL,Ligue 1 McDonald's,Portugal,GK,,79,43
Pau López,Girona FC,LALIGA EA SPORTS,Spain,GK,,79,36
Castello Lukeba,RB Leipzig,Bundesliga,France,CB,,79,23
Dodi Lukébakio,Sevilla FC,LALIGA EA SPORTS,Belgium,RW,"['ST', 'LW', 'RM']",79,66
Robert Sánchez,Chelsea,Premier League,Spain,GK,,79,24
Ian Maatsen,Aston Villa,Premier League,Holland,LB,,79,17
Pablo Maffeo,RCD Mallorca,LALIGA EA SPORTS,Argentina,RB,['LB'],79,41
José Sá,Wolves,Premier League,Portugal,GK,,79,73
Omar Marmoush,Frankfurt,Bundesliga,Egypt,ST,['LW'],79,46
Arnau Martínez,Girona FC,LALIGA EA SPORTS,Spain,RB,['CB'],79,36
Adam Maruši?,Lazio,Serie A Enilive,Montenegro,LB,['RB'],79,34
Jean-Philippe Mateta,Crystal Palace,Premier League,France,ST,,79,51
Borja Mayoral,Getafe CF,LALIGA EA SPORTS,Spain,ST,,79,59
Chancel Mbemba,OM,Ligue 1 McDonald's,Congo DR,CB,,79,69
Nikola Milenkovi?,Nott'm Forest,Premier League,Serbia,CB,,79,77
Takumi Minamino,AS Monaco,Ligue 1 McDonald's,Japan,CAM,"['RM', 'LM']",79,53
Tyrone Mings,Aston Villa,Premier League,England,CB,,79,17
Maximilian Mittelstädt,VfB Stuttgart,Bundesliga,Germany,LB,['LM'],79,60
Álex Moreno,Nott'm Forest,Premier League,Spain,LB,,79,77
Hidemasa Morita,Sporting CP,Liga Portugal,Japan,CM,['CDM'],79,26
Florentino,SL Benfica,Liga Portugal,Portugal,CDM,['CM'],79,29
Nordi Mukiele,Leverkusen,Bundesliga,France,RB,['CB'],79,10
Juan Musso,Atlético de Madrid,LALIGA EA SPORTS,Argentina,GK,,79,9
Galeno,FC Porto,Liga Portugal,Brazil,LM,['LW'],79,27
Matt O'Riley,Brighton,Premier League,Denmark,CM,"['CAM', 'CDM']",79,55
Jonas Omlin,M'gladbach,Bundesliga,Switzerland,GK,,79,79
Ayoze Pérez,Villarreal CF,LALIGA EA SPORTS,Spain,LM,"['RM', 'CAM', 'LW']",79,32
Mattia Perin,Juventus,Serie A Enilive,Italy,GK,,79,18
Matteo Pessina,Monza,Serie A Enilive,Italy,CM,"['CDM', 'CAM']",79,80
?or?e Petrovi?,Strasbourg,Ligue 1 McDonald's,Serbia,GK,,79,81
Ethan Pinnock,Brentford,Premier League,Jamaica,CB,,79,70
Yeremy Pino,Villarreal CF,LALIGA EA SPORTS,Spain,LM,"['LW', 'RM']",79,32
Gonçalo Ramos,Paris SG,Ligue 1 McDonald's,Portugal,ST,,79,5
Antonee Robinson,Fulham,Premier League,United States,LB,,79,44
Oriol Romeu,Girona FC,LALIGA EA SPORTS,Spain,CDM,['CM'],79,36
Valentin Rongier,OM,Ligue 1 McDonald's,France,CDM,['CM'],79,69
Frederik Rønnow,Union Berlin,Bundesliga,Denmark,GK,,79,82
Gerónimo Rulli,OM,Ligue 1 McDonald's,Argentina,GK,,79,69
Julian Ryerson,Borussia Dortmund,Bundesliga,Norway,RB,['LB'],79,11
Pape Matar Sarr,Spurs,Premier League,Senegal,CDM,['CM'],79,16
Gianluca Scamacca,Atalanta,Serie A Enilive,Italy,ST,,79,40
Perr Schuurs,Torino,Serie A Enilive,Holland,CB,,79,37
Benjamin Šeško,RB Leipzig,Bundesliga,Slovenia,ST,,79,23
Mário Rui,SSC Napoli,Serie A Enilive,Portugal,LB,,79,20
Wilfried Singo,AS Monaco,Ligue 1 McDonald's,Côte d'Ivoire,CB,['RB'],79,53
?ukasz Skorupski,Bologna,Serie A Enilive,Poland,GK,,79,52
Tomáš Sou?ek,West Ham,Premier League,Czech Republic,CDM,['CM'],79,35
Leonardo Spinazzola,SSC Napoli,Serie A Enilive,Italy,LM,"['LB', 'LW']",79,20
António Silva,SL Benfica,Liga Portugal,Portugal,CB,,79,29
Pietro Terracciano,Fiorentina,Serie A Enilive,Italy,GK,,79,67
Martin Terrier,Leverkusen,Bundesliga,France,ST,['LM'],79,10
Kieran Tierney,Arsenal,Premier League,Scotland,LB,,79,4
Jurriën Timber,Arsenal,Premier League,Holland,CB,,79,4
Quinten Timber,Feyenoord,Eredivisie,Holland,CM,"['CAM', 'CDM']",79,54
Rafael Tolói,Atalanta,Serie A Enilive,Italy,CB,,79,40
Edin Viš?a,Trabzonspor,Trendyol Süper Lig,Bosnia and Herzegovina,RM,['RW'],79,58
Nikola Vlaši?,Torino,Serie A Enilive,Croatia,CAM,"['RW', 'LW']",79,37
Aaron Wan-Bissaka,West Ham,Premier League,England,RB,,79,35
James Ward-Prowse,Nott'm Forest,Premier League,England,CM,"['CDM', 'CAM']",79,77
Julian Weigl,M'gladbach,Bundesliga,Germany,CDM,['CM'],79,79
Yoane Wissa,Brentford,Premier League,Congo DR,LW,"['ST', 'LM']",79,70
Denis Zakaria,AS Monaco,Ligue 1 McDonald's,Switzerland,CDM,['CM'],79,53
Davide Zappacosta,Atalanta,Serie A Enilive,Italy,LB,"['LM', 'RM']",79,40
Edon Zhegrova,LOSC Lille,Ligue 1 McDonald's,Kosovo,RM,['RW'],79,49
Oleksandr Zinchenko,Arsenal,Premier League,Ukraine,LB,,79,4
Joshua Zirkzee,Man Utd,Premier League,Holland,ST,,79,15
Carlos Augusto,Inter,Serie A Enilive,Brazil,LM,"['LB', 'LW']",79,7
Saud Abdulhamid,AS Roma,Serie A Enilive,Saudi Arabia,RB,,78,13
Tammy Abraham,AC Milan,Serie A Enilive,England,ST,,78,14
Tosin Adarabioyo,Chelsea,Premier League,England,CB,,78,24
Amine Adli,Leverkusen,Bundesliga,Morocco,ST,"['LM', 'CAM']",78,10
Joseph Aidoo,RC Celta,LALIGA EA SPORTS,Ghana,CB,,78,25
Miguel Almirón,Newcastle Utd,Premier League,Paraguay,RW,['RM'],78,21
Nadiem Amiri,1. FSV Mainz 05,Bundesliga,Germany,CM,['CAM'],78,83
Sofyan Amrabat,Fenerbahçe,Trendyol Süper Lig,Morocco,CDM,['CM'],78,30
Michail Antonio,West Ham,Premier League,Jamaica,ST,,78,35
Mauro Arambarri,Getafe CF,LALIGA EA SPORTS,Uruguay,CDM,['CM'],78,59
Benoît Badiashile,Chelsea,Premier League,France,CB,,78,24
Antonín Barák,Kasýmpaþa,Trendyol Süper Lig,Czech Republic,CM,['CAM'],78,84
Ricardo Pereira,Leicester City,Premier League,Portugal,RB,,78,85
Melvin Bard,OGC Nice,Ligue 1 McDonald's,France,LB,['LM'],78,63
Ross Barkley,Aston Villa,Premier League,England,CM,['CAM'],78,17
Marc Bartra,Real Betis,LALIGA EA SPORTS,Spain,CB,,78,38
Maximilian Beier,Borussia Dortmund,Bundesliga,Germany,ST,['LW'],78,11
Andrea Belotti,Como,Serie A Enilive,Italy,ST,,78,47
Fran Beltrán,RC Celta,LALIGA EA SPORTS,Spain,CDM,['CM'],78,25
Saïd Benrahma,OL,Ligue 1 McDonald's,Algeria,LW,['LM'],78,43
Ramy Bensebaini,Borussia Dortmund,Bundesliga,Algeria,LB,['CB'],78,11
Nabil Bentaleb,LOSC Lille,Ligue 1 McDonald's,Algeria,CDM,['CM'],78,49
Mergim Berisha,TSG Hoffenheim,Bundesliga,Germany,ST,,78,39
Jan-Niklas Beste,SL Benfica,Liga Portugal,Germany,LM,"['RM', 'LB', 'LW']",78,29
Olivier Boscagli,PSV,Eredivisie,France,CB,,78,50
Lilian Brassier,OM,Ligue 1 McDonald's,France,CB,,78,69
Ante Budimir,CA Osasuna,LALIGA EA SPORTS,Croatia,ST,,78,75
Emiliano Buendía,Aston Villa,Premier League,Argentina,RM,"['CAM', 'RW']",78,17
Dan Burn,Newcastle Utd,Premier League,England,CB,['LB'],78,21
Nélson Semedo,Wolves,Premier League,Portugal,RB,,78,73
Riccardo Calafiori,Arsenal,Premier League,Italy,CB,['LB'],78,4
Maxence Caqueret,OL,Ligue 1 McDonald's,France,CM,['CDM'],78,43
Trevoh Chalobah,Crystal Palace,Premier League,England,CB,['RB'],78,51
Andrea Colpani,Fiorentina,Serie A Enilive,Italy,CAM,['RM'],78,67
Murillo,Nott'm Forest,Premier League,Brazil,CB,,78,77
Vladimír Coufal,West Ham,Premier League,Czech Republic,RB,,78,35
Kerem Demirbay,Galatasaray,Trendyol Süper Lig,Germany,CM,"['CDM', 'CAM']",78,12
Kiernan Dewsbury-Hall,Chelsea,Premier League,England,CM,"['CAM', 'CDM']",78,24
Ousmane Diomande,Sporting CP,Liga Portugal,Côte d'Ivoire,CB,,78,26
Berat Djimsiti,Atalanta,Serie A Enilive,Albania,CB,,78,40
Marko Dmitrovi?,CD Leganés,LALIGA EA SPORTS,Serbia,GK,,78,78
Ritsu Doan,SC Freiburg,Bundesliga,Japan,RM,"['CAM', 'ST', 'RW']",78,42
Danilho Doekhi,Union Berlin,Bundesliga,Holland,CB,,78,82
Harvey Elliott,Liverpool,Premier League,England,CAM,"['CM', 'RW']",78,6
Christian Eriksen,Man Utd,Premier League,Denmark,CM,['CDM'],78,15
Alfonso Espino,Rayo Vallecano,LALIGA EA SPORTS,Uruguay,LB,,78,56
Lucas Perri,OL,Ligue 1 McDonald's,Brazil,GK,,78,43
Francisco Conceição,Juventus,Serie A Enilive,Portugal,RM,['RW'],78,18
Wesley Fofana,Chelsea,Premier League,France,CB,,78,24
Przemys?aw Frankowski,RC Lens,Ligue 1 McDonald's,Poland,RB,"['LB', 'RM']",78,45
Eric García,FC Barcelona,LALIGA EA SPORTS,Spain,CB,"['CDM', 'RB']",78,8
Rubén García,CA Osasuna,LALIGA EA SPORTS,Spain,RM,"['LM', 'RW']",78,75
Fran García,Real Madrid,LALIGA EA SPORTS,Spain,LB,,78,1
Federico Gatti,Juventus,Serie A Enilive,Italy,CB,,78,18
João Gomes,Wolves,Premier League,Brazil,CDM,['CM'],78,73
Campaña,UD Las Palmas,LALIGA EA SPORTS,Spain,CM,['LM'],78,61
Ismaily,LOSC Lille,Ligue 1 McDonald's,Brazil,LB,,78,49
Amine Gouiri,Stade Rennais FC,Ligue 1 McDonald's,Algeria,LM,"['ST', 'LW']",78,86
Jonathan Gradit,RC Lens,Ligue 1 McDonald's,France,CB,,78,45
Ryan Gravenberch,Liverpool,Premier League,Holland,CM,['CDM'],78,6
Michael Gregoritsch,SC Freiburg,Bundesliga,Austria,ST,,78,42
Guaita,RC Celta,LALIGA EA SPORTS,Spain,GK,,78,25
Arda Güler,Real Madrid,LALIGA EA SPORTS,Turkey,CAM,['RM'],78,1
Christian Günter,SC Freiburg,Bundesliga,Germany,LB,['LM'],78,42
Ander Herrera,Athletic Club,LALIGA EA SPORTS,Spain,CM,['CDM'],78,19
Sergio Herrera,CA Osasuna,LALIGA EA SPORTS,Spain,GK,,78,75
Isak Hien,Atalanta,Serie A Enilive,Sweden,CB,,78,40
Andreas Pereira,Fulham,Premier League,Brazil,CAM,['CM'],78,44
Rasmus Højlund,Man Utd,Premier League,Denmark,ST,,78,15
Hwang Hee Chan,Wolves,Premier League,Korea Republic,ST,"['LW', 'RW']",78,73
Borja Iglesias,RC Celta,LALIGA EA SPORTS,Spain,ST,,78,25
Junya Ito,Stade de Reims,Ligue 1 McDonald's,Japan,RM,"['RW', 'ST']",78,87
Juanmi,Real Betis,LALIGA EA SPORTS,Spain,LM,"['ST', 'CAM', 'LW']",78,38
Brennan Johnson,Spurs,Premier League,Wales,RM,"['ST', 'RW']",78,16
Sam Johnstone,Wolves,Premier League,England,GK,,78,73
Joan Jordán,D. Alavés,LALIGA EA SPORTS,Spain,CM,['CDM'],78,88
Pierre Kalulu,Juventus,Serie A Enilive,France,CB,['RB'],78,18
Kevin Kampl,RB Leipzig,Bundesliga,Slovenia,CM,['CDM'],78,23
Rick Karsdorp,PSV,Eredivisie,Holland,RB,['RM'],78,50
Moise Kean,Fiorentina,Serie A Enilive,Italy,ST,,78,67
Gaëtan Laborde,OGC Nice,Ligue 1 McDonald's,France,RW,"['ST', 'RM']",78,63
Victor Lindelöf,Man Utd,Premier League,Sweden,CB,['LB'],78,15
Tino Livramento,Newcastle Utd,Premier League,England,RB,['LB'],78,21
Hirving Lozano,PSV,Eredivisie,Mexico,RW,"['LW', 'RM']",78,50
Matheus Nunes,Manchester City,Premier League,Portugal,CM,['LM'],78,2
Noni Madueke,Chelsea,Premier League,England,RM,['RW'],78,24
Joakim Mæhle,VfL Wolfsburg,Bundesliga,Denmark,RB,"['LB', 'RM']",78,62
Lovro Majer,VfL Wolfsburg,Bundesliga,Croatia,CM,['CAM'],78,62
Steve Mandanda,Stade Rennais FC,Ligue 1 McDonald's,France,GK,,78,86
Solly March,Brighton,Premier League,England,RM,"['LM', 'RW']",78,55
Konstantinos Mavropanos,West Ham,Premier League,Greece,CB,,78,35
Weston McKennie,Juventus,Serie A Enilive,United States,CM,['CDM'],78,18
Scott McTominay,SSC Napoli,Serie A Enilive,Scotland,CDM,['CM'],78,20
Ben Mee,Brentford,Premier League,England,CB,,78,70
Arthur Cabral,SL Benfica,Liga Portugal,Brazil,ST,,78,29
Moncayola,CA Osasuna,LALIGA EA SPORTS,Spain,CM,"['CDM', 'RB']",78,75
Mason Mount,Man Utd,Premier League,England,CM,['CAM'],78,15
Neto,Arsenal,Premier League,Brazil,GK,,78,4
Rodrigo Becão,Fenerbahçe,Trendyol Süper Lig,Brazil,CB,,78,30
Marcão,Sevilla FC,LALIGA EA SPORTS,Brazil,CB,,78,66
Wilfred Ndidi,Leicester City,Premier League,Nigeria,CDM,['CM'],78,85
Victor Nelsson,Galatasaray,Trendyol Süper Lig,Denmark,CB,,78,12
Saúl,Sevilla FC,LALIGA EA SPORTS,Spain,CM,['LM'],78,66
M'Bala Nzola,RC Lens,Ligue 1 McDonald's,Angola,ST,,78,45
Noah Okafor,AC Milan,Serie A Enilive,Switzerland,ST,"['LW', 'CAM']",78,14
Caio Henrique,AS Monaco,Ligue 1 McDonald's,Brazil,LB,['LM'],78,53
Amadou Onana,Aston Villa,Premier League,Belgium,CDM,['CM'],78,17
Alex Oxlade-Chamberlain,Beþiktaþ,Trendyol Süper Lig,England,CM,['CAM'],78,31
Willian Pacho,Paris SG,Ligue 1 McDonald's,Ecuador,CB,,78,5
Emerson,West Ham,Premier League,Italy,LB,,78,35
Leandro Paredes,AS Roma,Serie A Enilive,Argentina,CM,['CDM'],78,13
Pedraza,Villarreal CF,LALIGA EA SPORTS,Spain,LB,,78,32
Nicolas Pépé,Villarreal CF,LALIGA EA SPORTS,Côte d'Ivoire,RM,"['RW', 'ST']",78,32
Stefan Posch,Bologna,Serie A Enilive,Austria,RB,,78,52
Jacob Ramsey,Aston Villa,Premier League,England,LM,"['CM', 'RM', 'LW']",78,17
Giacomo Raspadori,SSC Napoli,Serie A Enilive,Italy,CAM,"['ST', 'LW']",78,20
Matheus Reis,Sporting CP,Liga Portugal,Brazil,CB,"['LB', 'LM']",78,26
Thierry Correia,Valencia CF,LALIGA EA SPORTS,Portugal,RB,['RM'],78,22
Guillaume Restes,Toulouse FC,Ligue 1 McDonald's,France,GK,,78,89
Diego Rico,Getafe CF,LALIGA EA SPORTS,Spain,LB,,78,59
Riquelme,Atlético de Madrid,LALIGA EA SPORTS,Spain,LM,"['LB', 'LW']",78,9
Marc Roca,Real Betis,LALIGA EA SPORTS,Spain,CDM,['CM'],78,38
Kirian,UD Las Palmas,LALIGA EA SPORTS,Spain,CM,"['CDM', 'CAM']",78,61
Nicolò Rovella,Lazio,Serie A Enilive,Italy,CM,['CDM'],78,34
Mathew Ryan,AS Roma,Serie A Enilive,Australia,GK,,78,13
Alexis Saelemaekers,AS Roma,Serie A Enilive,Belgium,LM,"['RM', 'RW', 'LW']",78,13
Giorgio Scalvini,Atalanta,Serie A Enilive,Italy,CB,,78,40
Marcos Senesi,AFC Bournemouth,Premier League,Argentina,CB,,78,64
Carlos Soler,West Ham,Premier League,Spain,CM,['CAM'],78,35
Djibril Sow,Sevilla FC,LALIGA EA SPORTS,Switzerland,CM,['CDM'],78,66
Çaðlar Söyüncü,Fenerbahçe,Trendyol Süper Lig,Turkey,CB,,78,30
Angelo Stiller,VfB Stuttgart,Bundesliga,Germany,CDM,['CM'],78,60
Nicolás Tagliafico,OL,Ligue 1 McDonald's,Argentina,LB,,78,43
Teddy Teuma,Stade de Reims,Ligue 1 McDonald's,Malta,CM,['CAM'],78,87
Jordan Teze,AS Monaco,Ligue 1 McDonald's,Holland,RB,['CB'],78,53
Malick Thiaw,AC Milan,Serie A Enilive,Germany,CB,,78,14
Khéphren Thuram,Juventus,Serie A Enilive,France,CM,['CDM'],78,18
Takehiro Tomiyasu,Arsenal,Premier League,Japan,RB,['LB'],78,4
Gernot Trauner,Feyenoord,Eredivisie,Austria,CB,,78,54
Trincão,Sporting CP,Liga Portugal,Portugal,RW,"['CAM', 'LW', 'RM']",78,26
Anatoliy Trubin,SL Benfica,Liga Portugal,Ukraine,GK,,78,29
Enes Ünal,AFC Bournemouth,Premier League,Turkey,ST,,78,64
Alan Varela,FC Porto,Liga Portugal,Argentina,CDM,['CM'],78,27
Matías Vecino,Lazio,Serie A Enilive,Uruguay,CM,['CDM'],78,34
Adam Wharton,Crystal Palace,Premier League,England,CDM,['CM'],78,51
Jonas Wind,VfL Wolfsburg,Bundesliga,Denmark,ST,['CAM'],78,62
Leny Yoro,Man Utd,Premier League,France,CB,,78,15
Nicolò Zaniolo,Atalanta,Serie A Enilive,Italy,RM,"['RW', 'ST']",78,40
Vincent Aboubakar,Beþiktaþ,Trendyol Süper Lig,Cameroon,ST,,77,31
Tyler Adams,AFC Bournemouth,Premier League,United States,CDM,['CM'],77,64
Yacine Adli,Fiorentina,Serie A Enilive,France,CDM,"['CM', 'CAM']",77,67
Emmanuel Agbadou,Stade de Reims,Ligue 1 McDonald's,Côte d'Ivoire,CB,,77,87
Agirrezabala,Athletic Club,LALIGA EA SPORTS,Spain,GK,,77,19
Ruben Aguilar,RC Lens,Ligue 1 McDonald's,France,RB,['RM'],77,45
Kerem Aktürkoðlu,SL Benfica,Liga Portugal,Turkey,LM,"['CAM', 'LW']",77,29
Omar Alderete,Getafe CF,LALIGA EA SPORTS,Paraguay,CB,,77,59
Gabriel Paulista,Beþiktaþ,Trendyol Süper Lig,Brazil,CB,,77,31
Loïc Badé,Sevilla FC,LALIGA EA SPORTS,France,CB,,77,66
Ridle Baku,VfL Wolfsburg,Bundesliga,Germany,RB,['RM'],77,62
Iván Balliu,Rayo Vallecano,LALIGA EA SPORTS,Albania,RB,,77,56
Folarin Balogun,AS Monaco,Ligue 1 McDonald's,United States,ST,,77,53
Jonathan Bamba,RC Celta,LALIGA EA SPORTS,Côte d'Ivoire,LM,"['CM', 'LW']",77,25
Igor Paixão,Feyenoord,Eredivisie,Brazil,LW,"['RW', 'CAM', 'LM']",77,54
Michy Batshuayi,Galatasaray,Trendyol Süper Lig,Belgium,ST,,77,12
Sam Beukema,Bologna,Serie A Enilive,Holland,CB,,77,52
Justin Bijlow,Feyenoord,Eredivisie,Holland,GK,,77,54
Philip Billing,AFC Bournemouth,Premier League,Denmark,CM,"['CAM', 'CDM']",77,64
Yann Aurel Bisseck,Inter,Serie A Enilive,Germany,CB,,77,7
Ludovic Blas,Stade Rennais FC,Ligue 1 McDonald's,France,RM,"['RW', 'CAM']",77,86
Jérémie Boga,OGC Nice,Ligue 1 McDonald's,Côte d'Ivoire,LW,"['ST', 'LM']",77,63
Willy Boly,Nott'm Forest,Premier League,Côte d'Ivoire,CB,,77,77
Santiago Bueno,Wolves,Premier League,Uruguay,CB,,77,73
Uðurcan Çakýr,Trabzonspor,Trendyol Süper Lig,Turkey,GK,,77,58
Dominic Calvert-Lewin,Everton,Premier League,England,ST,,77,33
Andrea Cambiaso,Juventus,Serie A Enilive,Italy,RB,"['LB', 'RM']",77,18
Gianluca Caprari,Monza,Serie A Enilive,Italy,CAM,['ST'],77,80
Gedson Fernandes,Beþiktaþ,Trendyol Süper Lig,Portugal,CM,"['CDM', 'CAM']",77,31
Tiago Santos,LOSC Lille,Ligue 1 McDonald's,Portugal,RB,,77,49
Nicolò Casale,Bologna,Serie A Enilive,Italy,CB,,77,52
Timothy Castagne,Fulham,Premier League,Belgium,RB,,77,44
Gaetano Castrovilli,Lazio,Serie A Enilive,Italy,CM,,77,34
Danilo Cataldi,Fiorentina,Serie A Enilive,Italy,CDM,['CM'],77,67
Julian Chabot,VfB Stuttgart,Bundesliga,Germany,CB,,77,60
Farès Chaïbi,Frankfurt,Bundesliga,Algeria,CAM,"['LW', 'ST']",77,46
Brendan Chardonnet,Stade Brestois 29,Ligue 1 McDonald's,France,CB,,77,74
Jasper Cillessen,UD Las Palmas,LALIGA EA SPORTS,Holland,GK,,77,61
Patrick Ciurria,Monza,Serie A Enilive,Italy,RM,"['LM', 'CAM', 'RW']",77,80
Levi Colwill,Chelsea,Premier League,England,CB,['LB'],77,24
Lewis Cook,AFC Bournemouth,Premier League,England,CDM,['CM'],77,64
Dodô,Fiorentina,Serie A Enilive,Brazil,RB,,77,67
Thijs Dallinga,Bologna,Serie A Enilive,Holland,ST,,77,52
Arnaut Danjuma,Girona FC,LALIGA EA SPORTS,Holland,ST,['LM'],77,36
Craig Dawson,Wolves,Premier League,England,CB,,77,73
De Frutos,Rayo Vallecano,LALIGA EA SPORTS,Spain,RM,"['LM', 'RW']",77,56
Vanderson,AS Monaco,Ligue 1 McDonald's,Brazil,RB,['RM'],77,53
Raúl De Tomás,Rayo Vallecano,LALIGA EA SPORTS,Spain,ST,,77,56
Bafodé Diakité,LOSC Lille,Ligue 1 McDonald's,France,CB,['RB'],77,49
Álvaro Djaló,Athletic Club,LALIGA EA SPORTS,Spain,RM,"['LM', 'CAM', 'RW']",77,19
Issa Diop,Fulham,Premier League,France,CB,,77,44
Yehvann Diouf,Stade de Reims,Ligue 1 McDonald's,France,GK,,77,87
Dakonam Djené,Getafe CF,LALIGA EA SPORTS,Togo,CB,"['CM', 'CDM']",77,59
Nicolás Domínguez,Nott'm Forest,Premier League,Argentina,CDM,['CM'],77,77
Igor,Brighton,Premier League,Brazil,CB,,77,55
Marvin Ducksch,SV Werder Bremen,Bundesliga,Germany,ST,,77,90
Breel Embolo,AS Monaco,Ligue 1 McDonald's,Switzerland,ST,,77,53
Angeliño,AS Roma,Serie A Enilive,Spain,LB,['LM'],77,13
?ukasz Fabia?ski,West Ham,Premier League,Poland,GK,,77,35
Romain Faivre,Stade Brestois 29,Ligue 1 McDonald's,France,RM,"['CAM', 'RW']",77,74
Ansu Fati,FC Barcelona,LALIGA EA SPORTS,Spain,CAM,"['LM', 'ST']",77,8
Aitor,CA Osasuna,LALIGA EA SPORTS,Spain,GK,,77,75
Jota Silva,Nott'm Forest,Premier League,Portugal,RM,"['ST', 'LM', 'RW']",77,77
Fábio Vieira,FC Porto,Liga Portugal,Portugal,CAM,['CM'],77,27
Patric,Lazio,Serie A Enilive,Spain,CB,,77,34
Matteo Gabbia,AC Milan,Serie A Enilive,Italy,CB,,77,14
Gonçalo Guedes,Wolves,Premier League,Portugal,ST,"['LW', 'LM']",77,73
Samuel Gigot,Lazio,Serie A Enilive,France,CB,,77,34
Angel Gomes,LOSC Lille,Ligue 1 McDonald's,England,CAM,"['CM', 'CDM']",77,49
Beto,Everton,Premier League,Portugal,ST,,77,33
Nico González,FC Porto,Liga Portugal,Spain,CDM,['CM'],77,27
Mert Günok,Beþiktaþ,Trendyol Süper Lig,Turkey,GK,,77,31
Quilindschy Hartman,Feyenoord,Eredivisie,Holland,LM,"['LB', 'LW']",77,54
Hans Hateboer,Stade Rennais FC,Ligue 1 McDonald's,Holland,RB,['RM'],77,86
Rico Henry,Brentford,Premier League,England,LB,,77,70
Callum Hudson-Odoi,Nott'm Forest,Premier League,England,LM,['LW'],77,77
Jonathan Ikoné,Fiorentina,Serie A Enilive,France,RW,['RM'],77,67
Ivan Ili?,Torino,Serie A Enilive,Serbia,CM,['CDM'],77,37
Alex Iwobi,Fulham,Premier League,Nigeria,RM,"['LM', 'CM', 'RW']",77,44
Mathias Jensen,Brentford,Premier League,Denmark,CM,['CDM'],77,70
Filip Jörgensen,Chelsea,Premier League,Denmark,GK,,77,24
João Pedro,Brighton,Premier League,Brazil,ST,"['CAM', 'LM']",77,55
Saša Kalajd?i?,Wolves,Premier League,Austria,ST,,77,73
Arnaud Kalimuendo,Stade Rennais FC,Ligue 1 McDonald's,France,ST,,77,86
Caoimhin Kelleher,Liverpool,Premier League,Republic of Ireland,GK,,77,6
Milos Kerkez,AFC Bournemouth,Premier League,Hungary,LB,,77,64
Maximilian Kilman,West Ham,Premier League,England,CB,,77,35
Tim Kleindienst,M'gladbach,Bundesliga,Germany,ST,,77,79
Justin Kluivert,AFC Bournemouth,Premier League,Holland,CAM,['LM'],77,64
Ladislav Krej?í,Girona FC,LALIGA EA SPORTS,Czech Republic,CB,"['CDM', 'CM']",77,36
Enzo Le Fée,AS Roma,Serie A Enilive,France,CM,['CAM'],77,13
Benjamin Lecomte,Montpellier,Ligue 1 McDonald's,France,GK,,77,71
Florian Lejeune,Rayo Vallecano,LALIGA EA SPORTS,France,CB,,77,56
Lekue,Athletic Club,LALIGA EA SPORTS,Spain,RB,['LB'],77,19
Diego Llorente,Real Betis,LALIGA EA SPORTS,Spain,CB,,77,38
Bradley Locko,Stade Brestois 29,Ligue 1 McDonald's,France,LB,,77,74
Lucas Beraldo,Paris SG,Ligue 1 McDonald's,Brazil,CB,['LB'],77,5
Jhon Lucumí,Bologna,Serie A Enilive,Colombia,CB,,77,52
Sebastiano Luperto,Cagliari,Serie A Enilive,Italy,CB,,77,91
André Horta,SC Braga,Liga Portugal,Portugal,CM,['CDM'],77,48
Renato Sanches,SL Benfica,Liga Portugal,Portugal,CM,['CDM'],77,29
Darwin Machís,R. Valladolid CF,LALIGA EA SPORTS,Venezuela,LM,"['RM', 'LW']",77,92
Kobbie Mainoo,Man Utd,Premier League,England,CDM,['CM'],77,15
Rados?aw Majecki,AS Monaco,Ligue 1 McDonald's,Poland,GK,,77,53
Ruslan Malinovskyi,Genoa,Serie A Enilive,Ukraine,CM,['CAM'],77,93
Rolando Mandragora,Fiorentina,Serie A Enilive,Italy,CDM,['CM'],77,67
Guillermo Maripán,Torino,Serie A Enilive,Chile,CB,,77,37
Lucas Martínez Quarta,Fiorentina,Serie A Enilive,Argentina,CB,,77,67
Antony,Man Utd,Premier League,Brazil,RM,['RW'],77,15
Dwight McNeil,Everton,Premier League,England,LM,['LW'],77,33
Georges Mikautadze,OL,Ligue 1 McDonald's,Georgia,ST,,77,43
Vanja Milinkovi?-Savi?,Torino,Serie A Enilive,Serbia,GK,,77,37
Luis Milla,Getafe CF,LALIGA EA SPORTS,Spain,CM,['CDM'],77,59
Enzo Millot,VfB Stuttgart,Bundesliga,France,CAM,['CM'],77,60
Rafa Mir,Valencia CF,LALIGA EA SPORTS,Spain,ST,,77,22
Tyrick Mitchell,Crystal Palace,Premier League,England,LB,,77,51
Terem Moffi,OGC Nice,Ligue 1 McDonald's,Nigeria,ST,['RW'],77,63
Johan Mojica,RCD Mallorca,LALIGA EA SPORTS,Colombia,LB,['LM'],77,41
Moleiro,UD Las Palmas,LALIGA EA SPORTS,Spain,LM,"['CM', 'CAM', 'LW']",77,61
Lorenzo Montipò,Hellas Verona,Serie A Enilive,Italy,GK,,77,94
Endrick,Real Madrid,LALIGA EA SPORTS,Brazil,ST,['RW'],77,1
Mosquera,Valencia CF,LALIGA EA SPORTS,Spain,CB,,77,22
Youssoufa Moukoko,OGC Nice,Ligue 1 McDonald's,Germany,ST,,77,63
João Moutinho,SC Braga,Liga Portugal,Portugal,CM,"['CAM', 'CDM']",77,48
Mykhailo Mudryk,Chelsea,Premier League,Ukraine,LM,['LW'],77,24
Vitaliy Mykolenko,Everton,Premier League,Ukraine,LB,,77,33
Wendell,FC Porto,Liga Portugal,Brazil,LB,,77,27
Evan Ndicka,AS Roma,Serie A Enilive,Côte d'Ivoire,CB,,77,13
João Mário,FC Porto,Liga Portugal,Portugal,RB,,77,27
Felix Nmecha,Borussia Dortmund,Bundesliga,Germany,CM,"['LM', 'CDM']",77,11
Lukas Nmecha,VfL Wolfsburg,Bundesliga,Germany,ST,,77,62
Christian Nørgaard,Brentford,Premier League,Denmark,CDM,['CM'],77,70
Unai Núñez,Athletic Club,LALIGA EA SPORTS,Spain,CB,,77,19
Mathías Olivera,SSC Napoli,Serie A Enilive,Uruguay,LB,,77,20
Aitor Paredes,Athletic Club,LALIGA EA SPORTS,Spain,CB,,77,19
Kalvin Phillips,Ipswich,Premier League,England,CDM,['CM'],77,95
Alassane Plea,M'gladbach,Bundesliga,France,ST,"['CAM', 'LM']",77,79
Yussuf Poulsen,RB Leipzig,Bundesliga,Denmark,ST,,77,23
Puado,RCD Espanyol,LALIGA EA SPORTS,Spain,LM,"['ST', 'RM', 'LW']",77,96
Arthur,Juventus,Serie A Enilive,Brazil,CDM,['CM'],77,18
Reguilón,Spurs,Premier League,Spain,LB,,77,16
André Almeida,Valencia CF,LALIGA EA SPORTS,Portugal,CM,['CAM'],77,22
Samuele Ricci,Torino,Serie A Enilive,Italy,CDM,['CM'],77,37
Ricardo Rodríguez,Real Betis,LALIGA EA SPORTS,Switzerland,CB,"['LM', 'LB']",77,38
Youssouf Sabaly,Real Betis,LALIGA EA SPORTS,Senegal,RB,['LB'],77,38
Umar Sadiq,Real Sociedad,LALIGA EA SPORTS,Nigeria,ST,,77,28
Matvey Safonov,Paris SG,Ligue 1 McDonald's,Russia,GK,,77,5
Roland Sallai,SC Freiburg,Bundesliga,Hungary,RM,"['ST', 'CAM', 'RW']",77,42
Antonio Sanabria,Torino,Serie A Enilive,Paraguay,ST,,77,37
Ibrahim Sangaré,Nott'm Forest,Premier League,Côte d'Ivoire,CDM,['CM'],77,77
Baptiste Santamaria,Stade Rennais FC,Ligue 1 McDonald's,France,CDM,['CM'],77,86
Daniel Bragança,Sporting CP,Liga Portugal,Portugal,CM,"['CDM', 'CAM']",77,26
Pablo Sarabia,Wolves,Premier League,Spain,CAM,['RW'],77,73
Nicolas Seiwald,RB Leipzig,Bundesliga,Austria,CDM,['CM'],77,23
Matz Sels,Nott'm Forest,Premier League,Belgium,GK,,77,77
Suat Serdar,Hellas Verona,Serie A Enilive,Germany,CM,['CDM'],77,94
Giovanni Simeone,SSC Napoli,Serie A Enilive,Argentina,ST,,77,20
Luis Sinisterra,AFC Bournemouth,Premier League,Colombia,LM,"['RM', 'LW']",77,64
Oliver Skipp,Leicester City,Premier League,England,CDM,['CM'],77,85
Emile Smith Rowe,Fulham,Premier League,England,LM,"['CAM', 'LW']",77,44
Florian Sotoca,RC Lens,Ligue 1 McDonald's,France,ST,,77,45
Matías Soulé,AS Roma,Serie A Enilive,Argentina,RM,"['RW', 'CAM']",77,13
Marco Sportiello,AC Milan,Serie A Enilive,Italy,GK,,77,14
Jeremiah St. Juste,Sporting CP,Liga Portugal,Holland,CB,['RB'],77,26
Anton Stach,TSG Hoffenheim,Bundesliga,Germany,CM,"['CDM', 'CAM']",77,39
Josip Staniši?,FC Bayern München,Bundesliga,Croatia,RB,['CB'],77,3
Calvin Stengs,Feyenoord,Eredivisie,Holland,CAM,['RW'],77,54
Kevin Stöger,M'gladbach,Bundesliga,Austria,CAM,['CM'],77,79
Yukinari Sugawara,Southampton,Premier League,Japan,RB,,77,57
Josip Šutalo,Ajax,Eredivisie,Croatia,CB,,77,68
Mattias Svanberg,VfL Wolfsburg,Bundesliga,Sweden,CM,['CDM'],77,62
Mathys Tel,FC Bayern München,Bundesliga,France,ST,"['LM', 'RM']",77,3
Arthur Theate,Frankfurt,Bundesliga,Belgium,CB,,77,46
Malik Tillman,PSV,Eredivisie,United States,CAM,"['LW', 'CM']",77,50
Lucas Torró,CA Osasuna,LALIGA EA SPORTS,Spain,CDM,['CM'],77,75
Óscar Trejo,Rayo Vallecano,LALIGA EA SPORTS,Argentina,CAM,['ST'],77,56
Adrien Truffert,Stade Rennais FC,Ligue 1 McDonald's,France,LB,['LM'],77,86
Konstantinos Tsimikas,Liverpool,Premier League,Greece,LB,,77,6
Bruma,SC Braga,Liga Portugal,Portugal,LM,"['CAM', 'RW', 'LW']",77,48
Martin Valjent,RCD Mallorca,LALIGA EA SPORTS,Slovakia,CB,,77,41
Sepp van den Berg,Brentford,Premier League,Holland,CB,,77,70
Jamie Vardy,Leicester City,Premier League,England,ST,,77,85
Vesga,Athletic Club,LALIGA EA SPORTS,Spain,CM,['CDM'],77,19
Elye Wahi,OM,Ligue 1 McDonald's,France,ST,,77,69
Wout Weghorst,Ajax,Eredivisie,Holland,ST,,77,68
Mitchell Weiser,SV Werder Bremen,Bundesliga,Germany,RB,['RM'],77,90
Joe Willock,Newcastle Utd,Premier League,England,CM,['CAM'],77,21
Patrick Wimmer,VfL Wolfsburg,Bundesliga,Austria,RM,"['ST', 'RW']",77,62
Ýsmail Yüksek,Fenerbahçe,Trendyol Süper Lig,Turkey,CDM,['CM'],77,30
Illia Zabarnyi,AFC Bournemouth,Premier League,Ukraine,CB,,77,64
Dan-Axel Zagadou,VfB Stuttgart,Bundesliga,France,CB,,77,60
Nicola Zalewski,AS Roma,Serie A Enilive,Poland,LM,"['LB', 'RM', 'LW']",77,13
Simon Adingra,Brighton,Premier League,Côte d'Ivoire,RM,"['LM', 'RW']",76,55
Michel Aebischer,Bologna,Serie A Enilive,Switzerland,CM,"['CDM', 'RM']",76,52
Kristoffer Ajer,Brentford,Premier League,Norway,CB,['RB'],76,70
Maghnes Akliouche,AS Monaco,Ligue 1 McDonald's,France,RM,"['CAM', 'RW']",76,53
Chuba Akpom,Ajax,Eredivisie,England,ST,['CAM'],76,68
Stephen Eustáquio,FC Porto,Liga Portugal,Canada,CDM,['CM'],76,27
Taiwo Awoniyi,Nott'm Forest,Premier League,Nigeria,ST,,76,77
Hernani,Parma,Serie A Enilive,Brazil,CDM,['CM'],76,97
Eric Bailly,Villarreal CF,LALIGA EA SPORTS,Côte d'Ivoire,CB,,76,32
Tommaso Baldanzi,AS Roma,Serie A Enilive,Italy,CAM,['ST'],76,13
Enis Bardhi,Trabzonspor,Trendyol Süper Lig,North Macedonia,CAM,"['CM', 'LM']",76,58
Leandro Barreiro Martins,SL Benfica,Liga Portugal,Luxembourg,CM,['CDM'],76,29
Pablo Barrios,Atlético de Madrid,LALIGA EA SPORTS,Spain,CM,['CDM'],76,9
Federico Baschirotto,Lecce,Serie A Enilive,Italy,CB,,76,65
Calvin Bassey,Fulham,Premier League,Nigeria,CB,,76,44
Augusto Batalla,Rayo Vallecano,LALIGA EA SPORTS,Argentina,GK,,76,56
Altay Bayýndýr,Man Utd,Premier League,Turkey,GK,,76,15
Ihlas Bebou,TSG Hoffenheim,Bundesliga,Togo,ST,"['RM', 'RW']",76,39
Sheraldo Becker,Real Sociedad,LALIGA EA SPORTS,Suriname,ST,['RM'],76,28
Raoul Bellanova,Atalanta,Serie A Enilive,Italy,RB,['RM'],76,40
Héctor Bellerín,Real Betis,LALIGA EA SPORTS,Spain,RB,,76,38
Sander Berge,Fulham,Premier League,Norway,CM,['CDM'],76,44
Hicham Boudaoui,OGC Nice,Ligue 1 McDonald's,Algeria,CM,['CDM'],76,63
Josip Brekalo,Kasýmpaþa,Trendyol Süper Lig,Croatia,CAM,"['LW', 'RW']",76,84
Jonathan Burkardt,1. FSV Mainz 05,Bundesliga,Germany,ST,,76,83
Rémy Cabella,LOSC Lille,Ligue 1 McDonald's,France,CAM,['LM'],76,49
Mahdi Camara,Stade Brestois 29,Ligue 1 McDonald's,France,CM,['CAM'],76,74
Franco Cervi,RC Celta,LALIGA EA SPORTS,Argentina,LM,"['RM', 'LW']",76,25
Pedro Chirivella,FC Nantes,Ligue 1 McDonald's,Spain,CDM,['CM'],76,98
Ryan Christie,AFC Bournemouth,Premier League,Scotland,CM,['CDM'],76,64
Geny Catamo,Sporting CP,Liga Portugal,Mozambique,RM,"['RB', 'RW']",76,26
Davidson,Baþakþehir,Trendyol Süper Lig,Brazil,LW,['LM'],76,99
Mahmoud Dahoud,Frankfurt,Bundesliga,Germany,CM,['CDM'],76,46
Ben Davies,Spurs,Premier League,Wales,CB,['LB'],76,16
Leif Davis,Ipswich,Premier League,England,LB,,76,95
Mattia De Sciglio,Empoli,Serie A Enilive,Italy,RB,['LB'],76,100
Johnny Cardoso,Real Betis,LALIGA EA SPORTS,United States,CDM,['CM'],76,38
Alexsandro,LOSC Lille,Ligue 1 McDonald's,Brazil,CB,,76,49
Zeno Debast,Sporting CP,Liga Portugal,Belgium,CB,,76,26
Mouctar Diakhaby,Valencia CF,LALIGA EA SPORTS,Guinea,CB,,76,22
Junior Dina Ebimbe,Frankfurt,Bundesliga,France,RM,"['CM', 'RB', 'RW']",76,46
Eren Dinkçi,SC Freiburg,Bundesliga,Germany,RM,['RW'],76,42
Sofiane Diop,OGC Nice,Ligue 1 McDonald's,Morocco,LW,"['CAM', 'LM']",76,63
Désiré Doué,Paris SG,Ligue 1 McDonald's,France,LM,"['CM', 'LW']",76,5
Martin Dúbravka,Newcastle Utd,Premier League,Slovakia,GK,,76,21
Chidera Ejuke,Sevilla FC,LALIGA EA SPORTS,Nigeria,LM,"['RM', 'LW']",76,66
Hugo Ekitike,Frankfurt,Bundesliga,France,ST,,76,46
Bilal El Khannouss,Leicester City,Premier League,Morocco,CAM,['CM'],76,85
Anthony Elanga,Nott'm Forest,Premier League,Sweden,RM,"['LM', 'RW']",76,77
Nico Elvedi,M'gladbach,Bundesliga,Switzerland,CB,,76,79
Tiago Djaló,FC Porto,Liga Portugal,Portugal,CB,,76,27
Wout Faes,Leicester City,Premier League,Belgium,CB,,76,85
Nicolò Fagioli,Juventus,Serie A Enilive,Italy,CDM,['CM'],76,18
Abdul Fatawu,Leicester City,Premier League,Ghana,RW,['RM'],76,85
Valery,RCD Mallorca,LALIGA EA SPORTS,Spain,LM,"['RM', 'LB', 'LW']",76,41
Jordan Ferri,Montpellier,Ligue 1 McDonald's,France,CDM,['CM'],76,71
Alessandro Florenzi,AC Milan,Serie A Enilive,Italy,RB,['LB'],76,14
Michael Folorunsho,SSC Napoli,Serie A Enilive,Italy,CAM,['CM'],76,20
Pablo Fornals,Real Betis,LALIGA EA SPORTS,Spain,LM,"['CAM', 'RM', 'LW']",76,38
Morten Frendrup,Genoa,Serie A Enilive,Denmark,CM,['CDM'],76,93
Joan García,RCD Espanyol,LALIGA EA SPORTS,Spain,GK,,76,96
Yannick Gerhardt,VfL Wolfsburg,Bundesliga,Germany,CM,"['LM', 'CDM']",76,62
Bryan Gil,Girona FC,LALIGA EA SPORTS,Spain,LM,"['RM', 'LW']",76,36
Mario Gila,Lazio,Serie A Enilive,Spain,CB,,76,34
Adrià Pedrosa,Sevilla FC,LALIGA EA SPORTS,Spain,LB,,76,66
Pierluigi Gollini,Genoa,Serie A Enilive,Italy,GK,,76,93
Toti,Wolves,Premier League,Portugal,CB,['LB'],76,73
Gabriel Sara,Galatasaray,Trendyol Süper Lig,Brazil,CM,"['CAM', 'RM']",76,12
Gorosabel,Athletic Club,LALIGA EA SPORTS,Spain,RB,,76,19
Jeffrey Gouweleeuw,FC Augsburg,Bundesliga,Holland,CB,,76,101
Idrissa Gueye,Everton,Premier League,Senegal,CDM,['CM'],76,33
Robin Hack,M'gladbach,Bundesliga,Germany,LM,"['ST', 'LW']",76,79
Andreas Hanche-Olsen,1. FSV Mainz 05,Bundesliga,Norway,CB,,76,83
Amine Harit,OM,Ligue 1 McDonald's,Morocco,CM,['CAM'],76,69
Jack Harrison,Everton,Premier League,England,RM,"['CAM', 'RW']",76,33
Guilherme Sityá,Konyaspor,Trendyol Süper Lig,Brazil,LB,['LM'],76,102
Mads Hermansen,Leicester City,Premier League,Denmark,GK,,76,85
Aridane,Rayo Vallecano,LALIGA EA SPORTS,Spain,CB,,76,56
Aaron Hickey,Brentford,Premier League,Scotland,RB,['LB'],76,70
Adam Hlo?ek,TSG Hoffenheim,Bundesliga,Czech Republic,ST,['CAM'],76,39
Gustav Isaksen,Lazio,Serie A Enilive,Denmark,RW,"['LW', 'ST', 'RM']",76,34
Ko Itakura,M'gladbach,Bundesliga,Japan,CB,['CDM'],76,79
Luka Ivanušec,Feyenoord,Eredivisie,Croatia,LW,"['CAM', 'LM']",76,54
Mauro Júnior,PSV,Eredivisie,Brazil,LB,"['CM', 'RB']",76,50
Vitaly Janelt,Brentford,Premier League,Germany,CM,"['CDM', 'LB']",76,70
Adnan Januzaj,UD Las Palmas,LALIGA EA SPORTS,Belgium,RW,"['LW', 'RM']",76,61
Josip Juranovi?,Union Berlin,Bundesliga,Croatia,RB,['LB'],76,82
Ozan Kabak,TSG Hoffenheim,Bundesliga,Turkey,CB,,76,39
Pavel Kade?ábek,TSG Hoffenheim,Bundesliga,Czech Republic,RB,['RM'],76,39
Jesper Karlsson,Bologna,Serie A Enilive,Sweden,LW,['LM'],76,52
Thilo Kehrer,AS Monaco,Ligue 1 McDonald's,Germany,CB,['RB'],76,53
Ryan Kent,Fenerbahçe,Trendyol Süper Lig,England,LW,"['CAM', 'RW', 'LM']",76,30
Jakub Kiwior,Arsenal,Premier League,Poland,LB,['CB'],76,4
Ansgar Knauff,Frankfurt,Bundesliga,Germany,RM,"['LM', 'CAM', 'RW']",76,46
Kouadio Manu Koné,AS Roma,Serie A Enilive,France,CM,['CDM'],76,13
Christian Kouamé,Fiorentina,Serie A Enilive,Côte d'Ivoire,ST,"['LW', 'RW']",76,67
Mat?j Ková?,Leverkusen,Bundesliga,Czech Republic,GK,,76,10
Rasmus Kristensen,Frankfurt,Bundesliga,Denmark,RB,['CB'],76,46
Maxence Lacroix,Crystal Palace,Premier League,France,CB,,76,51
Alban Lafont,FC Nantes,Ligue 1 McDonald's,France,GK,,76,98
Kenny Lala,Stade Brestois 29,Ligue 1 McDonald's,France,RB,,76,74
Lee Jae Sung,1. FSV Mainz 05,Bundesliga,Korea Republic,CAM,['CM'],76,83
Emerson Royal,AC Milan,Serie A Enilive,Brazil,RB,['CB'],76,14
Clément Lenglet,Atlético de Madrid,LALIGA EA SPORTS,France,CB,,76,9
Rico Lewis,Manchester City,Premier League,England,RB,['CDM'],76,2
Sean Longstaff,Newcastle Utd,Premier League,England,CM,['CDM'],76,21
Fermín,FC Barcelona,LALIGA EA SPORTS,Spain,CM,"['LW', 'CAM']",76,8
Diego López,Valencia CF,LALIGA EA SPORTS,Spain,LM,"['RM', 'CAM', 'LW']",76,22
Deiver Machado,RC Lens,Ligue 1 McDonald's,Colombia,LB,['LM'],76,45
Tiago Silva,Vitória SC,Liga Portugal,Portugal,CM,['CAM'],76,103
Arne Maier,FC Augsburg,Bundesliga,Germany,CM,"['RM', 'CDM']",76,101
Patrick Mainka,Heidenheim,Bundesliga,Germany,CB,,76,104
Tyrell Malacia,Man Utd,Premier League,Holland,LB,,76,15
Rey Manaj,Sivasspor,Trendyol Süper Lig,Albania,ST,,76,105
Aïssa Mandi,LOSC Lille,Ligue 1 McDonald's,Algeria,CB,['RB'],76,49
Orel Mangala,Everton,Premier League,Belgium,CM,['CDM'],76,33
Marcano,FC Porto,Liga Portugal,Spain,CB,,76,27
Mika Mármol,UD Las Palmas,LALIGA EA SPORTS,Spain,CB,,76,61
Óscar Valentín,Rayo Vallecano,LALIGA EA SPORTS,Spain,CDM,['CM'],76,56
Arthur Masuaku,Beþiktaþ,Trendyol Süper Lig,Congo DR,LB,,76,31
Clinton Mata,OL,Ligue 1 McDonald's,Angola,RB,['CB'],76,43
Azor Matusiwa,Stade Rennais FC,Ligue 1 McDonald's,Holland,CDM,['CM'],76,86
Stephy Mavididi,Leicester City,Premier League,England,LW,['LM'],76,85
Quentin Merlin,OM,Ligue 1 McDonald's,France,LB,['LM'],76,69
Thomas Meunier,LOSC Lille,Ligue 1 McDonald's,Belgium,RB,['RM'],76,49
Yerry Mina,Cagliari,Serie A Enilive,Colombia,CB,,76,91
Miranda,Bologna,Serie A Enilive,Spain,LB,,76,52
Gonzalo Montiel,Sevilla FC,LALIGA EA SPORTS,Argentina,RB,,76,66
Alberto Moreno,Como,Serie A Enilive,Spain,LB,,76,47
Sam Morsy,Ipswich,Premier League,Egypt,CDM,['CM'],76,95
Dany Mota,Monza,Serie A Enilive,Portugal,ST,"['CAM', 'LM']",76,80
Steve Mounié,FC Augsburg,Bundesliga,Benin,ST,,76,101
Marshall Munetsi,Stade de Reims,Ligue 1 McDonald's,Zimbabwe,CM,['CAM'],76,87
Jacob Murphy,Newcastle Utd,Premier League,England,RW,['RM'],76,21
Fran Navarro,FC Porto,Liga Portugal,Spain,ST,,76,27
Youssouf Ndayishimiye,OGC Nice,Ligue 1 McDonald's,Burundi,CDM,"['CM', 'CB']",76,63
Tanguy Ndombele,OGC Nice,Ligue 1 McDonald's,France,CM,['CDM'],76,63
Florian Neuhaus,M'gladbach,Bundesliga,Germany,CM,['CAM'],76,79
Sikou Niakaté,SC Braga,Liga Portugal,Mali,CB,['LB'],76,48
Moussa Niakhaté,OL,Ligue 1 McDonald's,Senegal,CB,,76,43
Rasmus Nicolaisen,Toulouse FC,Ligue 1 McDonald's,Denmark,CB,,76,89
Eddie Nketiah,Crystal Palace,Premier League,England,ST,,76,51
Anthony Nwakaeme,Trabzonspor,Trendyol Süper Lig,Nigeria,ST,['LW'],76,58
Ørjan Nyland,Sevilla FC,LALIGA EA SPORTS,Norway,GK,,76,66
Odriozola,Real Sociedad,LALIGA EA SPORTS,Spain,RB,,76,28
Nick Olij,Sparta Rotterdam,Eredivisie,Holland,GK,,76,106
Paul Ebere Onuachu,Southampton,Premier League,Nigeria,ST,,76,57
Bright Osayi-Samuel,Fenerbahçe,Trendyol Süper Lig,Nigeria,RB,['RM'],76,30
Salih Özcan,VfL Wolfsburg,Bundesliga,Turkey,CDM,['CM'],76,62
Fabiano Parisi,Fiorentina,Serie A Enilive,Italy,LB,['RB'],76,67
Strahinja Pavlovi?,AC Milan,Serie A Enilive,Serbia,CB,,76,14
Carles Pérez,Getafe CF,LALIGA EA SPORTS,Spain,RM,"['CAM', 'RW']",76,59
Portu,Girona FC,LALIGA EA SPORTS,Spain,RM,"['LM', 'RW']",76,36
Beñat Prados,Athletic Club,LALIGA EA SPORTS,Spain,CM,"['CDM', 'CB']",76,19
Grischa Prömel,TSG Hoffenheim,Bundesliga,Germany,CM,['CDM'],76,39
Eduardo Quaresma,Sporting CP,Liga Portugal,Portugal,CB,['RB'],76,26
Raíllo,RCD Mallorca,LALIGA EA SPORTS,Spain,CB,,76,41
Pepe Reina,Como,Serie A Enilive,Spain,GK,,76,47
Luiz Júnior,Villarreal CF,LALIGA EA SPORTS,Brazil,GK,,76,32
Mateo Retegui,Atalanta,Serie A Enilive,Italy,ST,,76,40
Chris Richards,Crystal Palace,Premier League,United States,CB,['CDM'],76,51
Manuel Riemann,VfL Bochum 1848,Bundesliga,Germany,GK,,76,107
Igor Thiago,Brentford,Premier League,Brazil,ST,,76,70
Morato,Nott'm Forest,Premier League,Brazil,CB,['LB'],76,77
Pedro,Lazio,Serie A Enilive,Spain,RW,"['LW', 'RM']",76,34
Dani Rodríguez,RCD Mallorca,LALIGA EA SPORTS,Spain,LM,"['RM', 'CM', 'LW']",76,41
Vitor Roque,Real Betis,LALIGA EA SPORTS,Brazil,ST,"['RW', 'LW']",76,38
Daniele Rugani,Ajax,Eredivisie,Italy,CB,,76,68
Aitor Ruibal,Real Betis,LALIGA EA SPORTS,Spain,RB,"['RM', 'LM']",76,38
Abel Ruiz,Girona FC,LALIGA EA SPORTS,Spain,ST,['LM'],76,36
Michal Sadílek,FC Twente,Eredivisie,Czech Republic,CDM,['CM'],76,72
Ismael Saibari,PSV,Eredivisie,Morocco,CAM,"['CM', 'RW']",76,50
Mohammed Salisu,AS Monaco,Ligue 1 McDonald's,Ghana,CB,,76,53
Philippe Sandler,N.E.C. Nijmegen,Eredivisie,Holland,CB,,76,108
Morgan Sanson,OGC Nice,Ligue 1 McDonald's,France,CM,['CAM'],76,63
Danilo,Nott'm Forest,Premier League,Brazil,CDM,['CM'],76,77
Ismaïla Sarr,Crystal Palace,Premier League,Senegal,RW,"['RM', 'LM']",76,51
Antoine Semenyo,AFC Bournemouth,Premier League,Ghana,RM,"['LM', 'RW']",76,64
Tuta,Frankfurt,Bundesliga,Brazil,CB,,76,46
Moses Simon,FC Nantes,Ligue 1 McDonald's,Nigeria,LM,"['LW', 'ST']",76,98
Riccardo Sottil,Fiorentina,Serie A Enilive,Italy,LW,['LM'],76,67
Gabriel Strefezza,Como,Serie A Enilive,Brazil,RW,['RM'],76,47
Cristhian Stuani,Girona FC,LALIGA EA SPORTS,Uruguay,ST,,76,36
Alex Suárez,UD Las Palmas,LALIGA EA SPORTS,Spain,CB,['RB'],76,61
Crysencio Summerville,West Ham,Premier League,Holland,LM,"['RM', 'LW']",76,35
Adrien Tameze,Torino,Serie A Enilive,France,CB,"['CDM', 'CM']",76,37
Marcus Tavernier,AFC Bournemouth,Premier League,England,LM,"['RM', 'LW']",76,64
Nathan Tella,Leverkusen,Bundesliga,Nigeria,RM,"['LM', 'CAM', 'RW']",76,10
Kenny Tete,Fulham,Premier League,Holland,RB,,76,44
Corentin Tolisso,OL,Ligue 1 McDonald's,France,CM,['CDM'],76,43
Lucas Tousart,Union Berlin,Bundesliga,France,CDM,['CM'],76,82
Bertrand Traoré,Ajax,Eredivisie,Burkina Faso,RW,['RM'],76,68
Cengiz Ünder,Fenerbahçe,Trendyol Süper Lig,Turkey,RW,['RM'],76,30
Branco van den Boomen,Ajax,Eredivisie,Holland,CM,['CDM'],76,68
Jan Paul van Hecke,Brighton,Premier League,Holland,CB,,76,55
Joël Veltman,Brighton,Premier League,Holland,RB,['CB'],76,55
Bart Verbruggen,Brighton,Premier League,Holland,GK,,76,55
Arthur Vermeeren,RB Leipzig,Bundesliga,Belgium,CDM,['CM'],76,23
Jannik Vestergaard,Leicester City,Premier League,Denmark,CB,,76,85
Kevin Volland,Union Berlin,Bundesliga,Germany,ST,['CAM'],76,82
Kyle Walker-Peters,Southampton,Premier League,England,RB,,76,57
Adam Webster,Brighton,Premier League,England,CB,,76,55
Danny Welbeck,Brighton,Premier League,England,ST,,76,55
Timon Wellenreuther,Feyenoord,Eredivisie,Germany,GK,,76,54
Neco Williams,Nott'm Forest,Premier League,Wales,RB,,76,77
Harry Winks,Leicester City,Premier League,England,CDM,['CM'],76,85
Chris Wood,Nott'm Forest,Premier League,New Zealand,ST,,76,77
Zaydou Youssouf,FC Famalicão,Liga Portugal,France,CM,['CDM'],76,109
Rodrigo Zalazar,SC Braga,Liga Portugal,Uruguay,CM,"['CAM', 'CDM']",76,48
Michael Zetterer,SV Werder Bremen,Bundesliga,Germany,GK,,76,90
Yunis Abdelhamid,AS Saint-Étienne,Ligue 1 McDonald's,Morocco,CB,,75,110
Zakaria Aboukhlal,Toulouse FC,Ligue 1 McDonald's,Morocco,RM,"['ST', 'RW']",75,89
Ché Adams,Torino,Serie A Enilive,Scotland,ST,,75,37
Ola Aina,Nott'm Forest,Premier League,Nigeria,LB,,75,77
Musa Al Tamari,Montpellier,Ligue 1 McDonald's,Jordan,RM,"['LM', 'ST', 'RW']",75,71
Juan Cruz,CA Osasuna,LALIGA EA SPORTS,Spain,LB,['CB'],75,75
Samu,Vitória SC,Liga Portugal,Portugal,CM,['CAM'],75,103
Mohamed Amoura,VfL Wolfsburg,Bundesliga,Algeria,ST,['RM'],75,62
Elliot Anderson,Nott'm Forest,Premier League,England,CM,['LW'],75,77
Cameron Archer,Southampton,Premier League,England,ST,,75,57
Copete,RCD Mallorca,LALIGA EA SPORTS,Spain,CB,,75,41
Adam Armstrong,Southampton,Premier League,England,ST,['RW'],75,57
Kristjan Asllani,Inter,Serie A Enilive,Albania,CDM,['CM'],75,7
Jordan Ayew,Leicester City,Premier League,Ghana,RW,"['RM', 'LW']",75,85
Kaan Ayhan,Galatasaray,Trendyol Süper Lig,Turkey,RB,"['CB', 'CDM']",75,12
Cédric Bakambu,Real Betis,LALIGA EA SPORTS,Congo DR,ST,,75,38
Dilane Bakwa,Strasbourg,Ligue 1 McDonald's,France,RM,['RW'],75,81
Kike Barja,CA Osasuna,LALIGA EA SPORTS,Spain,RM,"['LM', 'RW']",75,75
Barrenetxea,Real Sociedad,LALIGA EA SPORTS,Spain,LW,"['RW', 'LM']",75,28
Riechedly Bazoer,AZ,Eredivisie,Holland,CB,['CDM'],75,76
Jean-Ricner Bellegarde,Wolves,Premier League,France,CM,"['CDM', 'LW']",75,73
Lucas Beltrán,Fiorentina,Serie A Enilive,Argentina,ST,['CAM'],75,67
Adrián Bernabé,Parma,Serie A Enilive,Spain,CAM,"['CM', 'CDM']",75,97
Juan Bernat,Villarreal CF,LALIGA EA SPORTS,Spain,LB,,75,32
Jaka Bijol,Udinese,Serie A Enilive,Slovenia,CB,,75,111
Conor Bradley,Liverpool,Premier League,Northern Ireland,RB,,75,6
Marius Bülter,TSG Hoffenheim,Bundesliga,Germany,LM,"['ST', 'LW']",75,39
Jamie Bynoe-Gittens,Borussia Dortmund,Bundesliga,England,LM,['LW'],75,11
Tom Cairney,Fulham,Premier League,Scotland,CM,"['CDM', 'CAM']",75,44
Duje ?aleta-Car,OL,Ligue 1 McDonald's,Croatia,CB,,75,43
Sergi Cardona,Villarreal CF,LALIGA EA SPORTS,Spain,LB,['LM'],75,32
Vitinha,Genoa,Serie A Enilive,Portugal,ST,,75,93
Jean-Charles Castelletto,FC Nantes,Ligue 1 McDonald's,Cameroon,CB,,75,98
Ricardo Batista,Casa Pia AC,Liga Portugal,Portugal,GK,,75,112
Zeki Çelik,AS Roma,Serie A Enilive,Turkey,RB,['RM'],75,13
Conor Chaplin,Ipswich,Premier League,England,CAM,['ST'],75,95
Rayan Cherki,OL,Ligue 1 McDonald's,France,CAM,"['LW', 'RW']",75,43
Joris Chotard,Montpellier,Ligue 1 McDonald's,France,CDM,['CM'],75,71
Jack Clarke,Ipswich,Premier League,England,LM,['LW'],75,95
Saúl Coco,Torino,Serie A Enilive,Equatorial Guinea,CB,,75,37
Nathan Collins,Brentford,Premier League,Republic of Ireland,CB,,75,70
Santi Comesaña,Villarreal CF,LALIGA EA SPORTS,Spain,CM,['CDM'],75,32
Maxwel Cornet,Southampton,Premier League,Côte d'Ivoire,LM,"['ST', 'LW']",75,57
Tomáš ?van?ara,M'gladbach,Bundesliga,Czech Republic,ST,,75,79
Danilo D'Ambrosio,Monza,Serie A Enilive,Italy,CB,['RB'],75,80
José Fonte,Casa Pia AC,Liga Portugal,Portugal,CB,,75,112
Otávio,FC Porto,Liga Portugal,Brazil,CB,,75,27
Andrew,Gil Vicente,Liga Portugal,Brazil,GK,,75,113
Bobby De Cordova-Reid,Leicester City,Premier League,Jamaica,RM,"['LM', 'RW']",75,85
Aderllan Santos,Rio Ave FC,Liga Portugal,Brazil,CB,,75,114
Enrico Delprato,Parma,Serie A Enilive,Italy,RB,['CB'],75,97
Arthur Desmas,Havre AC,Ligue 1 McDonald's,France,GK,,75,115
Amad Diallo,Man Utd,Premier League,Côte d'Ivoire,RM,"['CAM', 'RW']",75,15
Krépin Diatta,AS Monaco,Ligue 1 McDonald's,Senegal,RM,['RW'],75,53
Niklas Dorsch,Heidenheim,Bundesliga,Germany,CDM,['CM'],75,104
Abdoulaye Doucouré,Everton,Premier League,Mali,CAM,['CM'],75,33
Flynn Downes,Southampton,Premier League,England,CDM,['CM'],75,57
Radu Dr?gu?in,Spurs,Premier League,Romania,CB,,75,16
Léo Duarte,Baþakþehir,Trendyol Süper Lig,Brazil,CB,['RB'],75,99
Odsonne Edouard,Leicester City,Premier League,France,ST,,75,85
Maximilian Eggestein,SC Freiburg,Bundesliga,Germany,CDM,['CM'],75,42
Neil El Aynaoui,RC Lens,Ligue 1 McDonald's,Morocco,CM,['CDM'],75,45
Embarba,Rayo Vallecano,LALIGA EA SPORTS,Spain,LM,"['RM', 'LW']",75,56
Giovanni Fabbian,Bologna,Serie A Enilive,Italy,CM,['CAM'],75,52
Marco Davide Faraoni,Hellas Verona,Serie A Enilive,Italy,RM,"['RB', 'RW']",75,94
Bernardo,VfL Bochum 1848,Bundesliga,Brazil,LB,['CB'],75,107
Marco Friedl,SV Werder Bremen,Bundesliga,Austria,CB,,75,90
Angelo Fulgini,RC Lens,Ligue 1 McDonald's,France,CAM,"['CM', 'LW']",75,45
James Garner,Everton,Premier League,England,CM,['CDM'],75,33
Yann Gboho,Toulouse FC,Ligue 1 McDonald's,France,CAM,['LM'],75,89
Billy Gilmour,SSC Napoli,Serie A Enilive,Scotland,CDM,['CM'],75,20
Ben Godfrey,Atalanta,Serie A Enilive,England,CB,"['RB', 'LB']",75,40
Víctor Gómez,SC Braga,Liga Portugal,Spain,RB,['LB'],75,48
Kamil Grabara,VfL Wolfsburg,Bundesliga,Poland,GK,,75,62
Jacob Greaves,Ipswich,Premier League,England,CB,['LB'],75,95
Albert Grønbæk,Stade Rennais FC,Ligue 1 McDonald's,Denmark,CAM,['CM'],75,86
Marko Gruji?,FC Porto,Liga Portugal,Serbia,CM,['CDM'],75,27
Marco Grüll,SV Werder Bremen,Bundesliga,Austria,LM,['LW'],75,90
Javi Guerra,Valencia CF,LALIGA EA SPORTS,Spain,CM,['CDM'],75,22
Ander Guevara,D. Alavés,LALIGA EA SPORTS,Spain,CM,['CDM'],75,88
Pape Gueye,Villarreal CF,LALIGA EA SPORTS,Senegal,CM,['CDM'],75,32
Frédéric Guilbert,Lecce,Serie A Enilive,France,RB,"['CB', 'LB']",75,65
Taylor Harwood-Bellis,Southampton,Premier League,England,CB,,75,57
Nicolas Höfler,SC Freiburg,Bundesliga,Germany,CDM,['CM'],75,42
Hong Hyeon Seok,1. FSV Mainz 05,Bundesliga,Korea Republic,CAM,['CM'],75,83
Franco Israel,Sporting CP,Liga Portugal,Uruguay,GK,,75,26
Kristijan Jaki?,FC Augsburg,Bundesliga,Croatia,CDM,"['CM', 'CB']",75,101
James Justin,Leicester City,Premier League,England,LB,['RB'],75,85
Atakan Karazor,VfB Stuttgart,Bundesliga,Germany,CDM,['CM'],75,60
Michael Keane,Everton,Premier League,England,CB,,75,33
Mandela Keita,Parma,Serie A Enilive,Belgium,CDM,['CM'],75,97
Lloyd Kelly,Newcastle Utd,Premier League,England,CB,['LB'],75,21
Rani Khedira,Union Berlin,Bundesliga,Germany,CDM,['CM'],75,82
Cédric Kipré,Stade de Reims,Ligue 1 McDonald's,Côte d'Ivoire,CB,,75,87
Derrick Köhn,SV Werder Bremen,Bundesliga,Germany,LB,['LM'],75,90
Philipp Köhn,AS Monaco,Ligue 1 McDonald's,Switzerland,GK,,75,53
Dominik Kohr,1. FSV Mainz 05,Bundesliga,Germany,CB,"['CDM', 'CM']",75,83
Victor Kristiansen,Leicester City,Premier League,Denmark,LB,,75,85
Nikola Krstovi?,Lecce,Serie A Enilive,Montenegro,ST,,75,65
Tariq Lamptey,Brighton,Premier League,Ghana,RB,,75,55
Cyle Larin,RCD Mallorca,LALIGA EA SPORTS,Canada,ST,,75,41
Jørgen Strand Larsen,Wolves,Premier League,Norway,ST,,75,73
Jamaal Lascelles,Newcastle Utd,Premier League,England,CB,,75,21
Romeo Lavia,Chelsea,Premier League,Belgium,CDM,['CM'],75,24
Jesper Lindstrøm,Everton,Premier League,Denmark,CAM,['RM'],75,33
Enzo Loiodice,UD Las Palmas,LALIGA EA SPORTS,France,CM,['CDM'],75,61
Jordan Lotomba,Feyenoord,Eredivisie,Switzerland,RB,['RM'],75,54
Jhonatan,Rio Ave FC,Liga Portugal,Brazil,GK,,75,114
Saša Luki?,Fulham,Premier League,Serbia,CM,['CDM'],75,44
Senne Lynen,SV Werder Bremen,Bundesliga,Belgium,CDM,['CM'],75,90
Giangiacomo Magnani,Hellas Verona,Serie A Enilive,Italy,CB,,75,94
Hugo Magnetti,Stade Brestois 29,Ligue 1 McDonald's,France,CDM,['CM'],75,74
Ainsley Maitland-Niles,OL,Ligue 1 McDonald's,England,RB,['CM'],75,43
Dennis Man,Parma,Serie A Enilive,Romania,RM,"['LM', 'RW']",75,97
Pablo Marí,Monza,Serie A Enilive,Spain,CB,,75,80
R?zvan Marin,Cagliari,Serie A Enilive,Romania,CM,['CDM'],75,91
Toni Martínez,D. Alavés,LALIGA EA SPORTS,Spain,ST,,75,88
Josep Martínez,Inter,Serie A Enilive,Spain,GK,,75,7
Omar Mascarell,RCD Mallorca,LALIGA EA SPORTS,Spain,CM,"['CDM', 'CB']",75,41
Alexandru Maxim,Gaziantep,Trendyol Süper Lig,Romania,CAM,"['CM', 'LM']",75,116
Nampalys Mendy,RC Lens,Ligue 1 McDonald's,Senegal,CDM,['CM'],75,45
Junior Messias,Genoa,Serie A Enilive,Brazil,RM,"['RW', 'CM']",75,93
Alexander Meyer,Borussia Dortmund,Bundesliga,Germany,GK,,75,11
James Milner,Brighton,Premier League,England,CM,"['RB', 'LB']",75,55
Mingueza,RC Celta,LALIGA EA SPORTS,Spain,RB,"['CB', 'RM']",75,25
Mostafa Mohamed,FC Nantes,Ligue 1 McDonald's,Egypt,ST,,75,98
Nikola Moro,Bologna,Serie A Enilive,Croatia,CDM,['CM'],75,52
Kevin Müller,Heidenheim,Bundesliga,Germany,GK,,75,104
Rodrigo Muniz,Fulham,Premier League,Brazil,ST,,75,44
Arijanet Muri?,Ipswich,Premier League,Kosovo,GK,,75,95
Yunus Musah,AC Milan,Serie A Enilive,United States,CM,"['CDM', 'RM']",75,14
Amath Ndiaye,R. Valladolid CF,LALIGA EA SPORTS,Senegal,LM,"['ST', 'RM', 'LW']",75,92
Iliman Ndiaye,Everton,Premier League,Senegal,ST,,75,33
Dan Ndoye,Bologna,Serie A Enilive,Switzerland,RM,"['LM', 'RW']",75,52
Reiss Nelson,Fulham,Premier League,England,RW,"['LW', 'RM']",75,44
Jota,Stade Rennais FC,Ligue 1 McDonald's,Portugal,LM,"['LW', 'RW']",75,86
Bart Nieuwkoop,Feyenoord,Eredivisie,Holland,RM,"['LM', 'RB', 'RW']",75,54
Tijjani Noslin,Lazio,Serie A Enilive,Holland,ST,"['RW', 'LW']",75,34
Jake O'Brien,Everton,Premier League,Republic of Ireland,CB,,75,33
Warmed Omari,OL,Ligue 1 McDonald's,France,CB,,75,43
Be?ir Omeragi?,Montpellier,Ligue 1 McDonald's,Switzerland,CB,['CDM'],75,71
Jayden Oosterwolde,Fenerbahçe,Trendyol Süper Lig,Holland,LB,['CB'],75,30
Aimar Oroz,CA Osasuna,LALIGA EA SPORTS,Spain,CM,['CAM'],75,75
Luca Pellegrini,Lazio,Serie A Enilive,Italy,LB,['LM'],75,34
Rubén Peña,CA Osasuna,LALIGA EA SPORTS,Spain,RB,"['RM', 'LB']",75,75
David Costa,RC Lens,Ligue 1 McDonald's,Portugal,CAM,['LW'],75,45
Mathias Pereira Lage,Stade Brestois 29,Ligue 1 McDonald's,Portugal,LW,['LM'],75,74
Nehuén Pérez,FC Porto,Liga Portugal,Argentina,CB,,75,27
Jaden Philogene,Aston Villa,Premier League,England,LM,"['RM', 'LW']",75,17
Diogo Leite,Union Berlin,Bundesliga,Portugal,CB,,75,82
Joel Pohjanpalo,Venezia,Serie A Enilive,Finland,ST,,75,117
Marin Pongra?i?,Fiorentina,Serie A Enilive,Croatia,CB,,75,67
Jarell Quansah,Liverpool,Premier League,England,CB,,75,6
Sandro,UD Las Palmas,LALIGA EA SPORTS,Spain,ST,['LM'],75,61
Milot Rashica,Beþiktaþ,Trendyol Süper Lig,Kosovo,RM,"['LM', 'RW']",75,31
Harrison Reed,Fulham,Premier League,England,CDM,['CM'],75,44
Giovanni Reyna,Borussia Dortmund,Bundesliga,United States,RM,"['CAM', 'LM', 'RW']",75,11
Luis Rioja,Valencia CF,LALIGA EA SPORTS,Spain,LM,"['RM', 'LW']",75,22
Joel Robles,Estoril Praia,Liga Portugal,Spain,GK,,75,118
Paulo Oliveira,SC Braga,Liga Portugal,Portugal,CB,,75,48
Morgan Rogers,Aston Villa,Premier League,England,LM,"['CAM', 'LW']",75,17
Merlin Röhl,SC Freiburg,Bundesliga,Germany,CM,['CAM'],75,42
Benjamín Rollheiser,SL Benfica,Liga Portugal,Argentina,CAM,['RM'],75,29
Pablo Rosario,OGC Nice,Ligue 1 McDonald's,Holland,CDM,"['CM', 'CB']",75,63
Anthony Rouault,VfB Stuttgart,Bundesliga,France,CB,,75,60
Georginio Rutter,Brighton,Premier League,France,CAM,['ST'],75,55
Wesley Saïd,RC Lens,Ligue 1 McDonald's,France,ST,,75,45
Lazar Samard?i?,Atalanta,Serie A Enilive,Serbia,CM,"['CDM', 'CAM']",75,40
Albert Sambi Lokonga,Sevilla FC,LALIGA EA SPORTS,Belgium,CM,['CDM'],75,66
Zaidu Sanusi,FC Porto,Liga Portugal,Nigeria,LB,,75,27
Yusuf Sarý,Adana Demirspor,Trendyol Süper Lig,Turkey,RM,['RW'],75,119
Martín Satriano,RC Lens,Ligue 1 McDonald's,Uruguay,ST,,75,45
Keven Schlotterbeck,FC Augsburg,Bundesliga,Germany,CB,,75,101
Romano Schmid,SV Werder Bremen,Bundesliga,Austria,CAM,"['CM', 'ST']",75,90
Bruno Varela,Vitória SC,Liga Portugal,Cape Verde Islands,GK,,75,103
Vincent Sierro,Toulouse FC,Ligue 1 McDonald's,Switzerland,CM,"['CDM', 'CAM']",75,89
Douglas Augusto,FC Nantes,Ligue 1 McDonald's,Brazil,CM,['CDM'],75,98
Ramón Sosa,Nott'm Forest,Premier League,Paraguay,LM,"['RM', 'LW']",75,77
Borna Sosa,Torino,Serie A Enilive,Croatia,LB,,75,37
Boubakary Soumaré,Leicester City,Premier League,France,CDM,['CM'],75,85
Jens Stage,SV Werder Bremen,Bundesliga,Denmark,CM,['CDM'],75,90
Jason Steele,Brighton,Premier League,England,GK,,75,55
Sem Steijn,FC Twente,Eredivisie,Holland,CAM,['CM'],75,72
Denis Suárez,Villarreal CF,LALIGA EA SPORTS,Spain,CM,"['LM', 'RW']",75,32
Jonas Svensson,Beþiktaþ,Trendyol Süper Lig,Norway,RB,,75,31
Mile Svilar,AS Roma,Serie A Enilive,Serbia,GK,,75,13
Sammie Szmodics,Ipswich,Premier League,Republic of Ireland,CAM,['ST'],75,95
Terrats,Villarreal CF,LALIGA EA SPORTS,Spain,CM,['CDM'],75,32
Adrien Thomasson,RC Lens,Ligue 1 McDonald's,France,CAM,"['CM', 'RW']",75,45
Guus Til,PSV,Eredivisie,Holland,CAM,['CM'],75,50
Hamed Traorè,AJ Auxerre,Ligue 1 McDonald's,Côte d'Ivoire,CAM,"['CM', 'LW']",75,120
Adama Traoré,Fulham,Premier League,Spain,RM,['RW'],75,44
Christopher Trimmel,Union Berlin,Bundesliga,Austria,RB,['RM'],75,82
Felix Uduokhai,Beþiktaþ,Trendyol Süper Lig,Germany,CB,,75,31
Aurélio Buta,Stade de Reims,Ligue 1 McDonald's,Portugal,RM,"['RB', 'RW']",75,87
Samuel Umtiti,LOSC Lille,Ligue 1 McDonald's,France,CB,,75,49
Josha Vagnoman,VfB Stuttgart,Bundesliga,Germany,RB,['RM'],75,60
Donny van de Beek,Girona FC,LALIGA EA SPORTS,Holland,CM,"['CAM', 'CDM']",75,36
Maarten Vandevoordt,RB Leipzig,Bundesliga,Belgium,GK,,75,23
Ruben Vargas,FC Augsburg,Bundesliga,Switzerland,LM,"['CAM', 'RM', 'LW']",75,101
Alejo Veliz,RCD Espanyol,LALIGA EA SPORTS,Argentina,ST,,75,96
Simone Verdi,Como,Serie A Enilive,Italy,CAM,['ST'],75,47
Nacho Vidal,CA Osasuna,LALIGA EA SPORTS,Spain,RB,,75,75
Kevin Vogt,Union Berlin,Bundesliga,Germany,CB,,75,82
Aster Vranckx,VfL Wolfsburg,Bundesliga,Belgium,CM,['CDM'],75,62
Harry Wilson,Fulham,Premier League,Wales,RM,['RW'],75,44
Ryan Yates,Nott'm Forest,Premier League,England,CDM,['CM'],75,77
Bryan Zaragoza,CA Osasuna,LALIGA EA SPORTS,Spain,RM,"['LM', 'CAM', 'RW']",75,75
Robin Zentner,1. FSV Mainz 05,Bundesliga,Germany,GK,,75,83
Ramiz Zerrouki,Feyenoord,Eredivisie,Algeria,CDM,['CM'],75,54
Akor Jerome Adams,Montpellier,Ligue 1 McDonald's,Nigeria,ST,,74,71
Ludovic Ajorque,Stade Brestois 29,Ligue 1 McDonald's,France,ST,,74,74
Akieme,Stade de Reims,Ligue 1 McDonald's,Spain,LB,,74,87
Kevin Akpoguma,TSG Hoffenheim,Bundesliga,Nigeria,CB,['RB'],74,39
Samú Costa,RCD Mallorca,LALIGA EA SPORTS,Portugal,CDM,['CM'],74,41
Vinícius,Fulham,Premier League,Brazil,ST,,74,44
Tiago Gouveia,SL Benfica,Liga Portugal,Portugal,RM,"['RW', 'LM']",74,29
Julian Araujo,AFC Bournemouth,Premier League,Mexico,RB,,74,64
Takuma Asano,RCD Mallorca,LALIGA EA SPORTS,Japan,RM,"['ST', 'RW']",74,41
Lorenz Assignon,Stade Rennais FC,Ligue 1 McDonald's,France,RB,,74,86
Ousseynou Ba,Baþakþehir,Trendyol Süper Lig,Senegal,CB,['LB'],74,99
Vasilios Barkas,FC Utrecht,Eredivisie,Greece,GK,,74,121
Toma Baši?,Lazio,Serie A Enilive,Croatia,CM,['CDM'],74,34
Jan Bednarek,Southampton,Premier League,Poland,CB,,74,57
Armel Bella Kotchap,Southampton,Premier League,Germany,CB,,74,57
László Bénes,Union Berlin,Bundesliga,Slovakia,CM,['CAM'],74,82
Samuele Birindelli,Monza,Serie A Enilive,Italy,RB,['RM'],74,80
Antonio Blanco,D. Alavés,LALIGA EA SPORTS,Spain,CDM,['CM'],74,88
Rubén Blanco,OM,Ligue 1 McDonald's,Spain,GK,,74,69
Sebastiaan Bornauw,VfL Wolfsburg,Bundesliga,Belgium,CB,,74,62
Edoardo Bove,Fiorentina,Serie A Enilive,Italy,CM,,74,67
David Brooks,AFC Bournemouth,Premier League,Wales,RM,['RW'],74,64
Tajon Buchanan,Inter,Serie A Enilive,Canada,RM,"['RB', 'RW']",74,7
Juan David Cabal,Juventus,Serie A Enilive,Colombia,LB,['CB'],74,18
Leandro Cabrera,RCD Espanyol,LALIGA EA SPORTS,Uruguay,CB,['LB'],74,96
Anthony Caci,1. FSV Mainz 05,Bundesliga,France,LB,"['RB', 'CB']",74,83
Nicolò Cambiaghi,Bologna,Serie A Enilive,Italy,LW,"['ST', 'LM']",74,52
Elia Caprile,SSC Napoli,Serie A Enilive,Italy,GK,,74,20
Dani Cárdenas,Rayo Vallecano,LALIGA EA SPORTS,Spain,GK,,74,56
Fábio Carvalho,Brentford,Premier League,Portugal,CAM,"['CM', 'ST']",74,70
Vitor Carvalho,SC Braga,Liga Portugal,Brazil,CDM,['CM'],74,48
Muhammed Cham,Trabzonspor,Trendyol Süper Lig,Austria,CAM,['RM'],74,58
Walid Cheddira,RCD Espanyol,LALIGA EA SPORTS,Morocco,ST,,74,96
Mohamed-Ali Cho,OGC Nice,Ligue 1 McDonald's,France,RW,"['ST', 'RM']",74,63
Pathé Ciss,Rayo Vallecano,LALIGA EA SPORTS,Senegal,CDM,['CM'],74,56
Nathaniel Clyne,Crystal Palace,Premier League,England,RB,['CB'],74,51
Conor Coady,Leicester City,Premier League,England,CB,,74,85
Séamus Coleman,Everton,Premier League,Republic of Ireland,RB,,74,33
Tomás Conechny,D. Alavés,LALIGA EA SPORTS,Argentina,LW,"['LM', 'ST']",74,88
Joaquín Correa,Inter,Serie A Enilive,Argentina,ST,['LM'],74,7
Logan Costa,Villarreal CF,LALIGA EA SPORTS,Cape Verde Islands,CB,,74,32
Lassana Coulibaly,Lecce,Serie A Enilive,Mali,CDM,['CM'],74,65
Alessio Cragno,Monza,Serie A Enilive,Italy,GK,,74,80
Aaron Cresswell,West Ham,Premier League,England,LB,['CB'],74,35
Jorge Cuenca,Fulham,Premier League,Spain,CB,['LB'],74,44
Patrick Cutrone,Como,Serie A Enilive,Italy,ST,['CAM'],74,47
Lucas Da Cunha,Como,Serie A Enilive,France,LM,"['RM', 'CAM', 'LW']",74,47
Finn Dahmen,FC Augsburg,Bundesliga,Germany,GK,,74,101
Patson Daka,Leicester City,Premier League,Zambia,ST,,74,85
Flavius Daniliuc,Hellas Verona,Serie A Enilive,Austria,CB,['RB'],74,94
Mohamed Daramy,Stade de Reims,Ligue 1 McDonald's,Denmark,LM,"['ST', 'LW']",74,87
Maracás,Moreirense FC,Liga Portugal,Brazil,CB,,74,122
Natan,Real Betis,LALIGA EA SPORTS,Brazil,CB,,74,38
Dani de Wit,VfL Bochum 1848,Bundesliga,Holland,CAM,['CM'],74,107
Stefano Denswil,Trabzonspor,Trendyol Süper Lig,Suriname,CB,['LB'],74,58
Andy Diouf,RC Lens,Ligue 1 McDonald's,France,CM,['CDM'],74,45
Alberto Dossena,Como,Serie A Enilive,Italy,CB,,74,47
Tasos Douvikas,RC Celta,LALIGA EA SPORTS,Greece,ST,,74,25
Tommy Doyle,Wolves,Premier League,England,CM,['CDM'],74,73
Ondrej Duda,Hellas Verona,Serie A Enilive,Slovakia,CM,"['CDM', 'CAM']",74,94
Alfred Duncan,Venezia,Serie A Enilive,Ghana,CM,['CDM'],74,117
Maxime Dupé,OGC Nice,Ligue 1 McDonald's,France,GK,,74,63
Jhon Durán,Aston Villa,Premier League,Colombia,ST,,74,17
Tyronne Ebuehi,Empoli,Serie A Enilive,Nigeria,RB,,74,100
Mateus Fernandes,Southampton,Premier League,Portugal,CM,"['CAM', 'LW']",74,57
Jonny Evans,Man Utd,Premier League,Northern Ireland,CB,,74,15
Edu Expósito,RCD Espanyol,LALIGA EA SPORTS,Spain,CM,"['CDM', 'CAM']",74,96
Abdessamad Ezzalzouli,Real Betis,LALIGA EA SPORTS,Morocco,LM,"['RM', 'LW']",74,38
Peque,Sevilla FC,LALIGA EA SPORTS,Spain,CAM,,74,66
Evan Ferguson,Brighton,Premier League,Republic of Ireland,ST,,74,55
Dimitri Foulquier,Valencia CF,LALIGA EA SPORTS,France,RB,,74,22
Roberto Gagliardini,Monza,Serie A Enilive,Italy,CDM,['CM'],74,80
Antonino Gallo,Lecce,Serie A Enilive,Italy,LB,,74,65
Raúl García,CA Osasuna,LALIGA EA SPORTS,Spain,ST,,74,75
Unai García,CA Osasuna,LALIGA EA SPORTS,Spain,CB,,74,75
Kike García,D. Alavés,LALIGA EA SPORTS,Spain,ST,,74,88
Dennis Geiger,TSG Hoffenheim,Bundesliga,Germany,CDM,['CM'],74,39
Andreas Gianniotis,Kasýmpaþa,Trendyol Süper Lig,Greece,GK,,74,84
Sergio Gómez,Real Sociedad,LALIGA EA SPORTS,Spain,LB,,74,28
Andreaw Gravillon,Adana Demirspor,Trendyol Süper Lig,France,CB,['RB'],74,119
Florian Grillitsch,TSG Hoffenheim,Bundesliga,Austria,CB,['CDM'],74,39
Brajan Gruda,Brighton,Premier League,Germany,CAM,['RW'],74,55
Gabriel Gudmundsson,LOSC Lille,Ligue 1 McDonald's,Sweden,LB,['LM'],74,49
Evann Guessand,OGC Nice,Ligue 1 McDonald's,Côte d'Ivoire,ST,,74,63
Rafik Guitane,SC Braga,Liga Portugal,Algeria,RW,['RM'],74,48
Guridi,D. Alavés,LALIGA EA SPORTS,Spain,CAM,"['CM', 'CDM']",74,88
Emmanuel Gyasi,Empoli,Serie A Enilive,Ghana,RM,"['LM', 'ST', 'RW']",74,100
Janik Haberer,Union Berlin,Bundesliga,Germany,CM,['CDM'],74,82
Amir Had?iahmetovi?,Çaykur Rizespor,Trendyol Süper Lig,Bosnia and Herzegovina,CDM,['CM'],74,123
Massadio Haïdara,Stade Brestois 29,Ligue 1 McDonald's,Mali,CB,"['LB', 'LM']",74,74
Haris Hajradinovi?,Kasýmpaþa,Trendyol Süper Lig,Bosnia and Herzegovina,CM,['CAM'],74,84
Hákon Arnar Haraldsson,LOSC Lille,Ligue 1 McDonald's,Iceland,LM,"['CAM', 'LW']",74,49
Mees Hilgers,FC Twente,Eredivisie,Indonesia,CB,,74,72
Emil Holm,Bologna,Serie A Enilive,Sweden,RM,"['RB', 'RW']",74,52
Lewis Holtby,Holstein Kiel,Bundesliga,Germany,CM,"['CDM', 'CAM']",74,124
Robin Hraná?,TSG Hoffenheim,Bundesliga,Czech Republic,CB,,74,39
Will Hughes,Crystal Palace,Premier League,England,CDM,['CM'],74,51
Omari Hutchinson,Ipswich,Premier League,England,RM,"['CAM', 'LM', 'RW']",74,95
Elseid Hysaj,Lazio,Serie A Enilive,Albania,LB,['RB'],74,34
Juan Iglesias,Getafe CF,LALIGA EA SPORTS,Spain,RB,['LB'],74,59
Kelechi Iheanacho,Sevilla FC,LALIGA EA SPORTS,Nigeria,ST,,74,66
Danny Ings,West Ham,Premier League,England,ST,,74,35
Jackson Irvine,FC St. Pauli,Bundesliga,Australia,CM,['CDM'],74,125
Armando Izzo,Monza,Serie A Enilive,Italy,CB,,74,80
Iván Jaime,FC Porto,Liga Portugal,Spain,LM,"['CAM', 'ST', 'LW']",74,27
Ismail Jakobs,Galatasaray,Trendyol Süper Lig,Senegal,LB,['LM'],74,12
Fredrik Jensen,FC Augsburg,Bundesliga,Finland,CAM,"['RM', 'CM']",74,101
Moritz Jenz,1. FSV Mainz 05,Bundesliga,Germany,CB,,74,83
Raúl Jiménez,Fulham,Premier League,Mexico,ST,,74,44
Jesse Joronen,Venezia,Serie A Enilive,Finland,GK,,74,117
Glen Kamara,Stade Rennais FC,Ligue 1 McDonald's,Finland,CDM,['CM'],74,86
Efecan Karaca,Alanyaspor,Trendyol Süper Lig,Turkey,CAM,"['RM', 'ST']",74,126
Naby Keïta,SV Werder Bremen,Bundesliga,Guinea,CM,"['CDM', 'CAM']",74,90
Konstantinos Koulierakis,VfL Wolfsburg,Bundesliga,Greece,CB,,74,62
Alex Král,RCD Espanyol,LALIGA EA SPORTS,Czech Republic,CDM,['CM'],74,96
Lukas Kübler,SC Freiburg,Bundesliga,Germany,RB,"['CB', 'LB']",74,42
Marash Kumbulla,RCD Espanyol,LALIGA EA SPORTS,Albania,CB,,74,96
Daler Kuzyaev,Havre AC,Ligue 1 McDonald's,Russia,CM,['CAM'],74,115
Adam Lallana,Southampton,Premier League,England,CAM,['CM'],74,57
Sam Lammers,FC Twente,Eredivisie,Holland,ST,,74,72
Gautier Larsonneur,AS Saint-Étienne,Ligue 1 McDonald's,France,GK,,74,110
Hugo Larsson,Frankfurt,Bundesliga,Sweden,CM,['CDM'],74,46
Toni Lato,RCD Mallorca,LALIGA EA SPORTS,Spain,LB,['LM'],74,41
Darko Lazovi?,Hellas Verona,Serie A Enilive,Serbia,LM,"['CAM', 'LW']",74,94
Jamie Leweling,VfB Stuttgart,Bundesliga,Germany,RM,"['RW', 'ST']",74,60
Karol Linetty,Torino,Serie A Enilive,Poland,CM,['CAM'],74,37
Gautier Lloris,Havre AC,Ligue 1 McDonald's,France,CB,,74,115
Unai López,Rayo Vallecano,LALIGA EA SPORTS,Spain,CDM,"['CM', 'CAM']",74,56
Anthony Losilla,VfL Bochum 1848,Bundesliga,France,CDM,['CM'],74,107
Dejan Lovren,OL,Ligue 1 McDonald's,Croatia,CB,,74,43
John Lundstram,Trabzonspor,Trendyol Süper Lig,England,CDM,,74,58
Ryan Manning,Southampton,Premier League,Republic of Ireland,LB,,74,57
Neal Maupay,OM,Ligue 1 McDonald's,France,ST,,74,69
Mark McKenzie,Toulouse FC,Ligue 1 McDonald's,United States,CB,,74,89
Domingos Duarte,Getafe CF,LALIGA EA SPORTS,Portugal,CB,,74,59
Rony Lopes,Alanyaspor,Trendyol Süper Lig,Portugal,RM,"['RW', 'ST']",74,126
Sven Mijnans,AZ,Eredivisie,Holland,CM,"['CAM', 'RW']",74,76
Yankuba Minteh,Brighton,Premier League,Gambia,RM,['RW'],74,55
Bojan Miovski,Girona FC,LALIGA EA SPORTS,North Macedonia,ST,,74,36
Fabio Miretti,Genoa,Serie A Enilive,Italy,CM,['CDM'],74,93
Stoichkov,D. Alavés,LALIGA EA SPORTS,Spain,LM,"['ST', 'CAM', 'LW']",74,88
Joni Montiel,Rayo Vallecano,LALIGA EA SPORTS,Spain,CAM,"['CM', 'LM']",74,56
Manu Morlanes,RCD Mallorca,LALIGA EA SPORTS,Spain,CM,['CDM'],74,41
Faris Pemi Moumbagna,OM,Ligue 1 McDonald's,Cameroon,ST,,74,69
Ernest Muçi,Beþiktaþ,Trendyol Süper Lig,Albania,CAM,['LW'],74,31
Mert Müldür,Fenerbahçe,Trendyol Süper Lig,Turkey,RB,,74,30
Marius Müller,VfL Wolfsburg,Bundesliga,Germany,GK,,74,62
Aihen Muñoz,Real Sociedad,LALIGA EA SPORTS,Spain,LB,,74,28
Javi Muñoz,UD Las Palmas,LALIGA EA SPORTS,Spain,CM,"['CAM', 'CDM']",74,61
Alex Muñoz,UD Las Palmas,LALIGA EA SPORTS,Spain,CB,['LB'],74,61
Amir Murillo,OM,Ligue 1 McDonald's,Panama,RB,,74,69
Phillipp Mwene,1. FSV Mainz 05,Bundesliga,Austria,LB,"['LM', 'RB']",74,83
Keito Nakamura,Stade de Reims,Ligue 1 McDonald's,Japan,LM,['LW'],74,87
Luca Netz,M'gladbach,Bundesliga,Germany,LB,['LM'],74,79
Arnaud Nordin,Montpellier,Ligue 1 McDonald's,France,RM,"['ST', 'RW']",74,71
Ernest Nuamah,OL,Ligue 1 McDonald's,Ghana,RW,"['ST', 'RM']",74,43
Juan Jesus,SSC Napoli,Serie A Enilive,Brazil,CB,,74,20
Dara O'Shea,Ipswich,Premier League,Republic of Ireland,CB,,74,95
David Okereke,Gaziantep,Trendyol Süper Lig,Nigeria,ST,"['RW', 'LW']",74,116
Maduka Okoye,Udinese,Serie A Enilive,Nigeria,GK,,74,111
Joseph Okumu,Stade de Reims,Ligue 1 McDonald's,Kenya,CB,,74,87
Rogério,VfL Wolfsburg,Bundesliga,Brazil,LB,,74,62
Robin Olsen,Aston Villa,Premier League,Sweden,GK,,74,17
Christopher Operi,Havre AC,Ligue 1 McDonald's,Côte d'Ivoire,LB,,74,115
Gift Orban,OL,Ligue 1 McDonald's,Nigeria,ST,,74,43
Ivan Ordets,VfL Bochum 1848,Bundesliga,Ukraine,CB,,74,107
Mislav Orši?,Trabzonspor,Trendyol Süper Lig,Croatia,LM,"['RM', 'CM', 'LW']",74,58
Patrick Osterhage,SC Freiburg,Bundesliga,Germany,CDM,['CM'],74,42
Dango Ouattara,AFC Bournemouth,Premier League,Burkina Faso,LM,"['RM', 'LB', 'LW']",74,64
Romain Perraud,Real Betis,LALIGA EA SPORTS,France,LB,,74,38
Krzysztof Pi?tek,Baþakþehir,Trendyol Süper Lig,Poland,ST,,74,99
Amos Pieper,SV Werder Bremen,Bundesliga,Germany,CB,,74,90
Tommaso Pobega,Bologna,Serie A Enilive,Italy,CM,['CDM'],74,52
Alexander Prass,TSG Hoffenheim,Bundesliga,Austria,CM,"['LB', 'LM']",74,39
Luca Ranieri,Fiorentina,Serie A Enilive,Italy,CB,['LB'],74,67
Rocco Reitz,M'gladbach,Bundesliga,Germany,CM,['CDM'],74,79
Elvis Rexhbeçaj,FC Augsburg,Bundesliga,Kosovo,CM,['CDM'],74,101
Fabian Rieder,VfB Stuttgart,Bundesliga,Switzerland,CAM,['CM'],74,60
Rochinha,FC Famalicão,Liga Portugal,Portugal,LW,['LM'],74,109
Óscar,CD Leganés,LALIGA EA SPORTS,Spain,CM,"['LM', 'RM']",74,78
Valentin Rosier,CD Leganés,LALIGA EA SPORTS,France,RB,,74,78
Jérôme Roussillon,Union Berlin,Bundesliga,France,LB,['LM'],74,82
Osame Sahraoui,LOSC Lille,Ligue 1 McDonald's,Morocco,LM,['LW'],74,49
Samu Sáiz,Eyüpspor,Trendyol Süper Lig,Spain,CAM,['LM'],74,127
Diadié Samassékou,TSG Hoffenheim,Bundesliga,Mali,CDM,['CM'],74,39
Francisco Moura,FC Porto,Liga Portugal,Portugal,LB,['LM'],74,27
Javi Sánchez,R. Valladolid CF,LALIGA EA SPORTS,Spain,CB,,74,92
Manu Sánchez,D. Alavés,LALIGA EA SPORTS,Spain,LB,['LM'],74,88
Nicola Sansone,Lecce,Serie A Enilive,Italy,CAM,['ST'],74,65
Saba Sazonov,Empoli,Serie A Enilive,Georgia,CB,,74,100
Joe Scally,M'gladbach,Bundesliga,United States,RB,['CB'],74,79
András Schäfer,Union Berlin,Bundesliga,Hungary,CM,['CDM'],74,82
Alex Scott,AFC Bournemouth,Premier League,England,CM,"['CAM', 'RM']",74,64
Alidu Seidu,Stade Rennais FC,Ligue 1 McDonald's,Ghana,CB,['RB'],74,86
Ryan Sessegnon,Fulham,Premier League,England,LB,,74,44
Abdallah Sima,Stade Brestois 29,Ligue 1 McDonald's,Senegal,LM,['LW'],74,74
David Simão,Arouca,Liga Portugal,Portugal,CM,['CDM'],74,128
Ibrahima Sissoko,VfL Bochum 1848,Bundesliga,Mali,CM,['CDM'],74,107
Sivera,D. Alavés,LALIGA EA SPORTS,Spain,GK,,74,88
Gijs Smal,Feyenoord,Eredivisie,Holland,LM,"['LB', 'LW']",74,54
Juan Soriano,CD Leganés,LALIGA EA SPORTS,Spain,GK,,74,78
Ricardo Esgaio,Sporting CP,Liga Portugal,Portugal,RB,['CB'],74,26
Carl Starfelt,RC Celta,LALIGA EA SPORTS,Sweden,CB,,74,25
Niklas Stark,SV Werder Bremen,Bundesliga,Germany,CB,,74,90
Luka Su?i?,Real Sociedad,LALIGA EA SPORTS,Croatia,CAM,['CM'],74,28
Tomáš Suslov,Hellas Verona,Serie A Enilive,Slovakia,RM,"['CAM', 'CM', 'RW']",74,94
Attila Szalai,TSG Hoffenheim,Bundesliga,Hungary,CB,['LB'],74,39
Flavien Tait,Samsunspor,Trendyol Süper Lig,France,CM,['CDM'],74,129
Matt Targett,Newcastle Utd,Premier League,England,LB,,74,21
Kenneth Taylor,Ajax,Eredivisie,Holland,CM,['CAM'],74,68
Nahuel Tenaglia,D. Alavés,LALIGA EA SPORTS,Argentina,RB,['CB'],74,88
Arnau Tenas,Paris SG,Ligue 1 McDonald's,Spain,GK,,74,5
Phillip Tietz,FC Augsburg,Bundesliga,Germany,ST,,74,101
Luis Henrique,OM,Ligue 1 McDonald's,Brazil,LM,['LW'],74,69
Pablo Torre,FC Barcelona,LALIGA EA SPORTS,Spain,CAM,"['LM', 'CM']",74,8
Cenk Tosun,Fenerbahçe,Trendyol Süper Lig,Turkey,ST,['LW'],74,30
Stefano Turati,Monza,Serie A Enilive,Italy,GK,,74,80
Matt Turner,Crystal Palace,Premier League,United States,GK,,74,51
Ayase Ueda,Feyenoord,Eredivisie,Japan,ST,['CAM'],74,54
Sven Ulreich,FC Bayern München,Bundesliga,Germany,GK,,74,3
Ricky van Wolfswinkel,FC Twente,Eredivisie,Holland,ST,,74,72
Nuno Tavares,Lazio,Serie A Enilive,Portugal,LB,['LM'],74,34
Johan Vásquez,Genoa,Serie A Enilive,Mexico,CB,,74,93
Yorbe Vertessen,Union Berlin,Bundesliga,Belgium,ST,"['LW', 'CAM']",74,82
Iván Villar,RC Celta,LALIGA EA SPORTS,Spain,GK,,74,25
Odysseas Vlachodimos,Newcastle Utd,Premier League,Greece,GK,,74,21
Timothy Weah,Juventus,Serie A Enilive,United States,RM,"['RB', 'RW']",74,18
Silvan Widmer,1. FSV Mainz 05,Bundesliga,Switzerland,RB,['RM'],74,83
Christopher Wooh,Stade Rennais FC,Ligue 1 McDonald's,Cameroon,CB,,74,86
Okay Yokuþlu,Trabzonspor,Trendyol Süper Lig,Turkey,CDM,['CM'],74,58
Arsen Zakharyan,Real Sociedad,LALIGA EA SPORTS,Russia,LM,"['RM', 'CM', 'LW']",74,28
Cédric Zesiger,VfL Wolfsburg,Bundesliga,Switzerland,CB,,74,62
Max Aarons,AFC Bournemouth,Premier League,England,RB,,73,64
Rodrigo Abascal,Boavista FC,Liga Portugal,Uruguay,CB,,73,130
Himad Abdelli,Angers SCO,Ligue 1 McDonald's,Algeria,CAM,"['CM', 'LM']",73,131
Aguado,RCD Espanyol,LALIGA EA SPORTS,Spain,CM,['CDM'],73,96
Emre Akbaba,Eyüpspor,Trendyol Süper Lig,Turkey,CAM,['CM'],73,127
Ilias,Villarreal CF,LALIGA EA SPORTS,Morocco,RW,"['RM', 'LW']",73,32
Jean-Daniel Akpa Akpro,Lazio,Serie A Enilive,Côte d'Ivoire,CM,['CDM'],73,34
Aleñá,Getafe CF,LALIGA EA SPORTS,Spain,CM,"['RM', 'CAM']",73,59
Nani,Estrela Amadora,Liga Portugal,Portugal,LM,"['LW', 'ST']",73,132
Selim Amallah,R. Valladolid CF,LALIGA EA SPORTS,Morocco,CAM,"['CM', 'LM']",73,92
Zeki Amdouni,SL Benfica,Liga Portugal,Switzerland,ST,['CAM'],73,29
Areso,CA Osasuna,LALIGA EA SPORTS,Spain,RB,['RM'],73,75
Joe Aribo,Southampton,Premier League,Nigeria,CM,,73,57
Noah Atubolu,SC Freiburg,Bundesliga,Germany,GK,,73,42
Oðuz Aydýn,Fenerbahçe,Trendyol Süper Lig,Turkey,RM,"['LM', 'RW']",73,30
Tiago Tomás,VfL Wolfsburg,Bundesliga,Portugal,ST,['RW'],73,62
Milan Badelj,Genoa,Serie A Enilive,Croatia,CDM,['CM'],73,93
Mama Baldé,Stade Brestois 29,Ligue 1 McDonald's,Guinea-Bissau,ST,['LW'],73,74
Carlos Baleba,Brighton,Premier League,Cameroon,CDM,['CM'],73,55
Valentín Barco,Sevilla FC,LALIGA EA SPORTS,Argentina,LB,['LM'],73,66
Mohamed Bayo,LOSC Lille,Ligue 1 McDonald's,Guinea,ST,,73,49
Gavin Bazunu,Southampton,Premier League,Republic of Ireland,GK,,73,57
Thomas Beelen,Feyenoord,Eredivisie,Holland,CB,['CDM'],73,54
Kevin Behrens,VfL Wolfsburg,Bundesliga,Germany,ST,,73,62
Eliesse Ben Seghir,AS Monaco,Ligue 1 McDonald's,Morocco,CAM,"['ST', 'LM']",73,53
Dimitry Bertaud,Montpellier,Ligue 1 McDonald's,Congo DR,GK,,73,71
Leonardo Bittencourt,SV Werder Bremen,Bundesliga,Germany,CAM,['CM'],73,90
Yoan Bonny,Parma,Serie A Enilive,France,ST,,73,97
Darko Brašanac,CD Leganés,LALIGA EA SPORTS,Serbia,CM,"['CDM', 'CAM']",73,78
Ben Brereton Díaz,Southampton,Premier League,Chile,LW,"['ST', 'LM']",73,57
Armando Broja,Everton,Premier League,Albania,ST,,73,33
Facundo Buonanotte,Leicester City,Premier League,Argentina,RM,"['CAM', 'RW']",73,85
Gianluca Busio,Venezia,Serie A Enilive,United States,CM,['CDM'],73,117
Mathieu Cafaro,AS Saint-Étienne,Ligue 1 McDonald's,France,LM,"['RM', 'LW']",73,110
Jens-Lys Cajuste,Ipswich,Premier League,Sweden,CDM,['CM'],73,95
Luca Caldirola,Monza,Serie A Enilive,Italy,CB,,73,80
Calero,RCD Espanyol,LALIGA EA SPORTS,Spain,CB,"['CDM', 'RB']",73,96
Lamine Camara,AS Monaco,Ligue 1 McDonald's,Senegal,CM,['CAM'],73,53
Sergio Camello,Rayo Vallecano,LALIGA EA SPORTS,Spain,ST,,73,56
Sergi Canós,Valencia CF,LALIGA EA SPORTS,Spain,LM,"['RM', 'LW']",73,22
Irvin Cardona,RCD Espanyol,LALIGA EA SPORTS,France,ST,"['RM', 'LM']",73,96
Julián Carranza,Feyenoord,Eredivisie,Argentina,ST,,73,54
Cristian Cásseres Jr,Toulouse FC,Ligue 1 McDonald's,Venezuela,CDM,['CM'],73,89
Santiago Castro,Bologna,Serie A Enilive,Argentina,ST,['RW'],73,52
Oliver Christensen,Fiorentina,Serie A Enilive,Denmark,GK,,73,67
Alessandro Circati,Parma,Serie A Enilive,Australia,CB,,73,97
Lorenzo Colombo,Empoli,Serie A Enilive,Italy,ST,,73,100
Eray Cömert,R. Valladolid CF,LALIGA EA SPORTS,Switzerland,CB,,73,92
Diego Conde,Villarreal CF,LALIGA EA SPORTS,Spain,GK,,73,32
Nicolas Cozza,FC Nantes,Ligue 1 McDonald's,France,LB,['CB'],73,98
Miguel Crespo,Baþakþehir,Trendyol Süper Lig,Portugal,CM,['CDM'],73,99
Pejiño,UD Las Palmas,LALIGA EA SPORTS,Spain,RM,"['LM', 'RW']",73,61
Leonardo Lelo,Casa Pia AC,Liga Portugal,Portugal,LM,"['LB', 'LW']",73,112
Danny da Costa,1. FSV Mainz 05,Bundesliga,Germany,RB,['RM'],73,83
Abner Vinícius,OL,Ligue 1 McDonald's,Brazil,LB,,73,43
Mikkel Damsgaard,Brentford,Premier League,Denmark,CM,['LW'],73,70
Josh Dasilva,Brentford,Premier League,England,CM,,73,70
Pawe? Dawidowicz,Hellas Verona,Serie A Enilive,Poland,CB,,73,94
Miguel,CD Leganés,LALIGA EA SPORTS,Spain,ST,['RM'],73,78
Jeffrey de Lange,OM,Ligue 1 McDonald's,Holland,GK,,73,69
Cláudio Ramos,FC Porto,Liga Portugal,Portugal,GK,,73,27
Thibault De Smet,Stade de Reims,Ligue 1 McDonald's,Belgium,LB,,73,87
Ersin Destanoðlu,Beþiktaþ,Trendyol Süper Lig,Turkey,GK,,73,31
Habib Diarra,Strasbourg,Ligue 1 McDonald's,Senegal,CM,"['CDM', 'LM']",73,81
Sinaly Diomandé,AJ Auxerre,Ligue 1 McDonald's,Côte d'Ivoire,CB,,73,120
Matt Doherty,Wolves,Premier League,Republic of Ireland,RB,['RM'],73,73
Tomás Händel,Vitória SC,Liga Portugal,Portugal,CDM,['CM'],73,103
Carlos Miguel,Nott'm Forest,Premier League,Brazil,GK,,73,77
Kamory Doumbia,Stade Brestois 29,Ligue 1 McDonald's,Mali,CAM,['CM'],73,74
Patrick Drewes,VfL Bochum 1848,Bundesliga,Germany,GK,,73,107
Joël Drommel,PSV,Eredivisie,Holland,GK,,73,50
Omar El Hilali,RCD Espanyol,LALIGA EA SPORTS,Morocco,RB,['CB'],73,96
Emanuel Emegha,Strasbourg,Ligue 1 McDonald's,Holland,ST,,73,81
Julio César Enciso,Brighton,Premier League,Paraguay,CAM,"['LM', 'RM']",73,55
Samuel Essende,FC Augsburg,Bundesliga,France,ST,,73,101
Kiko Femenía,Villarreal CF,LALIGA EA SPORTS,Spain,RB,['RM'],73,32
Edimilson Fernandes,Stade Brestois 29,Ligue 1 McDonald's,Switzerland,CB,['RB'],73,74
Roger Fernandes,SC Braga,Liga Portugal,Portugal,LM,"['RM', 'LW']",73,48
Wes Foderingham,West Ham,Premier League,England,GK,,73,35
Fraser Forster,Spurs,Premier League,England,GK,,73,16
Francés,Girona FC,LALIGA EA SPORTS,Spain,CB,,73,36
Fresneda,Sporting CP,Liga Portugal,Spain,RB,"['CB', 'LB']",73,26
Marvin Friedrich,M'gladbach,Bundesliga,Germany,CB,,73,79
Kanya Fujimoto,Gil Vicente,Liga Portugal,Japan,CAM,,73,113
Manu Fuster,UD Las Palmas,LALIGA EA SPORTS,Spain,LM,"['RM', 'CM', 'LW']",73,61
Gianluca Gaetano,Cagliari,Serie A Enilive,Italy,CAM,['CM'],73,91
Gauthier Gallon,Stade Rennais FC,Ligue 1 McDonald's,France,GK,,73,86
Valentin Gendrey,TSG Hoffenheim,Bundesliga,France,RB,,73,39
Faouzi Ghoulam,Hatayspor,Trendyol Süper Lig,Algeria,LB,['CB'],73,133
Benedikt Gimber,Heidenheim,Bundesliga,Germany,CB,['CDM'],73,104
Sergi Gómez,RCD Espanyol,LALIGA EA SPORTS,Spain,CB,,73,96
Pedro Malheiro,Trabzonspor,Trendyol Süper Lig,Portugal,RB,,73,58
José Gragera,RCD Espanyol,LALIGA EA SPORTS,Spain,CDM,"['CM', 'CB']",73,96
Archie Gray,Spurs,Premier League,England,CDM,['RB'],73,16
Ivo Grbi?,Çaykur Rizespor,Trendyol Süper Lig,Croatia,GK,,73,123
Hugo Guillamón,Valencia CF,LALIGA EA SPORTS,Spain,CDM,"['CM', 'CB']",73,22
Manuel Gulde,SC Freiburg,Bundesliga,Germany,CB,,73,42
Gumbau,Rayo Vallecano,LALIGA EA SPORTS,Spain,CM,"['CDM', 'RM']",73,56
Günay Güvenç,Galatasaray,Trendyol Süper Lig,Turkey,GK,,73,12
Lewis Hall,Newcastle Utd,Premier League,England,LB,,73,21
Abdou Harroui,Hellas Verona,Serie A Enilive,Morocco,CM,['CDM'],73,94
Jorrel Hato,Ajax,Eredivisie,Holland,CB,['LB'],73,68
Philipp Hofmann,VfL Bochum 1848,Bundesliga,Germany,ST,,73,107
Casper Højer,Çaykur Rizespor,Trendyol Süper Lig,Denmark,LB,,73,123
Rob Holding,Crystal Palace,Premier League,England,CB,,73,51
Lucas Höler,SC Freiburg,Bundesliga,Germany,ST,['CAM'],73,42
Samuel Iling-Junior,Bologna,Serie A Enilive,England,LM,['LW'],73,52
Ben Johnson,Ipswich,Premier League,England,RB,['LB'],73,95
Paul Joly,AJ Auxerre,Ligue 1 McDonald's,France,RB,,73,120
Christopher Jullien,Montpellier,Ligue 1 McDonald's,France,CB,,73,71
Anthony Jung,SV Werder Bremen,Bundesliga,Germany,CB,['LB'],73,90
David Jurásek,TSG Hoffenheim,Bundesliga,Czech Republic,LB,['LM'],73,39
Issa Kaboré,SL Benfica,Liga Portugal,Burkina Faso,RB,,73,29
Hassane Kamara,Udinese,Serie A Enilive,Côte d'Ivoire,LB,['LM'],73,111
Jakub Kami?ski,VfL Wolfsburg,Bundesliga,Poland,LM,['LW'],73,62
Grigoris Kastanos,Hellas Verona,Serie A Enilive,Cyprus,CAM,"['CM', 'RM']",73,94
Reda Khadra,Stade de Reims,Ligue 1 McDonald's,Germany,CAM,['LM'],73,87
Hervé Koffi,RC Lens,Ligue 1 McDonald's,Burkina Faso,GK,,73,45
Boubakar Kouyaté,Montpellier,Ligue 1 McDonald's,Mali,CB,,73,71
Vladan Kovacevi?,Sporting CP,Liga Portugal,Serbia,GK,,73,26
Emil Krafth,Newcastle Utd,Premier League,Sweden,RB,['CB'],73,21
Elias Jelert,Galatasaray,Trendyol Süper Lig,Denmark,RB,['LB'],73,12
Bas Kuipers,FC Twente,Eredivisie,Holland,LB,,73,72
Daniel-Kofi Kyereh,SC Freiburg,Bundesliga,Ghana,CAM,['ST'],73,42
Nediljko Labrovi?,FC Augsburg,Bundesliga,Croatia,GK,,73,101
Stefan Lainer,M'gladbach,Bundesliga,Austria,RB,['RM'],73,79
Gianluca Lapadula,Cagliari,Serie A Enilive,Peru,ST,,73,91
Jacob Bruun Larsen,TSG Hoffenheim,Bundesliga,Denmark,LM,"['RM', 'ST', 'LW']",73,39
Latasa,R. Valladolid CF,LALIGA EA SPORTS,Spain,ST,,73,92
Valentino Lazaro,Torino,Serie A Enilive,Austria,LM,"['RM', 'LW']",73,37
Tomás Araújo,SL Benfica,Liga Portugal,Portugal,CB,,73,29
Johann Lepenant,FC Nantes,Ligue 1 McDonald's,France,CDM,['CM'],73,98
Keane Lewis-Potter,Brentford,Premier League,England,LW,"['ST', 'LM']",73,70
Mateusz Lis,Göztepe,Trendyol Süper Lig,Poland,GK,,73,134
Iker Losada,Real Betis,LALIGA EA SPORTS,Spain,RM,"['LM', 'CAM', 'RW']",73,38
Sandi Lovri?,Udinese,Serie A Enilive,Slovenia,CDM,['CM'],73,111
Massimo Luongo,Ipswich,Premier League,Australia,CDM,,73,95
Charalampos Lykogiannis,Bologna,Serie A Enilive,Greece,LB,['LM'],73,52
Antoine Makoumbou,Cagliari,Serie A Enilive,Congo,CDM,['CM'],73,91
Lennard Maloney,Heidenheim,Bundesliga,United States,CDM,['CM'],73,104
Braydon Manu,PEC Zwolle,Eredivisie,Ghana,RM,"['ST', 'RW']",73,135
Juan Carlos,Girona FC,LALIGA EA SPORTS,Spain,GK,,73,36
Erhan Mašovi?,VfL Bochum 1848,Bundesliga,Serbia,CB,['CDM'],73,107
Mata,UD Las Palmas,LALIGA EA SPORTS,Spain,ST,['LM'],73,61
Luca Mazzitelli,Como,Serie A Enilive,Italy,CM,['CDM'],73,47
Oli McBurnie,UD Las Palmas,LALIGA EA SPORTS,Scotland,ST,,73,61
Bamo Meïté,OM,Ligue 1 McDonald's,Côte d'Ivoire,CB,,73,69
Jubal,AJ Auxerre,Ligue 1 McDonald's,Brazil,CB,,73,120
João Mendes,Vitória SC,Liga Portugal,Portugal,LW,"['CM', 'CAM', 'LM']",73,103
Batista Mendy,Trabzonspor,Trendyol Süper Lig,France,CDM,"['CM', 'CB']",73,58
Fredrik Midtsjø,Eyüpspor,Trendyol Süper Lig,Norway,CM,['CDM'],73,127
Salvador Agra,Boavista FC,Liga Portugal,Portugal,RM,"['RB', 'LM', 'RW']",73,130
Pere Milla,RCD Espanyol,LALIGA EA SPORTS,Spain,ST,"['LM', 'LB']",73,96
Jakub Moder,Brighton,Premier League,Poland,CM,"['CDM', 'CAM']",73,55
Florent Mollet,FC Nantes,Ligue 1 McDonald's,France,CAM,"['CM', 'RM']",73,98
Emre Mor,Fenerbahçe,Trendyol Süper Lig,Turkey,RM,"['LM', 'CAM', 'RW']",73,30
Tete Morente,Lecce,Serie A Enilive,Spain,LM,"['RM', 'LW']",73,65
Gabriel Moscardo,Stade de Reims,Ligue 1 McDonald's,Brazil,CDM,['CM'],73,87
Florent Muslija,SC Freiburg,Bundesliga,Kosovo,CAM,"['LM', 'CM']",73,42
Andrey Santos,Strasbourg,Ligue 1 McDonald's,Brazil,CM,['CDM'],73,81
Sebastian Nanasi,Strasbourg,Ligue 1 McDonald's,Sweden,LM,"['CAM', 'RM', 'LW']",73,81
Cyril Ngonge,SSC Napoli,Serie A Enilive,Belgium,RM,"['CAM', 'ST', 'RW']",73,20
Tanguy Nianzou,Sevilla FC,LALIGA EA SPORTS,France,CB,,73,66
Moritz Nicolas,M'gladbach,Bundesliga,Germany,GK,,73,79
Justin Njinmah,SV Werder Bremen,Bundesliga,Germany,ST,['RM'],73,90
Niels Nkounkou,Frankfurt,Bundesliga,France,LB,['LM'],73,46
Andries Noppert,sc Heerenveen,Eredivisie,Holland,GK,,73,136
Armando Obispo,PSV,Eredivisie,Holland,CB,,73,50
Jens Odgaard,Bologna,Serie A Enilive,Denmark,ST,['RW'],73,52
Wilson Odobert,Spurs,Premier League,France,LM,"['RM', 'ST', 'LW']",73,16
Chiedozie Ogbene,Ipswich,Premier League,Republic of Ireland,RB,['RM'],73,95
Brian Oliván,RCD Espanyol,LALIGA EA SPORTS,Spain,LB,,73,96
Jorge Fernandes,Vitória SC,Liga Portugal,Portugal,CB,,73,103
Samu,FC Porto,Liga Portugal,Spain,ST,,73,27
Karim Onisiwo,1. FSV Mainz 05,Bundesliga,Austria,ST,,73,83
Divock Origi,AC Milan,Serie A Enilive,Belgium,ST,,73,14
Reece Oxford,FC Augsburg,Bundesliga,England,CB,,73,101
Pacheco,RCD Espanyol,LALIGA EA SPORTS,Spain,GK,,73,96
Nicolas Pallois,FC Nantes,Ligue 1 McDonald's,France,CB,,73,98
Kevin Paredes,VfL Wolfsburg,Bundesliga,United States,LM,"['LB', 'LW']",73,62
Aleksandar Pavlovi?,FC Bayern München,Bundesliga,Germany,CDM,['CM'],73,3
Martín Payero,Udinese,Serie A Enilive,Argentina,CM,['CDM'],73,111
Marcus Holmgren Pedersen,Torino,Serie A Enilive,Norway,RM,"['LM', 'RB', 'RW']",73,37
Mads Pedersen,FC Augsburg,Bundesliga,Denmark,LB,['LM'],73,101
Iñaki Peña,FC Barcelona,LALIGA EA SPORTS,Spain,GK,,73,8
Ricardo Pepi,PSV,Eredivisie,United States,ST,,73,50
Luis Pérez,R. Valladolid CF,LALIGA EA SPORTS,Spain,RB,,73,92
Fran Pérez,Valencia CF,LALIGA EA SPORTS,Spain,RM,"['LM', 'RW']",73,22
Kike Pérez,R. Valladolid CF,LALIGA EA SPORTS,Spain,CM,"['CAM', 'CDM']",73,92
Pavao Pervan,VfL Wolfsburg,Bundesliga,Austria,GK,,73,62
Andrea Petagna,Monza,Serie A Enilive,Italy,ST,,73,80
Andrea Pinamonti,Genoa,Serie A Enilive,Italy,ST,,73,93
Abdón Prats,RCD Mallorca,LALIGA EA SPORTS,Spain,ST,,73,41
Dirk Proper,N.E.C. Nijmegen,Eredivisie,Holland,CDM,['CM'],73,108
Leopold Querfeld,Union Berlin,Bundesliga,Austria,CB,,73,82
Dani Raba,CD Leganés,LALIGA EA SPORTS,Spain,RM,"['ST', 'RW']",73,78
Diant Ramaj,Ajax,Eredivisie,Germany,GK,,73,68
Juanpe,Girona FC,LALIGA EA SPORTS,Spain,CB,,73,36
Andrei Ra?iu,Rayo Vallecano,LALIGA EA SPORTS,Romania,RB,['RM'],73,56
Jason,Arouca,Liga Portugal,Spain,RM,"['LM', 'LW', 'RW']",73,128
Devyne Rensch,Ajax,Eredivisie,Holland,RB,"['CB', 'LB']",73,68
Amir Richardson,Fiorentina,Serie A Enilive,Morocco,CM,['CDM'],73,67
Mihailo Risti?,RC Celta,LALIGA EA SPORTS,Serbia,LB,,73,25
Mads Roerslev,Brentford,Premier League,Denmark,RB,,73,70
Leo Román,RCD Mallorca,LALIGA EA SPORTS,Spain,GK,,73,41
Isaac,Sevilla FC,LALIGA EA SPORTS,Spain,ST,"['LW', 'RW']",73,66
Daan Rots,FC Twente,Eredivisie,Holland,RM,['RW'],73,72
Matteo Ruggeri,Atalanta,Serie A Enilive,Italy,LM,['LW'],73,40
Alan Ruiz,Estrela Amadora,Liga Portugal,Argentina,CAM,"['CM', 'ST']",73,132
André Franco,FC Porto,Liga Portugal,Portugal,RM,"['CM', 'CAM', 'RW']",73,27
Serdar Saatçý,Trabzonspor,Trendyol Süper Lig,Turkey,CB,,73,58
Abdelhamid Sabiri,Fiorentina,Serie A Enilive,Morocco,CAM,"['CM', 'ST']",73,67
Modibo Sagnan,Montpellier,Ligue 1 McDonald's,Mali,CB,,73,71
Kike Salas,Sevilla FC,LALIGA EA SPORTS,Spain,CB,['LB'],73,66
Iván Sánchez,R. Valladolid CF,LALIGA EA SPORTS,Spain,RM,"['CM', 'CAM', 'RW']",73,92
Antonio Sánchez,RCD Mallorca,LALIGA EA SPORTS,Spain,RM,"['CM', 'RW']",73,41
Arouna Sangante,Havre AC,Ligue 1 McDonald's,Senegal,CB,['RB'],73,115
Jeffrey Schlupp,Crystal Palace,Premier League,Ghana,LW,"['CM', 'LM']",73,51
Jan Schöppner,Heidenheim,Bundesliga,Germany,CDM,['CM'],73,104
Simone Scuffet,Cagliari,Serie A Enilive,Italy,GK,,73,91
Zito Luvumbo,Cagliari,Serie A Enilive,Angola,ST,"['LM', 'RM']",73,91
Aleksandar Sedlar,D. Alavés,LALIGA EA SPORTS,Serbia,CB,['CDM'],73,88
Jordan Siebatcheu,Union Berlin,Bundesliga,United States,ST,,73,82
Kiliann Sildillia,SC Freiburg,Bundesliga,France,RB,"['CB', 'RM']",73,42
Ricardo Velho,Farense,Liga Portugal,Portugal,GK,,73,137
Tim Skarke,Union Berlin,Bundesliga,Germany,ST,"['RM', 'LM']",73,82
Will Smallbone,Southampton,Premier League,Republic of Ireland,CM,,73,57
Eric Smith,FC St. Pauli,Bundesliga,Sweden,CB,['CDM'],73,125
Adam Smith,AFC Bournemouth,Premier League,England,RB,,73,64
Fábio Silva,UD Las Palmas,LALIGA EA SPORTS,Portugal,ST,['LW'],73,61
Ola Solbakken,Empoli,Serie A Enilive,Norway,RM,"['RW', 'LW']",73,100
Jack Stephens,Southampton,Premier League,England,CB,,73,57
Gabriel Suazo,Toulouse FC,Ligue 1 McDonald's,Chile,LB,['LM'],73,89
Morlaye Sylla,Arouca,Liga Portugal,Guinea,LM,"['RM', 'CM', 'LW']",73,128
Haris Tabakovi?,TSG Hoffenheim,Bundesliga,Bosnia and Herzegovina,ST,,73,39
Oussama Targhalline,Havre AC,Ligue 1 McDonald's,Morocco,CM,['CDM'],73,115
Jackson Tchatchoua,Hellas Verona,Serie A Enilive,Cameroon,RB,"['RM', 'LM']",73,94
Álvaro Tejero,RCD Espanyol,LALIGA EA SPORTS,Spain,RB,,73,96
Dorukhan Toköz,Eyüpspor,Trendyol Süper Lig,Turkey,CM,"['CDM', 'RB']",73,127
Omar Haktab Traoré,Heidenheim,Bundesliga,Germany,RB,,73,104
Mark Travers,AFC Bournemouth,Premier League,Republic of Ireland,GK,,73,64
Axel Tuanzebe,Ipswich,Premier League,England,CB,['RB'],73,95
Ozan Tufan,Trabzonspor,Trendyol Süper Lig,Turkey,CAM,['ST'],73,58
Deniz Türüç,Baþakþehir,Trendyol Süper Lig,Turkey,RM,"['CM', 'RW']",73,99
Salih Uçan,Beþiktaþ,Trendyol Süper Lig,Turkey,CM,"['CDM', 'CAM']",73,31
Lesley Ugochukwu,Southampton,Premier League,France,CDM,['CM'],73,57
Vallejo,Real Madrid,LALIGA EA SPORTS,Spain,CB,,73,1
Siebe Van der Heyden,RCD Mallorca,LALIGA EA SPORTS,Belgium,CB,,73,41
Mike van der Hoorn,FC Utrecht,Eredivisie,Holland,CB,,73,121
Miloš Veljkovi?,SV Werder Bremen,Bundesliga,Serbia,CB,,73,90
Villalibre,D. Alavés,LALIGA EA SPORTS,Spain,ST,,73,88
Nicolas Viola,Cagliari,Serie A Enilive,Italy,CAM,,73,91
Michel Vlap,FC Twente,Eredivisie,Holland,LM,"['CAM', 'LW']",73,72
Joel Ward,Crystal Palace,Premier League,England,RB,['CB'],73,51
Owen Wijndal,Ajax,Eredivisie,Holland,LB,,73,68
Maximilian Wittek,VfL Bochum 1848,Bundesliga,Germany,LB,['LM'],73,107
Luke Woolfenden,Ipswich,Premier League,England,CB,,73,95
Ashley Young,Everton,Premier League,England,RB,['LB'],73,33
Miha Zajc,Toulouse FC,Ligue 1 McDonald's,Slovenia,CM,['CAM'],73,89
Anass Zaroury,RC Lens,Ligue 1 McDonald's,Morocco,LM,['LW'],73,45
Akim Zedadka,LOSC Lille,Ligue 1 McDonald's,Algeria,RB,['LB'],73,49
Félix Correia,Gil Vicente,Liga Portugal,Portugal,LM,"['ST', 'LW']",72,113
Abdelkabir Abqar,D. Alavés,LALIGA EA SPORTS,Morocco,CB,,72,88
Dapo Afolayan,FC St. Pauli,Bundesliga,England,RW,"['LW', 'ST', 'RM']",72,125
Lucien Agoumé,Sevilla FC,LALIGA EA SPORTS,France,CM,['CDM'],72,66
Felix Agu,SV Werder Bremen,Bundesliga,Germany,LB,['RB'],72,90
Yunus Akgün,Galatasaray,Trendyol Süper Lig,Turkey,RM,"['CAM', 'RW']",72,12
Marvin,UD Las Palmas,LALIGA EA SPORTS,Spain,RM,"['RB', 'RW']",72,61
Paul Akouokou,OL,Ligue 1 McDonald's,Côte d'Ivoire,CDM,,72,43
Ameen Al Dakhil,VfB Stuttgart,Bundesliga,Belgium,CB,,72,60
Danijel Aleksi?,Konyaspor,Trendyol Süper Lig,Serbia,CM,['CAM'],72,102
Tadeo Allende,RC Celta,LALIGA EA SPORTS,Argentina,RM,"['LM', 'ST', 'RW']",72,25
Robson Bambu,SC Braga,Liga Portugal,Brazil,CB,,72,48
Kelvin Amian,FC Nantes,Ligue 1 McDonald's,France,RB,['CB'],72,98
Dennis Appiah,AS Saint-Étienne,Ligue 1 McDonald's,France,RB,['CB'],72,110
Yáser Asprilla,Girona FC,LALIGA EA SPORTS,Colombia,RW,"['RM', 'CAM']",72,36
Tommaso Augello,Cagliari,Serie A Enilive,Italy,LB,['LM'],72,91
Gustavo Sá,FC Famalicão,Liga Portugal,Portugal,CAM,['CM'],72,109
Mitchel Bakker,LOSC Lille,Ligue 1 McDonald's,Holland,LM,"['LB', 'LW']",72,49
Lameck Banda,Lecce,Serie A Enilive,Zambia,LW,['LM'],72,65
Federico Barba,Como,Serie A Enilive,Italy,CB,,72,47
Borna Bariši?,Trabzonspor,Trendyol Süper Lig,Croatia,LB,,72,58
Maximilian Bauer,FC Augsburg,Bundesliga,Germany,CB,,72,101
Timo Becker,Holstein Kiel,Bundesliga,Germany,RB,"['CB', 'RM']",72,124
Kristijan Beli?,AZ,Eredivisie,Serbia,CDM,['CM'],72,76
Stefan Bell,1. FSV Mainz 05,Bundesliga,Germany,CB,,72,83
Adrian Benedyczak,Parma,Serie A Enilive,Poland,LM,"['ST', 'RM', 'LW']",72,97
Daniel Bentley,Wolves,Premier League,England,GK,,72,73
Matúš Bero,VfL Bochum 1848,Bundesliga,Slovakia,CM,"['CAM', 'RM']",72,107
Myron Boadu,VfL Bochum 1848,Bundesliga,Holland,ST,,72,107
Oscar Bobb,Manchester City,Premier League,Norway,RW,['RM'],72,2
Bruno Gaspar,Vitória SC,Liga Portugal,Angola,RM,"['RB', 'RW']",72,103
Toni Borevkovi?,Vitória SC,Liga Portugal,Croatia,CB,,72,103
Róbert Bo?eník,Boavista FC,Liga Portugal,Slovakia,ST,,72,130
Matthias Braunöder,Como,Serie A Enilive,Austria,CM,['CDM'],72,47
Nathan Broadhead,Ipswich,Premier League,Wales,LM,['LW'],72,95
Gianni Bruno,Eyüpspor,Trendyol Süper Lig,Belgium,ST,['RW'],72,127
Hugo Bueno,Feyenoord,Eredivisie,Spain,LB,['LM'],72,54
Cameron Burgess,Ipswich,Premier League,Australia,CB,,72,95
Wes Burns,Ipswich,Premier League,Wales,RM,['RW'],72,95
Marnon Busch,Heidenheim,Bundesliga,Germany,RB,,72,104
Jimmy Cabot,RC Lens,Ligue 1 McDonald's,France,RB,['RM'],72,45
Liberato Cacace,Empoli,Serie A Enilive,New Zealand,LB,['LM'],72,100
Matteo Cancellieri,Parma,Serie A Enilive,Italy,LW,"['CAM', 'LM']",72,97
Antonio Candela,Venezia,Serie A Enilive,Italy,RB,,72,117
Valentín Carboni,OM,Ligue 1 McDonald's,Argentina,CAM,"['ST', 'RM']",72,69
Carlos Mané,Kayserispor,Trendyol Süper Lig,Guinea-Bissau,LM,"['RW', 'RM', 'LW']",72,138
Carmona,Sevilla FC,LALIGA EA SPORTS,Spain,RM,"['RB', 'RW']",72,66
Dário Essugo,UD Las Palmas,LALIGA EA SPORTS,Portugal,CDM,['CM'],72,61
Jhoanner Chávez,RC Lens,Ligue 1 McDonald's,Ecuador,LB,['LM'],72,45
Leandro Chichizola,Parma,Serie A Enilive,Argentina,GK,,72,97
Hamza Choudhury,Leicester City,Premier League,England,RB,"['CDM', 'CM']",72,85
Carney Chukwuemeka,Chelsea,Premier League,England,CAM,['CM'],72,24
Derek Cornelius,OM,Ligue 1 McDonald's,Canada,CB,,72,69
Charlie Cresswell,Toulouse FC,Ligue 1 McDonald's,England,CB,,72,89
Pau Cubarsí,FC Barcelona,LALIGA EA SPORTS,Spain,CB,,72,8
Nuno da Costa,Kasýmpaþa,Trendyol Süper Lig,Cape Verde Islands,ST,,72,84
Zé Pedro,FC Porto,Liga Portugal,Portugal,CB,,72,27
Riccieli,FC Famalicão,Liga Portugal,Brazil,CB,,72,109
Zuriko Davitashvili,AS Saint-Étienne,Ligue 1 McDonald's,Georgia,LM,"['RM', 'LW']",72,110
Luca de la Torre,RC Celta,LALIGA EA SPORTS,United States,CM,['LM'],72,25
Lorenzo De Silvestri,Bologna,Serie A Enilive,Italy,RB,['RM'],72,52
Tiago Esgaio,Arouca,Liga Portugal,Portugal,RB,"['LB', 'CB']",72,128
Alan,Moreirense FC,Liga Portugal,Brazil,CAM,,72,122
Koni De Winter,Genoa,Serie A Enilive,Belgium,CB,['RB'],72,93
Thomas Delaine,Strasbourg,Ligue 1 McDonald's,France,LB,['LM'],72,81
Olivier Deman,SV Werder Bremen,Bundesliga,Belgium,LB,['LM'],72,90
Emmanuel Dennis,Nott'm Forest,Premier League,Nigeria,LM,"['ST', 'LW']",72,77
Gianluca Di Chiara,Parma,Serie A Enilive,Italy,LB,,72,97
Oumar Diakité,Stade de Reims,Ligue 1 McDonald's,Côte d'Ivoire,ST,,72,87
Bamba Dieng,Angers SCO,Ligue 1 McDonald's,Senegal,ST,,72,131
Loïs Diony,Angers SCO,Ligue 1 McDonald's,France,ST,,72,131
Jaume,Valencia CF,LALIGA EA SPORTS,Spain,GK,,72,22
Aron Dønnum,Toulouse FC,Ligue 1 McDonald's,Norway,RM,"['LM', 'RW']",72,89
Guéla Doué,Strasbourg,Ligue 1 McDonald's,Côte d'Ivoire,RB,,72,81
Ismaël Doukouré,Strasbourg,Ligue 1 McDonald's,France,CDM,"['CM', 'CB']",72,81
Carel Eiting,FC Twente,Eredivisie,Holland,CM,['CDM'],72,72
Jurgen Ekkelenkamp,Udinese,Serie A Enilive,Holland,CAM,"['CM', 'CDM']",72,111
Martin Erli?,Bologna,Serie A Enilive,Croatia,CB,,72,52
Sebastiano Esposito,Empoli,Serie A Enilive,Italy,ST,['CAM'],72,100
Nahuel Estévez,Parma,Serie A Enilive,Argentina,CDM,['CM'],72,97
Cláudio Falcão,Farense,Liga Portugal,Brazil,CDM,"['CM', 'CB']",72,137
Zinedine Ferhat,Angers SCO,Ligue 1 McDonald's,Algeria,RM,"['LM', 'RW']",72,131
Álvaro Carreras,SL Benfica,Liga Portugal,Spain,LB,['LM'],72,29
Frederico Venâncio,Santa Clara,Liga Portugal,Portugal,CB,,72,139
Kilian Fischer,VfL Wolfsburg,Bundesliga,Germany,RB,"['CM', 'RM']",72,62
Ryan Flamingo,PSV,Eredivisie,Holland,CB,['CDM'],72,50
David Datro Fofana,Chelsea,Premier League,Côte d'Ivoire,ST,,72,24
Malick Fofana,OL,Ligue 1 McDonald's,Belgium,LW,['LM'],72,43
Yahia Fofana,Angers SCO,Ligue 1 McDonald's,Côte d'Ivoire,GK,,72,131
Jonas Föhrenbach,Heidenheim,Bundesliga,Germany,LB,,72,104
Ryan Fraser,Southampton,Premier League,Scotland,LW,['LM'],72,57
Ignatius Ganago,FC Nantes,Ligue 1 McDonald's,Cameroon,ST,['LM'],72,98
Ulisses Garcia,OM,Ligue 1 McDonald's,Switzerland,LB,,72,69
Kialonda Gaspar,Lecce,Serie A Enilive,Angola,CB,,72,65
Lautaro Giannetti,Udinese,Serie A Enilive,Argentina,CB,,72,111
Dimitris Giannoulis,FC Augsburg,Bundesliga,Greece,LB,,72,101
Edoardo Goldaniga,Como,Serie A Enilive,Italy,CB,,72,47
Rodrigo Gomes,Wolves,Premier League,Portugal,RW,"['LW', 'RM']",72,73
Unai Gómez,Athletic Club,LALIGA EA SPORTS,Spain,CAM,"['CM', 'LM']",72,19
Sergio,CD Leganés,LALIGA EA SPORTS,Spain,CB,,72,78
Morgan Guilavogui,FC St. Pauli,Bundesliga,Guinea,ST,['RM'],72,125
Serdar Gürler,Baþakþehir,Trendyol Süper Lig,Turkey,LM,"['RM', 'LW']",72,99
Kortney Hause,Aston Villa,Premier League,England,CB,,72,17
Christophe Hérelle,Bodrum FK,Trendyol Süper Lig,France,CB,,72,140
Javi Hernández,CD Leganés,LALIGA EA SPORTS,Spain,LB,['CB'],72,78
Ki-Jana Hoever,AJ Auxerre,Ligue 1 McDonald's,Holland,RB,['RM'],72,120
Benedict Hollerbach,Union Berlin,Bundesliga,Germany,ST,"['CAM', 'RM']",72,82
Timo Horn,VfL Bochum 1848,Bundesliga,Germany,GK,,72,107
Hwang Ui Jo,Nott'm Forest,Premier League,Korea Republic,ST,,72,77
Jeong Woo Yeong,Union Berlin,Bundesliga,Korea Republic,CAM,['ST'],72,82
Tino Kadewere,FC Nantes,Ligue 1 McDonald's,Zimbabwe,ST,['RM'],72,98
Yann Karamoh,Torino,Serie A Enilive,France,LM,"['ST', 'RM', 'LW']",72,37
Yassine Kechta,Havre AC,Ligue 1 McDonald's,Morocco,CM,['CDM'],72,115
Olivier Kemen,Baþakþehir,Trendyol Süper Lig,Cameroon,CM,"['CAM', 'CDM']",72,99
Marc-Oliver Kempf,Como,Serie A Enilive,Germany,CB,,72,47
Wahbi Khazri,Montpellier,Ligue 1 McDonald's,Tunisia,ST,['LM'],72,71
Abdukodir Khusanov,RC Lens,Ligue 1 McDonald's,Uzbekistan,CB,,72,45
Semih Kýlýçsoy,Beþiktaþ,Trendyol Süper Lig,Turkey,ST,"['LW', 'RM']",72,31
Joshua Kitolano,Sparta Rotterdam,Eredivisie,Norway,CM,['CDM'],72,106
Kenan Kodro,Gaziantep,Trendyol Süper Lig,Bosnia and Herzegovina,ST,,72,116
Mats Köhlert,sc Heerenveen,Eredivisie,Germany,LB,,72,136
Ismaël Koné,OM,Ligue 1 McDonald's,Canada,CM,,72,69
Sam Larsson,Antalyaspor,Trendyol Süper Lig,Sweden,LM,"['CAM', 'ST', 'LW']",72,141
Tobias Lauritsen,Sparta Rotterdam,Eredivisie,Norway,ST,,72,106
Maxim Leitsch,1. FSV Mainz 05,Bundesliga,Germany,CB,,72,83
Roberto López,CD Leganés,LALIGA EA SPORTS,Spain,CAM,"['RM', 'ST']",72,78
Lorenzo Lucca,Udinese,Serie A Enilive,Italy,ST,,72,111
Tomás Ribeiro,Vitória SC,Liga Portugal,Portugal,CB,,72,103
Soungoutou Magassa,AS Monaco,Ligue 1 McDonald's,France,CB,,72,53
Frank Magri,Toulouse FC,Ligue 1 McDonald's,Cameroon,ST,['LM'],72,89
Gaius Makouta,Alanyaspor,Trendyol Süper Lig,Congo,CDM,"['CM', 'CAM']",72,126
Youssef Maleh,Empoli,Serie A Enilive,Morocco,CM,,72,100
Christos Mandas,Lazio,Serie A Enilive,Greece,GK,,72,34
Vito Mannone,LOSC Lille,Ligue 1 McDonald's,Italy,GK,,72,49
Jonas Martin,Stade Brestois 29,Ligue 1 McDonald's,France,CDM,['CM'],72,74
Aarón,Genoa,Serie A Enilive,Spain,LB,['LM'],72,93
Adam Masina,Torino,Serie A Enilive,Morocco,CB,['LB'],72,37
Eliot Matazo,AS Monaco,Ligue 1 McDonald's,Belgium,CDM,['CM'],72,53
Christian Mawissa,AS Monaco,Ligue 1 McDonald's,France,CB,"['RB', 'LB']",72,53
Pasquale Mazzocchi,SSC Napoli,Serie A Enilive,Italy,RM,"['LM', 'RB', 'RW']",72,20
Levent Mercan,Fenerbahçe,Trendyol Süper Lig,Turkey,LB,['LM'],72,30
Valentin Mih?il?,Parma,Serie A Enilive,Romania,LM,['LW'],72,97
Lewis Miley,Newcastle Utd,Premier League,England,CM,,72,21
Ilaix Moriba,RC Celta,LALIGA EA SPORTS,Guinea,CM,['CAM'],72,25
Tyler Morton,Liverpool,Premier League,England,CDM,['CM'],72,6
Florian Müller,SC Freiburg,Bundesliga,Germany,GK,,72,42
Junior Mwanga,Strasbourg,Ligue 1 McDonald's,France,CDM,['CM'],72,81
Robert Navarro,RCD Mallorca,LALIGA EA SPORTS,Spain,LM,"['CM', 'LW']",72,41
Umut Nayir,Konyaspor,Trendyol Süper Lig,Turkey,ST,,72,102
Loïc Négo,Havre AC,Ligue 1 McDonald's,Hungary,RM,['RW'],72,115
Nathan Ngoumou,M'gladbach,Bundesliga,France,RM,"['RW', 'LM']",72,79
Stanley Nsoki,TSG Hoffenheim,Bundesliga,France,CB,['LB'],72,39
Kenedy,R. Valladolid CF,LALIGA EA SPORTS,Brazil,LM,"['RM', 'ST', 'LW']",72,92
Antonio Nusa,RB Leipzig,Bundesliga,Norway,LM,"['LW', 'RM']",72,23
Bram Nuytinck,N.E.C. Nijmegen,Eredivisie,Holland,CB,,72,108
Caleb Okoli,Leicester City,Premier League,Italy,CB,,72,85
João Gonçalves,Boavista FC,Liga Portugal,Portugal,GK,,72,130
Kewin,Moreirense FC,Liga Portugal,Brazil,GK,,72,122
Jean Onana,Beþiktaþ,Trendyol Süper Lig,Cameroon,CM,['CDM'],72,31
Frank Onyeka,FC Augsburg,Bundesliga,Nigeria,CM,['CDM'],72,101
Gabriel Osho,AJ Auxerre,Ligue 1 McDonald's,Nigeria,CB,,72,120
Yordan Osorio,Parma,Serie A Enilive,Venezuela,CB,,72,97
Leo Østigård,Stade Rennais FC,Ligue 1 McDonald's,Norway,CB,,72,86
Rémi Oudin,Lecce,Serie A Enilive,France,RW,"['LW', 'CAM', 'RM']",72,65
Berkay Özcan,Baþakþehir,Trendyol Süper Lig,Turkey,CM,"['CDM', 'ST']",72,99
Berat Özdemir,Baþakþehir,Trendyol Süper Lig,Turkey,CM,['CDM'],72,99
Renato Veiga,Chelsea,Premier League,Portugal,CDM,"['CB', 'LB']",72,24
Remko Pasveer,Ajax,Eredivisie,Holland,GK,,72,68
Dimitrios Pelkas,Baþakþehir,Trendyol Süper Lig,Greece,CAM,"['LM', 'CM']",72,99
Alexandre Penetra,AZ,Eredivisie,Portugal,CB,['RB'],72,76
Daniel Peretz,FC Bayern München,Bundesliga,Israel,GK,,72,3
Sebastián Pérez,Boavista FC,Liga Portugal,Colombia,CDM,['CM'],72,130
Gaëtan Perrin,AJ Auxerre,Ligue 1 McDonald's,France,LM,"['RM', 'LW']",72,120
Marvin Pieringer,Heidenheim,Bundesliga,Germany,ST,,72,104
Carlo Pinsoglio,Juventus,Serie A Enilive,Italy,GK,,72,18
Samuel Portugal,FC Porto,Liga Portugal,Brazil,GK,,72,27
Matteo Prati,Cagliari,Serie A Enilive,Italy,CDM,['CM'],72,91
Ionu? Andrei Radu,Inter,Serie A Enilive,Romania,GK,,72,7
Youri Regeer,FC Twente,Eredivisie,Holland,RB,"['LB', 'CM']",72,72
Chadi Riad,Crystal Palace,Premier League,Morocco,CB,,72,51
Kiko Bondoso,Rio Ave FC,Liga Portugal,Portugal,LW,"['RW', 'LM']",72,114
Omar Richards,Rio Ave FC,Liga Portugal,England,LB,,72,114
Luka Romero,D. Alavés,LALIGA EA SPORTS,Argentina,RM,['RW'],72,88
Tom Rothe,Union Berlin,Bundesliga,Germany,LB,['LM'],72,82
Falaye Sacko,Montpellier,Ligue 1 McDonald's,Mali,RB,,72,71
Manolis Saliakas,FC St. Pauli,Bundesliga,Greece,RB,['RM'],72,125
Juanlu Sánchez,Sevilla FC,LALIGA EA SPORTS,Spain,RB,,72,66
Philipp Sander,M'gladbach,Bundesliga,Germany,CM,['CDM'],72,79
Ivo Rodrigues,Arouca,Liga Portugal,Portugal,CM,['CAM'],72,128
Kevin Schade,Brentford,Premier League,Germany,LW,"['ST', 'RW', 'LM']",72,70
Andreas Schjelderup,SL Benfica,Liga Portugal,Norway,LW,"['RW', 'CAM', 'LM']",72,29
Niklas Schmidt,Toulouse FC,Ligue 1 McDonald's,Germany,CM,['CAM'],72,89
Lasse Schøne,N.E.C. Nijmegen,Eredivisie,Denmark,CM,['CDM'],72,108
Eldor Shomurodov,AS Roma,Serie A Enilive,Uzbekistan,ST,,72,13
Djibril Sidibé,Toulouse FC,Ligue 1 McDonald's,France,RB,['LB'],72,89
Giuliano Simeone,Atlético de Madrid,LALIGA EA SPORTS,Argentina,ST,,72,9
Daley Sinkgraven,UD Las Palmas,LALIGA EA SPORTS,Holland,LB,['LM'],72,61
Ibrahim Sissoko,AS Saint-Étienne,Ligue 1 McDonald's,Mali,ST,,72,110
Steven Skrzybski,Holstein Kiel,Bundesliga,Germany,ST,['CAM'],72,124
Brenner,Udinese,Serie A Enilive,Brazil,ST,,72,111
Ali Sowe,Çaykur Rizespor,Trendyol Süper Lig,Gambia,ST,,72,123
Djed Spence,Spurs,Premier League,England,RB,,72,16
Mamadou Sylla,R. Valladolid CF,LALIGA EA SPORTS,Senegal,ST,"['RM', 'LM']",72,92
Issiaga Sylla,Montpellier,Ligue 1 McDonald's,Guinea,LB,,72,71
Abakar Sylla,Strasbourg,Ligue 1 McDonald's,Côte d'Ivoire,CB,,72,81
Florian Tardieu,AS Saint-Étienne,Ligue 1 McDonald's,France,CDM,['CM'],72,110
Chiquinho,RCD Mallorca,LALIGA EA SPORTS,Portugal,LW,"['RW', 'LM']",72,41
Charlie Taylor,Southampton,Premier League,England,LB,,72,57
Casper Tengstedt,Hellas Verona,Serie A Enilive,Denmark,ST,,72,94
Florian Thauvin,Udinese,Serie A Enilive,France,ST,,72,111
Morten Thorsby,Genoa,Serie A Enilive,Norway,CM,,72,93
Harry Toffolo,Nott'm Forest,Premier League,England,LB,,72,77
Isaak Touré,Udinese,Serie A Enilive,France,CB,,72,111
El Bilal Touré,VfB Stuttgart,Bundesliga,Mali,ST,,72,60
Abdoulaye Touré,Havre AC,Ligue 1 McDonald's,Guinea,CDM,['CM'],72,115
Can Uzun,Frankfurt,Bundesliga,Turkey,CAM,"['ST', 'CM']",72,46
Emanuele Valeri,Parma,Serie A Enilive,Italy,LB,['LM'],72,97
Mattia Valoti,Monza,Serie A Enilive,Italy,CM,['CAM'],72,80
Denis Vavro,VfL Wolfsburg,Bundesliga,Slovakia,CB,,72,62
Nick Viergever,FC Utrecht,Eredivisie,Holland,CB,['LB'],72,121
Marios Vrousai,Rio Ave FC,Liga Portugal,Greece,LM,"['CAM', 'RM', 'LW']",72,114
Hauke Wahl,FC St. Pauli,Bundesliga,Germany,CB,,72,125
Danny Ward,Leicester City,Premier League,Wales,GK,,72,85
Noah Weißhaupt,SC Freiburg,Bundesliga,Germany,LM,"['RM', 'CAM', 'LW']",72,42
Mateusz Wieteska,Cagliari,Serie A Enilive,Poland,CB,,72,91
Cláudio Winck,Kasýmpaþa,Trendyol Süper Lig,Brazil,RB,,72,84
Étienne Youté Kinkoué,Havre AC,Ligue 1 McDonald's,France,CB,,72,115
Francesco Zampano,Venezia,Serie A Enilive,Italy,LB,['RB'],72,117
Alessandro Zanoli,Genoa,Serie A Enilive,Italy,RB,['RM'],72,93
Zarraga,Udinese,Serie A Enilive,Spain,CM,['CDM'],72,111
Nermin Zoloti?,Casa Pia AC,Liga Portugal,Bosnia and Herzegovina,CB,,72,112
Szymon ?urkowski,Empoli,Serie A Enilive,Poland,CM,['CAM'],72,100
Ali Abdi,OGC Nice,Ligue 1 McDonald's,Tunisia,LB,,71,63
Matthis Abline,FC Nantes,Ligue 1 McDonald's,France,ST,['LM'],71,98
Jean-Eudes Aholou,Angers SCO,Ligue 1 McDonald's,Côte d'Ivoire,CM,['CDM'],71,131
Halil Akbunar,Eyüpspor,Trendyol Süper Lig,Turkey,RM,"['LM', 'RW']",71,127
Gonçalo Borges,FC Porto,Liga Portugal,Portugal,LM,"['RM', 'LW']",71,27
Jim Allevinah,Angers SCO,Ligue 1 McDonald's,Gabon,RM,"['LM', 'RW']",71,131
Altimira,Real Betis,LALIGA EA SPORTS,Spain,CM,['CDM'],71,38
Lucas Lima,Baþakþehir,Trendyol Süper Lig,Brazil,LB,,71,99
Mattia Bani,Genoa,Serie A Enilive,Italy,CB,,71,93
Aymen Barkok,1. FSV Mainz 05,Bundesliga,Morocco,CAM,"['ST', 'CM']",71,83
João Novais,Rio Ave FC,Liga Portugal,Portugal,CM,['CDM'],71,114
Enzo Barrenechea,Valencia CF,LALIGA EA SPORTS,Argentina,CDM,['CM'],71,22
Dylan Batubinsika,AS Saint-Étienne,Ligue 1 McDonald's,Congo DR,CB,,71,110
Daniel Batz,1. FSV Mainz 05,Bundesliga,Germany,GK,,71,83
Finn Ole Becker,TSG Hoffenheim,Bundesliga,Germany,CM,['CDM'],71,39
Carlos Benavídez,D. Alavés,LALIGA EA SPORTS,Uruguay,CDM,['CM'],71,88
Aylton Boa Morte,Kayserispor,Trendyol Süper Lig,Portugal,RM,['RW'],71,138
Pawe? Bochniewicz,sc Heerenveen,Eredivisie,Poland,CB,,71,136
Flavien-Enzo Boyomo,CA Osasuna,LALIGA EA SPORTS,Cameroon,CB,['RB'],71,75
Umut Bozok,Trabzonspor,Trendyol Süper Lig,Turkey,ST,,71,58
Fabian Bredlow,VfB Stuttgart,Bundesliga,Germany,GK,,71,60
Anthony Briançon,AS Saint-Étienne,Ligue 1 McDonald's,France,CB,,71,110
Ezequiel Bullaude,Fortuna Sittard,Eredivisie,Argentina,CAM,['CM'],71,142
Pierrick Capelle,Angers SCO,Ligue 1 McDonald's,France,CDM,['CM'],71,131
Marc Cardona,UD Las Palmas,LALIGA EA SPORTS,Spain,ST,,71,61
Cesare Casadei,Chelsea,Premier League,Italy,CM,"['CAM', 'CDM']",71,24
Josué Casimir,Havre AC,Ligue 1 McDonald's,France,RM,"['ST', 'RW']",71,115
Nélson Oliveira,Vitória SC,Liga Portugal,Portugal,ST,,71,103
Maximiliano Caufriez,Valencia CF,LALIGA EA SPORTS,Belgium,CB,,71,22
Ond?ej ?el?stka,Bodrum FK,Trendyol Süper Lig,Czech Republic,CB,,71,140
Fabien Centonze,FC Nantes,Ligue 1 McDonald's,France,RB,,71,98
Ricardo Mangas,Vitória SC,Liga Portugal,Portugal,LM,"['LB', 'LW']",71,103
Timmy Chandler,Frankfurt,Bundesliga,United States,RB,['RM'],71,46
Youssef Chermiti,Everton,Premier League,Portugal,ST,,71,33
Marcus Coco,FC Nantes,Ligue 1 McDonald's,France,RM,"['RB', 'RW']",71,98
Diego Coppola,Hellas Verona,Serie A Enilive,Italy,CB,,71,94
Fábio Ronaldo,Rio Ave FC,Liga Portugal,Portugal,LW,"['LB', 'LM']",71,114
Soumaila Coulibaly,Stade Brestois 29,Ligue 1 McDonald's,France,CB,,71,74
Woyo Coulibaly,Parma,Serie A Enilive,France,RB,['LB'],71,97
Wylan Cyprien,Parma,Serie A Enilive,France,CDM,['CM'],71,97
Keinan Davis,Udinese,Serie A Enilive,England,ST,,71,111
Fabiano Souza,Moreirense FC,Liga Portugal,Brazil,RB,['RM'],71,122
Liam Delap,Ipswich,Premier League,England,ST,['RW'],71,95
Assane Diao Diaoune,Real Betis,LALIGA EA SPORTS,Spain,RM,"['LM', 'RW']",71,38
Moussa Diarra,D. Alavés,LALIGA EA SPORTS,Mali,LB,['CB'],71,88
Pedro Díaz,Rayo Vallecano,LALIGA EA SPORTS,Spain,CM,"['CDM', 'CAM']",71,56
Moussa Djenepo,Antalyaspor,Trendyol Süper Lig,Mali,LM,"['RM', 'LW']",71,141
Lucas Piazón,AVS Futebol SAD,Liga Portugal,Brazil,CAM,"['RW', 'CM']",71,143
Benjamín Domínguez,Bologna,Serie A Enilive,Argentina,LM,"['CAM', 'LW']",71,52
Denis Dr?gu?,Trabzonspor,Trendyol Süper Lig,Romania,ST,['LM'],71,58
Jean-Kévin Duverne,FC Nantes,Ligue 1 McDonald's,Haiti,LB,"['RB', 'CB']",71,98
Enzo Ebosse,Udinese,Serie A Enilive,Cameroon,CB,,71,111
Souffian El Karouani,FC Utrecht,Eredivisie,Morocco,LB,,71,121
Eren Elmalý,Trabzonspor,Trendyol Süper Lig,Turkey,LB,['CB'],71,58
Ivo Pinto,Fortuna Sittard,Eredivisie,Portugal,RB,,71,142
Mamadou Fall,Kasýmpaþa,Trendyol Süper Lig,Senegal,ST,['RM'],71,84
Clayton,Rio Ave FC,Liga Portugal,Brazil,ST,,71,114
Miguel Maga,Vitória SC,Liga Portugal,Portugal,RB,['RM'],71,103
Martin Frese,Hellas Verona,Serie A Enilive,Denmark,LB,,71,94
Joan González,Lecce,Serie A Enilive,Spain,CM,,71,65
Mario González,FC Famalicão,Liga Portugal,Spain,ST,"['LW', 'RW']",71,109
Jay Gorter,Ajax,Eredivisie,Holland,GK,,71,68
Alberto Grassi,Empoli,Serie A Enilive,Italy,CM,['CDM'],71,100
Robert Gumny,FC Augsburg,Bundesliga,Poland,RB,['CB'],71,101
Koray Günter,Göztepe,Trendyol Süper Lig,Turkey,CB,,71,134
Rodrigo Guth,Fortuna Sittard,Eredivisie,Brazil,CB,,71,142
Alen Halilovi?,Fortuna Sittard,Eredivisie,Croatia,CAM,['CM'],71,142
Isaac Hayden,Newcastle Utd,Premier League,England,CDM,"['CM', 'CB']",71,21
George Hirst,Ipswich,Premier League,England,ST,,71,95
Cédric Hountondji,Angers SCO,Ligue 1 McDonald's,Benin,CB,,71,131
Alessio Iovine,Como,Serie A Enilive,Italy,RB,['RM'],71,47
Andy Irving,West Ham,Premier League,Scotland,CM,['CAM'],71,35
Ardian Ismajli,Empoli,Serie A Enilive,Albania,CB,,71,100
Daniel Iversen,Leicester City,Premier League,Denmark,GK,,71,85
Jakub Jankto,Cagliari,Serie A Enilive,Czech Republic,CM,"['LM', 'RM']",71,91
Christian Kabasele,Udinese,Serie A Enilive,Belgium,CB,,71,111
Warren Kamanzi,Toulouse FC,Ligue 1 McDonald's,Norway,RB,['RM'],71,89
Ahmetcan Kaplan,Ajax,Eredivisie,Turkey,CB,,71,68
Aytaç Kara,Kasýmpaþa,Trendyol Süper Lig,Turkey,CM,['CDM'],71,84
Erce Kardeþler,Hatayspor,Trendyol Süper Lig,Turkey,GK,,71,133
Michael Kayode,Fiorentina,Serie A Enilive,Italy,RB,,71,67
Yannik Keitel,VfB Stuttgart,Bundesliga,Germany,CDM,"['CM', 'CB']",71,60
Emre Kýlýnç,Samsunspor,Trendyol Süper Lig,Turkey,RM,"['LM', 'RW']",71,129
Mathias Kjølø,FC Twente,Eredivisie,Norway,CDM,['CM'],71,72
Markus Kolke,SV Werder Bremen,Bundesliga,Germany,GK,,71,90
Saël Kumbedi,OL,Ligue 1 McDonald's,France,RB,,71,43
Berkan Kutlu,Galatasaray,Trendyol Süper Lig,Turkey,CM,['CDM'],71,12
Giorgos Kyriakopoulos,Monza,Serie A Enilive,Greece,LB,['LM'],71,80
Jordan Lefort,Angers SCO,Ligue 1 McDonald's,France,LB,['CB'],71,131
Félix Lemaréchal,Strasbourg,Ligue 1 McDonald's,France,CAM,"['CM', 'RM']",71,81
Luis Guilherme,West Ham,Premier League,Brazil,RM,"['LM', 'CAM', 'RW']",71,35
Pol Lirola,OM,Ligue 1 McDonald's,Spain,RB,['CB'],71,69
Danny Loader,FC Porto,Liga Portugal,England,ST,['CAM'],71,27
Sayfallah Ltaief,FC Twente,Eredivisie,Tunisia,LM,['LW'],71,72
Yvann Maçon,AS Saint-Étienne,Ligue 1 McDonald's,France,RB,['LB'],71,110
Daniel Maldini,Monza,Serie A Enilive,Italy,CAM,,71,80
Eliaquim Mangala,Estoril Praia,Liga Portugal,France,CB,,71,118
Manquillo,RC Celta,LALIGA EA SPORTS,Spain,RB,['RM'],71,25
Adrián Marín,SC Braga,Liga Portugal,Spain,LB,,71,48
Rafa Marín,SSC Napoli,Serie A Enilive,Spain,CB,,71,20
João Marques,SC Braga,Liga Portugal,Portugal,LW,"['CAM', 'CM', 'LM']",71,48
Bruno Martins Indi,AZ,Eredivisie,Holland,CB,,71,76
Igor Matanovi?,Frankfurt,Bundesliga,Croatia,ST,,71,46
Kasey McAteer,Leicester City,Premier League,Republic of Ireland,RW,"['CAM', 'RM']",71,85
Alex McCarthy,Southampton,Premier League,England,GK,,71,57
Scott McKenna,UD Las Palmas,LALIGA EA SPORTS,Scotland,CB,,71,61
Meseguer,R. Valladolid CF,LALIGA EA SPORTS,Spain,CM,"['CAM', 'ST']",71,92
Martin Minchev,Çaykur Rizespor,Trendyol Süper Lig,Bulgaria,ST,"['RW', 'LW']",71,123
Mateu Morey,RCD Mallorca,LALIGA EA SPORTS,Spain,RB,['RM'],71,41
Raúl Moro,R. Valladolid CF,LALIGA EA SPORTS,Spain,LM,"['RM', 'LW']",71,92
Arbnor Muja,Samsunspor,Trendyol Süper Lig,Albania,RM,"['LM', 'RW']",71,129
Mickaël Nadé,AS Saint-Étienne,Ligue 1 McDonald's,France,CB,,71,110
Adamo Nagalo,PSV,Eredivisie,Burkina Faso,CB,,71,50
Paul Nebel,1. FSV Mainz 05,Bundesliga,Germany,CAM,"['CM', 'RM']",71,83
João Virgínia,Everton,Premier League,Portugal,GK,,71,33
Yvan Neyou,CD Leganés,LALIGA EA SPORTS,Cameroon,CDM,['CM'],71,78
Olivier Ntcham,Samsunspor,Trendyol Süper Lig,Cameroon,CM,"['CAM', 'RW']",71,129
Randy Nteka,Rayo Vallecano,LALIGA EA SPORTS,France,ST,['CAM'],71,56
Miguel Cardoso,Kayserispor,Trendyol Süper Lig,Portugal,LM,"['CAM', 'CM', 'LW']",71,138
Lawrence Ofori,Moreirense FC,Liga Portugal,Ghana,CM,['CDM'],71,122
Masaya Okugawa,FC Augsburg,Bundesliga,Japan,LM,"['CAM', 'LW']",71,101
Andrew Omobamidele,Nott'm Forest,Premier League,Republic of Ireland,CB,,71,77
Bruno Onyemaechi,Boavista FC,Liga Portugal,Nigeria,LB,['CB'],71,130
Jerome Opoku,Baþakþehir,Trendyol Süper Lig,Ghana,CB,,71,99
Gaetano Oristanio,Venezia,Serie A Enilive,Italy,CAM,['ST'],71,117
Elisha Owusu,AJ Auxerre,Ligue 1 McDonald's,Ghana,CDM,['CM'],71,120
Pacheco,Real Sociedad,LALIGA EA SPORTS,Spain,CB,,71,28
Alberto Paleari,Torino,Serie A Enilive,Italy,GK,,71,37
Nathan Patterson,Everton,Premier League,Scotland,RB,,71,33
Andy Pelmard,Lecce,Serie A Enilive,France,CB,['RB'],71,65
Máximo Perrone,Como,Serie A Enilive,Argentina,CM,['CDM'],71,47
Giuseppe Pezzella,Empoli,Serie A Enilive,Italy,LB,['LM'],71,100
Maximilian Philipp,SC Freiburg,Bundesliga,Germany,ST,['CAM'],71,42
Roberto Piccoli,Cagliari,Serie A Enilive,Italy,ST,,71,91
Jackson Porozo,CD Leganés,LALIGA EA SPORTS,Ecuador,CB,,71,78
Mateus Quaresma,Arouca,Liga Portugal,Brazil,LB,,71,128
Rayan Raveloson,AJ Auxerre,Ligue 1 McDonald's,Madagascar,CDM,,71,120
Jonny Rowe,OM,Ligue 1 McDonald's,England,RM,"['LM', 'RW']",71,69
John Ruddy,Newcastle Utd,Premier League,England,GK,,71,21
Elias Saad,FC St. Pauli,Bundesliga,Tunisia,LW,"['LM', 'CAM']",71,125
Emmanuel Sabbi,Havre AC,Ligue 1 McDonald's,United States,LM,"['ST', 'LW']",71,115
Jorge Sáenz,CD Leganés,LALIGA EA SPORTS,Spain,CB,,71,78
Ramzi Safuri,Antalyaspor,Trendyol Süper Lig,Israel,CAM,['CM'],71,141
Yoann Salmier,Havre AC,Ligue 1 McDonald's,France,CB,['RB'],71,115
Malang Sarr,RC Lens,Ligue 1 McDonald's,France,CB,['LB'],71,45
Nico Serrano,Athletic Club,LALIGA EA SPORTS,Spain,LM,"['CAM', 'RM', 'LW']",71,19
Armindo Sieb,1. FSV Mainz 05,Bundesliga,Germany,ST,['RW'],71,83
Tim Siersleben,Heidenheim,Bundesliga,Germany,CB,,71,104
Miguel Reisinho,Boavista FC,Liga Portugal,Portugal,CM,"['CAM', 'CDM']",71,130
Simon Sohm,Parma,Serie A Enilive,Switzerland,CAM,"['CM', 'CDM']",71,97
Álex Sola,Getafe CF,LALIGA EA SPORTS,Spain,RM,"['RB', 'RW']",71,59
Jhon Solís,Girona FC,LALIGA EA SPORTS,Colombia,CDM,['CM'],71,36
Brandon Soppy,Atalanta,Serie A Enilive,France,RB,['RM'],71,40
Hélder Costa,Estoril Praia,Liga Portugal,Angola,RM,"['LM', 'CAM', 'RW']",71,118
Pascal Stenzel,VfB Stuttgart,Bundesliga,Germany,RB,['CB'],71,60
Leonidas Stergiou,VfB Stuttgart,Bundesliga,Switzerland,CB,['RB'],71,60
Ross Stewart,Southampton,Premier League,Scotland,ST,,71,57
Carlos Strandberg,Hatayspor,Trendyol Süper Lig,Sweden,ST,['RM'],71,133
Kamaldeen Sulemana,Southampton,Premier League,Ghana,LW,"['ST', 'LM']",71,57
Ibrahim Sulemana,Atalanta,Serie A Enilive,Ghana,CDM,['CM'],71,40
Zion Suzuki,Parma,Serie A Enilive,Japan,GK,,71,97
César Tárrega,Valencia CF,LALIGA EA SPORTS,Spain,CB,,71,22
Filippo Terracciano,AC Milan,Serie A Enilive,Italy,RM,"['RB', 'LB', 'RW']",71,14
Tanner Tessmann,OL,Ligue 1 McDonald's,United States,CDM,['CM'],71,43
Norman Theuerkauf,Heidenheim,Bundesliga,Germany,CDM,['LB'],71,104
Sorba Thomas,FC Nantes,Ligue 1 McDonald's,Wales,RM,"['ST', 'RW']",71,98
Luke Thomas,Leicester City,Premier League,England,LB,,71,85
Jens Toornstra,FC Utrecht,Eredivisie,Holland,CAM,"['RM', 'CM']",71,121
Conor Townsend,Ipswich,Premier League,England,LB,,71,95
Boubacar Traoré,Wolves,Premier League,Mali,CDM,['CM'],71,73
Etienne Vaessen,FC Groningen,Eredivisie,Suriname,GK,,71,144
Nuno Santos,Vitória SC,Liga Portugal,Portugal,CM,,71,103
Calvin Verdonk,N.E.C. Nijmegen,Eredivisie,Indonesia,LB,['CB'],71,108
Arno Verschueren,Sparta Rotterdam,Eredivisie,Belgium,CAM,['CM'],71,106
Carlos Vicente,D. Alavés,LALIGA EA SPORTS,Spain,RM,['RW'],71,88
Mikel Villanueva,Vitória SC,Liga Portugal,Venezuela,CB,,71,103
Mattia Viti,Empoli,Serie A Enilive,Italy,CB,,71,100
Mërgim Vojvoda,Torino,Serie A Enilive,Kosovo,LM,"['CB', 'LW']",71,37
Timon Weiner,Holstein Kiel,Bundesliga,Germany,GK,,71,124
Mert Hakan Yandaþ,Fenerbahçe,Trendyol Süper Lig,Turkey,CM,['CAM'],71,30
Alessio Zerbin,SSC Napoli,Serie A Enilive,Italy,LW,['LM'],71,20
Jeroen Zoet,AZ,Eredivisie,Holland,GK,,71,76
Junior Adamu,SC Freiburg,Bundesliga,Austria,ST,,70,42
Gökhan Akkan,Çaykur Rizespor,Trendyol Süper Lig,Turkey,GK,,70,123
Doðan Alemdar,Stade Rennais FC,Ligue 1 McDonald's,Turkey,GK,,70,86
Nabil Alioui,Adana Demirspor,Trendyol Süper Lig,France,LW,"['ST', 'LM']",70,119
Bruno Costa,Nacional,Liga Portugal,Portugal,CM,['CDM'],70,145
Miguel Lopes,Estrela Amadora,Liga Portugal,Portugal,CB,['RB'],70,132
Giorgio Altare,Venezia,Serie A Enilive,Italy,CB,,70,117
Viti Rozada,UD Las Palmas,LALIGA EA SPORTS,Spain,RM,"['LM', 'RB', 'RW']",70,61
Kikas,Estrela Amadora,Liga Portugal,Portugal,ST,"['RW', 'LW']",70,132
Jordan Amavi,Stade Brestois 29,Ligue 1 McDonald's,France,LB,,70,74
Aurèle Amenda,Frankfurt,Bundesliga,Switzerland,CB,,70,46
Fabrizio Angileri,Getafe CF,LALIGA EA SPORTS,Argentina,LB,,70,59
José Arnáiz,CA Osasuna,LALIGA EA SPORTS,Spain,LM,"['ST', 'LW']",70,75
Gastón Ávila,Ajax,Eredivisie,Argentina,CB,['LB'],70,68
Volkan Babacan,Baþakþehir,Trendyol Süper Lig,Turkey,GK,,70,99
Jure Balkovec,Alanyaspor,Trendyol Süper Lig,Slovenia,CB,['LB'],70,126
Fodé Ballo-Touré,AC Milan,Serie A Enilive,Senegal,LB,['LM'],70,14
Abdoulaye Bamba,Angers SCO,Ligue 1 McDonald's,Côte d'Ivoire,CB,,70,131
Samuel Bastien,Fortuna Sittard,Eredivisie,Congo DR,CM,['LM'],70,142
Gabriel Batista,Santa Clara,Liga Portugal,Brazil,GK,,70,139
Bilal Bayazýt,Kayserispor,Trendyol Süper Lig,Turkey,GK,,70,138
Adrian Beck,Heidenheim,Bundesliga,Germany,CM,['CAM'],70,104
Jeanuël Belocian,Leverkusen,Bundesliga,France,CB,['LB'],70,10
Berrocal,Getafe CF,LALIGA EA SPORTS,Spain,CB,,70,59
Marcus Bettinelli,Chelsea,Premier League,England,GK,,70,24
Emil Bohinen,Genoa,Serie A Enilive,Norway,CM,['CDM'],70,93
Kevin Bonifazi,Lecce,Serie A Enilive,Italy,CB,,70,65
Taylor Booth,FC Utrecht,Eredivisie,United States,RM,"['LM', 'RW']",70,121
Bilal Boutobba,Hatayspor,Trendyol Süper Lig,France,RM,['RW'],70,133
Mattijs Branderhorst,Fortuna Sittard,Eredivisie,Holland,GK,,70,142
James Bree,Southampton,Premier League,England,RB,['LB'],70,57
Abel Bretones,CA Osasuna,LALIGA EA SPORTS,Spain,LB,,70,75
Bruno Brígido,Estrela Amadora,Liga Portugal,Brazil,GK,,70,132
Maxime Busi,Stade de Reims,Ligue 1 McDonald's,Belgium,RB,,70,87
Jofre,RCD Espanyol,LALIGA EA SPORTS,Spain,RM,"['LM', 'RW']",70,96
Martim Neto,Rio Ave FC,Liga Portugal,Portugal,CM,['CDM'],70,114
Pep Chavarría,Rayo Vallecano,LALIGA EA SPORTS,Spain,LB,['LM'],70,56
Leo Cordeiro,Estrela Amadora,Liga Portugal,Brazil,CM,,70,132
Pedro Álvaro,Estoril Praia,Liga Portugal,Portugal,CB,,70,118
Luís Silva,AVS Futebol SAD,Liga Portugal,Portugal,CM,['CDM'],70,143
Tanguy Coulibaly,Montpellier,Ligue 1 McDonald's,France,LM,"['RM', 'LW']",70,71
Rui Pedro,Hatayspor,Trendyol Süper Lig,Portugal,ST,,70,133
Lukas Daschner,VfL Bochum 1848,Bundesliga,Germany,ST,"['CAM', 'RW']",70,107
Marcos André,R. Valladolid CF,LALIGA EA SPORTS,Brazil,ST,,70,92
Madson,Moreirense FC,Liga Portugal,Brazil,RM,"['LM', 'RW']",70,122
Fisayo Dele-Bashiru,Lazio,Serie A Enilive,Nigeria,CAM,['CM'],70,34
Raffaele Di Gennaro,Inter,Serie A Enilive,Italy,GK,,70,7
Davide Diaw,Monza,Serie A Enilive,Italy,ST,,70,80
Juan Cruz,CD Leganés,LALIGA EA SPORTS,Spain,LM,"['CAM', 'RM', 'LW']",70,78
Sokratis Dioudis,Gaziantep,Trendyol Süper Lig,Greece,GK,,70,116
Carlos Domínguez,RC Celta,LALIGA EA SPORTS,Spain,CB,,70,25
Álex Domínguez,Toulouse FC,Ligue 1 McDonald's,Spain,GK,,70,89
Daniel Penha,Nacional,Liga Portugal,Brazil,CAM,"['RM', 'ST']",70,145
Couhaib Driouech,PSV,Eredivisie,Morocco,LW,['LM'],70,50
Milan ?uri?,Monza,Serie A Enilive,Bosnia and Herzegovina,ST,,70,80
Serdar Dursun,Alanyaspor,Trendyol Süper Lig,Turkey,ST,,70,126
Victor Edvardsen,Go Ahead Eagles,Eredivisie,Sweden,ST,,70,146
Johannes Eggestein,FC St. Pauli,Bundesliga,Germany,ST,,70,125
Ýrfan Can Eðribayat,Fenerbahçe,Trendyol Süper Lig,Turkey,GK,,70,30
Kingsley Ehizibue,Udinese,Serie A Enilive,Nigeria,RM,"['RB', 'RW']",70,111
Caleb Ekuban,Genoa,Serie A Enilive,Ghana,ST,"['RW', 'RM']",70,93
Oussama El Azzouzi,Bologna,Serie A Enilive,Morocco,CDM,['CM'],70,52
Oualid El Hajjam,Havre AC,Ligue 1 McDonald's,Morocco,RB,,70,115
Farid El Melali,Angers SCO,Ligue 1 McDonald's,Algeria,LM,"['RM', 'LW']",70,131
Yannik Engelhardt,Como,Serie A Enilive,Germany,CDM,['CM'],70,47
Yusuf Erdoðan,Konyaspor,Trendyol Süper Lig,Turkey,RM,"['LM', 'LB', 'RW']",70,102
Caner Erkin,Eyüpspor,Trendyol Süper Lig,Turkey,LB,,70,127
Patrick Erras,Holstein Kiel,Bundesliga,Germany,CB,['CDM'],70,124
Alieu Fadera,Como,Serie A Enilive,Gambia,LM,['LW'],70,47
Lamine Fomba,AS Saint-Étienne,Ligue 1 McDonald's,France,CDM,['CM'],70,110
Carlos Forbs,Wolves,Premier League,Portugal,LW,"['RW', 'LM']",70,73
Christian Früchtl,Lecce,Serie A Enilive,Germany,GK,,70,65
Cristian Gamboa,VfL Bochum 1848,Bundesliga,Costa Rica,RB,,70,107
Diego García,CD Leganés,LALIGA EA SPORTS,Spain,ST,['LM'],70,78
Denis Genreau,Toulouse FC,Ligue 1 McDonald's,Australia,CM,['CAM'],70,89
Andrés Gómez,Stade Rennais FC,Ligue 1 McDonald's,Colombia,RM,['RW'],70,86
Josué Sá,Gil Vicente,Liga Portugal,Portugal,CB,,70,113
Dominik Greif,RCD Mallorca,LALIGA EA SPORTS,Slovakia,GK,,70,41
Semih Güler,Adana Demirspor,Trendyol Süper Lig,Turkey,CB,,70,119
Christian Gytkjær,Venezia,Serie A Enilive,Denmark,ST,,70,117
Ridgeciano Haps,Venezia,Serie A Enilive,Suriname,LM,"['LB', 'LW']",70,117
Liam Henderson,Empoli,Serie A Enilive,Scotland,CM,['CAM'],70,100
Lucas Áfrico,Farense,Liga Portugal,Brazil,CB,,70,137
Mees Hoedemakers,N.E.C. Nijmegen,Eredivisie,Holland,CDM,['CM'],70,108
Carlo Holse,Samsunspor,Trendyol Süper Lig,Denmark,RM,"['CM', 'RW']",70,129
Mathias Honsak,Heidenheim,Bundesliga,Austria,LM,"['CAM', 'LW']",70,104
Pablo Ibáñez,CA Osasuna,LALIGA EA SPORTS,Spain,CM,['CDM'],70,75
George Ilenikhena,AS Monaco,Ligue 1 McDonald's,France,ST,,70,53
Marco John,TSG Hoffenheim,Bundesliga,Germany,LB,['LM'],70,39
Stanko Juri?,R. Valladolid CF,LALIGA EA SPORTS,Croatia,CDM,['CM'],70,92
Mohamed Kaba,Lecce,Serie A Enilive,France,CDM,['CM'],70,65
Jesper Karlström,Udinese,Serie A Enilive,Sweden,CDM,['CM'],70,111
Mikkel Kaufmann,Heidenheim,Bundesliga,Denmark,ST,,70,104
Viktor Kovalenko,Atalanta,Serie A Enilive,Ukraine,CM,['CAM'],70,40
Joris Kramer,Go Ahead Eagles,Eredivisie,Holland,CB,,70,146
Thomas Thiesson Kristensen,Udinese,Serie A Enilive,Denmark,CB,,70,111
Fredy,Bodrum FK,Trendyol Süper Lig,Angola,CM,['CAM'],70,140
Larrazabal,Casa Pia AC,Liga Portugal,Spain,RM,"['RB', 'RW']",70,112
Julien Le Cardinal,Stade Brestois 29,Ligue 1 McDonald's,France,CB,['RB'],70,74
Donovan Léon,AJ Auxerre,Ligue 1 McDonald's,France,GK,,70,120
Pedro Pereira,Monza,Serie A Enilive,Portugal,RM,"['RB', 'LM', 'RW']",70,80
Javi López,Real Sociedad,LALIGA EA SPORTS,Spain,LB,,70,28
Pol Lozano,RCD Espanyol,LALIGA EA SPORTS,Spain,CDM,['CM'],70,96
Joe Lumley,Southampton,Premier League,England,GK,,70,57
André Ferreira,R. Valladolid CF,LALIGA EA SPORTS,Portugal,GK,,70,92
Seiya Maikuma,AZ,Eredivisie,Japan,RB,,70,76
Jordy Makengo,SC Freiburg,Bundesliga,France,LB,['CB'],70,42
Alejandro Marqués,Estoril Praia,Liga Portugal,Venezuela,ST,,70,118
Javi Martínez,CA Osasuna,LALIGA EA SPORTS,Spain,CM,['RM'],70,75
Chrislain Matsima,FC Augsburg,Bundesliga,France,CB,,70,101
Brice Maubleu,AS Saint-Étienne,Ligue 1 McDonald's,France,GK,,70,110
James McAtee,Manchester City,Premier League,England,RW,"['CM', 'CAM', 'RM']",70,2
Jakov Medi?,VfL Bochum 1848,Bundesliga,Croatia,CB,,70,107
Gideon Mensah,AJ Auxerre,Ligue 1 McDonald's,Ghana,LB,,70,120
John Mercado,AVS Futebol SAD,Liga Portugal,Ecuador,LW,"['LM', 'RM']",70,143
Karol Mets,FC St. Pauli,Bundesliga,Estonia,CB,,70,125
Enea Mihaj,FC Famalicão,Liga Portugal,Albania,CB,,70,109
Lucas Mincarelli,Montpellier,Ligue 1 McDonald's,France,LB,,70,71
Koji Miyoshi,VfL Bochum 1848,Bundesliga,Japan,RM,"['CAM', 'RW']",70,107
Thomas Monconduit,AS Saint-Étienne,Ligue 1 McDonald's,France,CDM,['CM'],70,110
Weverson,Arouca,Liga Portugal,Brazil,LB,['LM'],70,128
Daniel Mosquera,Hellas Verona,Serie A Enilive,Colombia,ST,,70,94
Yerson Mosquera,Wolves,Premier League,Colombia,CB,['RB'],70,73
Santiago Mouriño,D. Alavés,LALIGA EA SPORTS,Uruguay,CB,['RB'],70,88
Abdul Mumin,Rayo Vallecano,LALIGA EA SPORTS,Ghana,CB,,70,56
Abdoulaye Ndiaye,Stade Brestois 29,Ligue 1 McDonald's,Senegal,CB,,70,74
Kiki,AVS Futebol SAD,Liga Portugal,Portugal,LB,"['CB', 'LM']",70,143
Rúben Vezo,Eyüpspor,Trendyol Süper Lig,Portugal,CB,['RB'],70,127
Lucas Rosa,R. Valladolid CF,LALIGA EA SPORTS,Brazil,RB,"['RM', 'LB']",70,92
Ado Onaiwu,AJ Auxerre,Ligue 1 McDonald's,Japan,ST,['LM'],70,120
Amine Oudrhiri,Rio Ave FC,Liga Portugal,France,CM,['CDM'],70,114
Cenk Özkacar,R. Valladolid CF,LALIGA EA SPORTS,Turkey,CB,['LB'],70,92
Alex Paulsen,AFC Bournemouth,Premier League,New Zealand,GK,,70,64
Leonardo Pavoletti,Cagliari,Serie A Enilive,Italy,ST,,70,91
Alisson Safira,Santa Clara,Liga Portugal,Brazil,ST,,70,139
Rodrigo Pinho,Estrela Amadora,Liga Portugal,Brazil,ST,,70,132
Bruno Almeida,Santa Clara,Liga Portugal,Portugal,CAM,['LW'],70,139
Léo Pétrot,AS Saint-Étienne,Ligue 1 McDonald's,France,LB,['CB'],70,110
Benedikt Pichler,Holstein Kiel,Bundesliga,Austria,ST,,70,124
Finn Porath,Holstein Kiel,Bundesliga,Germany,RM,"['CM', 'RW']",70,124
Ivan Prtajin,Union Berlin,Bundesliga,Croatia,ST,,70,82
Tymoteusz Puchacz,Holstein Kiel,Bundesliga,Poland,LB,['LM'],70,124
Ylber Ramadani,Lecce,Serie A Enilive,Albania,CDM,['CM'],70,65
Jesús Ramírez,Vitória SC,Liga Portugal,Venezuela,ST,,70,103
Benito,UD Las Palmas,LALIGA EA SPORTS,Spain,LB,"['LM', 'RM']",70,61
Federico Ravaglia,Bologna,Serie A Enilive,Italy,GK,,70,52
Abderrahman Rebbach,D. Alavés,LALIGA EA SPORTS,Algeria,LM,"['RM', 'CAM', 'LW']",70,88
Nuno Moreira,Casa Pia AC,Liga Portugal,Portugal,RM,['RW'],70,112
Loreintz Rosier,Fortuna Sittard,Eredivisie,France,CDM,['CM'],70,142
Stefano Sabelli,Genoa,Serie A Enilive,Italy,RB,['RM'],70,93
Saborit,Gaziantep,Trendyol Süper Lig,Spain,LB,,70,116
Marco Sala,Como,Serie A Enilive,Italy,LB,['LM'],70,47
Ibrahim Salah,Stade Brestois 29,Ligue 1 McDonald's,Morocco,ST,['LM'],70,74
Braian Samudio,Antalyaspor,Trendyol Süper Lig,Paraguay,LM,"['RM', 'ST', 'LW']",70,141
Adrián,Real Betis,LALIGA EA SPORTS,Spain,GK,,70,38
Salvi Sánchez,RCD Espanyol,LALIGA EA SPORTS,Spain,RM,"['LM', 'RW']",70,96
Rúben Fernandes,Gil Vicente,Liga Portugal,Portugal,CB,,70,113
Carlos Ponck,Moreirense FC,Liga Portugal,Cape Verde Islands,CB,,70,122
Alexander Schwolow,Union Berlin,Bundesliga,Germany,GK,,70,82
Léo Scienza,Heidenheim,Bundesliga,Brazil,LM,"['LW', 'ST']",70,104
Marvin Senaya,Strasbourg,Ligue 1 McDonald's,France,RB,['RM'],70,81
Kaj Sierhuis,Fortuna Sittard,Eredivisie,Holland,ST,,70,142
Manu Silva,Vitória SC,Liga Portugal,Portugal,CB,['CDM'],70,103
Gabriel Silva,Santa Clara,Liga Portugal,Brazil,RM,"['LM', 'ST', 'RW']",70,139
Lassine Sinayoko,AJ Auxerre,Ligue 1 McDonald's,Mali,RM,"['LM', 'RW']",70,120
Rafa Soares,FC Famalicão,Liga Portugal,Portugal,LB,,70,109
Lucas Soares,Santa Clara,Liga Portugal,Brazil,RB,,70,139
Eduard Sobol,Strasbourg,Ligue 1 McDonald's,Ukraine,LB,['LM'],70,81
Filip Stankovi?,Venezia,Serie A Enilive,Serbia,GK,,70,117
Williot Swedberg,RC Celta,LALIGA EA SPORTS,Sweden,CM,['LW'],70,25
Benjamin Tahirovi?,Ajax,Eredivisie,Bosnia and Herzegovina,CDM,['CM'],70,68
Loum Tchaouna,Lazio,Serie A Enilive,France,RW,"['ST', 'CAM', 'RM']",70,34
Enzo Tchato,Montpellier,Ligue 1 McDonald's,Cameroon,RB,,70,71
Umut Tohumcu,TSG Hoffenheim,Bundesliga,Germany,CAM,['CM'],70,39
Mirko Topi?,FC Famalicão,Liga Portugal,Serbia,CDM,,70,109
Ignace Van der Brempt,Como,Serie A Enilive,Belgium,RB,['CB'],70,47
Rick van Drongelen,Samsunspor,Trendyol Süper Lig,Holland,CB,['LB'],70,129
Stijn van Gassel,N.E.C. Nijmegen,Eredivisie,Holland,GK,,70,108
Nikola Vasilj,FC St. Pauli,Bundesliga,Bosnia and Herzegovina,GK,,70,125
Jesús Vázquez,Valencia CF,LALIGA EA SPORTS,Spain,LB,['LM'],70,22
Güray Vural,Antalyaspor,Trendyol Süper Lig,Turkey,LB,['LM'],70,141
Robert Wagner,FC St. Pauli,Bundesliga,Germany,CM,['CDM'],70,125
Sebastian Walukiewicz,Torino,Serie A Enilive,Poland,CB,,70,37
David Møller Wolfe,AZ,Eredivisie,Norway,LB,,70,76
Güven Yalçýn,Arouca,Liga Portugal,Turkey,ST,"['RM', 'LM']",70,128
Kenan Yýldýz,Juventus,Serie A Enilive,Turkey,LW,"['ST', 'LM']",70,18
Gabriele Zappa,Cagliari,Serie A Enilive,Italy,RB,['RM'],70,91
Oskar Zawada,RKC Waalwijk,Eredivisie,Poland,ST,,70,147
Nadir Zortea,Cagliari,Serie A Enilive,Italy,RB,['RM'],70,91
Paxten Aaronson,FC Utrecht,Eredivisie,United States,CAM,['CM'],69,121
Afonso Freitas,Nacional,Liga Portugal,Portugal,LB,['LM'],69,145
Aceves,R. Valladolid CF,LALIGA EA SPORTS,Spain,GK,,69,92
Shawn Adewoye,Fortuna Sittard,Eredivisie,Belgium,CB,,69,142
Saad Agouzoul,AJ Auxerre,Ligue 1 McDonald's,Morocco,CB,,69,120
Naouirou Ahamada,Stade Rennais FC,Ligue 1 McDonald's,France,CM,"['CAM', 'RM']",69,86
Youssef Aït Bennasser,Samsunspor,Trendyol Süper Lig,Morocco,CDM,['CM'],69,129
Samet Akaydýn,Fenerbahçe,Trendyol Süper Lig,Turkey,CB,,69,30
Babajide David Akintola,Çaykur Rizespor,Trendyol Süper Lig,Nigeria,RM,"['LM', 'RW']",69,123
Faride Alidou,Hellas Verona,Serie A Enilive,Germany,RM,"['LW', 'RW']",69,94
Skelly Alvero,SV Werder Bremen,Bundesliga,France,CDM,['CM'],69,90
Magnus Kofod Andersen,Venezia,Serie A Enilive,Denmark,CM,['CDM'],69,117
Oliver Antman,Go Ahead Eagles,Eredivisie,Finland,RW,"['ST', 'CAM', 'RM']",69,146
Bright Akwo Arrey-Mbi,SC Braga,Liga Portugal,Germany,CB,['LB'],69,48
Gustavo Assunção,AVS Futebol SAD,Liga Portugal,Brazil,CDM,['CM'],69,143
Florian Ayé,AJ Auxerre,Ligue 1 McDonald's,France,ST,,69,120
Paulo Azzi,Cagliari,Serie A Enilive,Brazil,LB,['LM'],69,91
Miguel Baeza,Nacional,Liga Portugal,Spain,RW,"['CM', 'CAM', 'RM']",69,145
Theo Bair,AJ Auxerre,Ligue 1 McDonald's,Canada,ST,,69,120
Bünyamin Balcý,Antalyaspor,Trendyol Süper Lig,Turkey,RB,['RM'],69,141
Botond Balogh,Parma,Serie A Enilive,Hungary,CB,,69,97
Funsho Bamgboye,Hatayspor,Trendyol Süper Lig,Nigeria,RM,['RW'],69,133
Dani Silva,Hellas Verona,Serie A Enilive,Portugal,CM,['CDM'],69,94
Fran Vieites,Real Betis,LALIGA EA SPORTS,Spain,GK,,69,38
Filipe Soares,Farense,Liga Portugal,Portugal,CM,,69,137
Thierno Barry,Villarreal CF,LALIGA EA SPORTS,France,ST,,69,32
Daniele Baselli,Como,Serie A Enilive,Italy,CM,['CDM'],69,47
Mortadha Ben Ouanes,Kasýmpaþa,Trendyol Süper Lig,Tunisia,LB,"['RM', 'LM']",69,84
Álex Bermejo,Farense,Liga Portugal,Spain,LM,"['ST', 'RM', 'LW']",69,137
Augustine Boakye,AS Saint-Étienne,Ligue 1 McDonald's,Ghana,RM,"['CAM', 'RW']",69,110
Matchoi Djaló,Baþakþehir,Trendyol Süper Lig,Portugal,RW,"['LW', 'CAM', 'RM']",69,99
Badredine Bouanani,OGC Nice,Ligue 1 McDonald's,Algeria,RW,['RM'],69,63
Can Bozdoðan,FC Utrecht,Eredivisie,Germany,CM,['CDM'],69,121
Domagoj Bradari?,Hellas Verona,Serie A Enilive,Croatia,LM,"['LB', 'LW']",69,94
João Figueiredo,Baþakþehir,Trendyol Süper Lig,Brazil,ST,['LM'],69,99
Tim Breithaupt,FC Augsburg,Bundesliga,Germany,CDM,['CM'],69,101
Marco Brescianini,Atalanta,Serie A Enilive,Italy,CM,['CDM'],69,40
Benny,Moreirense FC,Liga Portugal,Portugal,CAM,"['RM', 'LM']",69,122
Moritz Broschinski,VfL Bochum 1848,Bundesliga,Germany,ST,,69,107
Michael Brouwer,FC Utrecht,Eredivisie,Holland,GK,,69,121
Nathaniel Brown,Frankfurt,Bundesliga,Germany,LB,['CM'],69,46
Onur Bulut,Beþiktaþ,Trendyol Süper Lig,Turkey,RB,['RM'],69,31
Diego Callai,Sporting CP,Liga Portugal,Brazil,GK,,69,26
Andrea Carboni,Monza,Serie A Enilive,Italy,CB,['LB'],69,80
Carreira,RC Celta,LALIGA EA SPORTS,Spain,RB,['RM'],69,25
Pedro Santos,Arouca,Liga Portugal,Portugal,CM,"['RM', 'CDM']",69,128
Anastasios Chatzigiovanis,Eyüpspor,Trendyol Süper Lig,Greece,LM,"['RM', 'LW']",69,127
Seydouba Cisse,CD Leganés,LALIGA EA SPORTS,Guinea,CM,"['RM', 'CDM']",69,78
Harry Clarke,Ipswich,Premier League,England,RB,['CB'],69,95
João Aurélio,Nacional,Liga Portugal,Portugal,RB,,69,145
Pastor,Farense,Liga Portugal,Brazil,RB,,69,137
Charles,Vitória SC,Liga Portugal,Brazil,GK,,69,103
Samuel Dahl,AS Roma,Serie A Enilive,Sweden,LB,,69,13
André Geraldes,Casa Pia AC,Liga Portugal,Portugal,RB,,69,112
Jonathan de Guzmán,Sparta Rotterdam,Eredivisie,Holland,CM,['CDM'],69,106
Justin de Haas,FC Famalicão,Liga Portugal,Holland,CB,,69,109
De La Hoz,R. Valladolid CF,LALIGA EA SPORTS,Spain,CDM,"['CB', 'CM']",69,92
Arthur,Leverkusen,Bundesliga,Brazil,RB,"['RM', 'LM']",69,10
Deivid Washington,Chelsea,Premier League,Brazil,ST,"['LM', 'CAM']",69,24
Alessandro Deiola,Cagliari,Serie A Enilive,Italy,CM,['CDM'],69,91
Mitchell Dijks,Fortuna Sittard,Eredivisie,Holland,LB,,69,142
Landry Dimata,Samsunspor,Trendyol Süper Lig,Belgium,ST,,69,129
Assane Dioussé,AJ Auxerre,Ligue 1 McDonald's,Senegal,CDM,['CM'],69,120
Pablo Roberto,Casa Pia AC,Liga Portugal,Brazil,CM,['LW'],69,112
Oliver Valaker Edvardsen,Go Ahead Eagles,Eredivisie,Norway,LM,"['RM', 'LW']",69,146
Mike Eerdhuijzen,Sparta Rotterdam,Eredivisie,Holland,CB,,69,106
Úmaro Embaló,Fortuna Sittard,Eredivisie,Portugal,LM,"['RM', 'LW']",69,142
Khalil Fayad,Montpellier,Ligue 1 McDonald's,Morocco,CM,['CDM'],69,71
Mattia Felici,Cagliari,Serie A Enilive,Italy,LM,['LW'],69,91
Tomané,Farense,Liga Portugal,Portugal,ST,,69,137
Luca Fiordilino,Venezia,Serie A Enilive,Italy,CDM,['CM'],69,117
Kian Fitz-Jim,Ajax,Eredivisie,Holland,CM,['CDM'],69,68
Sherel Floranus,PEC Zwolle,Eredivisie,Curaçao,RB,"['CB', 'LB']",69,135
Tiago Morais,Rio Ave FC,Liga Portugal,Portugal,LM,['LW'],69,114
Matheus França,Crystal Palace,Premier League,Brazil,CAM,"['LW', 'RW']",69,51
Franquesa,CD Leganés,LALIGA EA SPORTS,Spain,LB,['LM'],69,78
Alessandro Gabrielloni,Como,Serie A Enilive,Italy,ST,,69,47
Pedro Amaral,Estoril Praia,Liga Portugal,Portugal,LB,,69,118
Daniele Ghilardi,Hellas Verona,Serie A Enilive,Italy,CB,,69,94
Mika Godts,Ajax,Eredivisie,Belgium,LW,"['RW', 'LM']",69,68
Wouter Goes,AZ,Eredivisie,Holland,CB,,69,76
Dani Gómez,Valencia CF,LALIGA EA SPORTS,Spain,ST,,69,22
Rober,N.E.C. Nijmegen,Eredivisie,Spain,RM,"['CAM', 'RW']",69,108
Peter,Getafe CF,LALIGA EA SPORTS,Dominican Republic,RM,"['LM', 'RW']",69,59
Fabio González,UD Las Palmas,LALIGA EA SPORTS,Spain,CDM,['CM'],69,61
Samuel Grandsir,Havre AC,Ligue 1 McDonald's,France,LM,['LW'],69,115
Nicolas Haas,Empoli,Serie A Enilive,Switzerland,CM,,69,100
Florent Hadergjonaj,Alanyaspor,Trendyol Süper Lig,Kosovo,RB,,69,126
Herzog,UD Las Palmas,LALIGA EA SPORTS,Spain,CB,,69,61
James Hill,AFC Bournemouth,Premier League,England,CB,['RB'],69,64
Jack Hinshelwood,Brighton,Premier League,England,CDM,['RB'],69,55
Kristian Hlynsson,Ajax,Eredivisie,Iceland,CAM,"['CM', 'RW']",69,68
Gerrit Holtmann,VfL Bochum 1848,Bundesliga,Philippines,LM,"['LW', 'RM']",69,107
Majid Hosseini,Kayserispor,Trendyol Süper Lig,Iran,CB,,69,138
Johan Hove,FC Groningen,Eredivisie,Norway,CM,['CAM'],69,144
Jannik Huth,SC Freiburg,Bundesliga,Germany,GK,,69,42
Tim Iroegbunam,Everton,Premier League,England,CDM,['CM'],69,33
Dominik Janošek,NAC Breda,Eredivisie,Czech Republic,CAM,"['LM', 'CM']",69,148
Julian Jeanvier,Kayserispor,Trendyol Süper Lig,Guinea,CB,,69,138
Victor Jensen,FC Utrecht,Eredivisie,Denmark,CAM,['CM'],69,121
Marko Jevtovi?,Konyaspor,Trendyol Süper Lig,Serbia,CDM,['CM'],69,102
Ercan Kara,Samsunspor,Trendyol Süper Lig,Austria,ST,['CAM'],69,129
Yalçýn Kayan,Göztepe,Trendyol Süper Lig,Turkey,CM,"['CDM', 'CAM']",69,134
Luca Kerber,Heidenheim,Bundesliga,Germany,CM,['CDM'],69,104
Okan Kocuk,Samsunspor,Trendyol Süper Lig,Turkey,GK,,69,129
Peer Koopmeiners,AZ,Eredivisie,Holland,CDM,['CM'],69,76
Michiel Kramer,RKC Waalwijk,Eredivisie,Holland,ST,,69,147
Moritz-Broni Kwarteng,VfL Bochum 1848,Bundesliga,Germany,RW,"['CAM', 'ST', 'RM']",69,107
Mayckel Lahdo,AZ,Eredivisie,Sweden,RW,['RM'],69,76
Nicola Leali,Genoa,Serie A Enilive,Italy,GK,,69,93
Krisztián Lisztes,Frankfurt,Bundesliga,Hungary,CAM,['ST'],69,46
Dailon Rocha Livramento,Hellas Verona,Serie A Enilive,Cape Verde Islands,ST,['RM'],69,94
Javi Llabrés,RCD Mallorca,LALIGA EA SPORTS,Spain,LM,"['RM', 'LW']",69,41
Joseph Lopy,Angers SCO,Ligue 1 McDonald's,Senegal,CDM,['CM'],69,131
Shuto Machino,Holstein Kiel,Bundesliga,Japan,ST,,69,124
Tiago Sá,SC Braga,Liga Portugal,Portugal,GK,,69,48
Nico Mantl,Arouca,Liga Portugal,Germany,GK,,69,128
Sékou Mara,Strasbourg,Ligue 1 McDonald's,France,ST,,69,81
Filip Marchwi?ski,Lecce,Serie A Enilive,Poland,CAM,"['ST', 'RW']",69,65
Mirko Mari?,Monza,Serie A Enilive,Croatia,ST,,69,80
Jaílson,RC Celta,LALIGA EA SPORTS,Brazil,CB,"['CDM', 'CM']",69,25
Carlos Martín,D. Alavés,LALIGA EA SPORTS,Spain,ST,,69,88
Ringo Meerveld,Willem II,Eredivisie,Holland,CAM,"['LM', 'CM']",69,149
Antoine Mendy,OGC Nice,Ligue 1 McDonald's,France,CB,['RB'],69,63
Queensy Menig,Sivasspor,Trendyol Süper Lig,Holland,LW,"['LM', 'RW']",69,105
Connor Metcalfe,FC St. Pauli,Bundesliga,Australia,CM,"['CDM', 'RW']",69,125
Anuar,R. Valladolid CF,LALIGA EA SPORTS,Morocco,CM,"['CAM', 'LM']",69,92
Marius Mouandilmadji,Samsunspor,Trendyol Süper Lig,Chad,ST,,69,129
Rassoul Ndiaye,Havre AC,Ligue 1 McDonald's,Senegal,CDM,['CM'],69,115
Cher Ndour,Beþiktaþ,Trendyol Süper Lig,Italy,CM,['CAM'],69,31
Filipe Ferreira,Boavista FC,Liga Portugal,Portugal,LB,['CB'],69,130
Hugo Novoa,D. Alavés,LALIGA EA SPORTS,Spain,RM,"['RB', 'RW']",69,88
Adam Obert,Cagliari,Serie A Enilive,Slovakia,CB,['LB'],69,91
Tim Oermann,VfL Bochum 1848,Bundesliga,Germany,CB,['RB'],69,107
Koki Ogawa,N.E.C. Nijmegen,Eredivisie,Japan,ST,,69,108
Ricardinho,Santa Clara,Liga Portugal,Portugal,LM,"['CAM', 'LW']",69,139
Jan Olschowsky,M'gladbach,Bundesliga,Germany,GK,,69,79
Kenneth Omeruo,Kasýmpaþa,Trendyol Süper Lig,Nigeria,CB,,69,84
Orri Óskarsson,Real Sociedad,LALIGA EA SPORTS,Iceland,ST,,69,28
Kassoum Ouattara,AS Monaco,Ligue 1 McDonald's,France,LB,,69,53
Assan Ouédraogo,RB Leipzig,Bundesliga,Germany,CAM,['CM'],69,23
Godfried Ayesu Owusu Frimpong,Moreirense FC,Liga Portugal,Holland,LB,,69,122
Rome-Jayden Owusu-Oduro,AZ,Eredivisie,Holland,GK,,69,76
Daniele Padelli,Udinese,Serie A Enilive,Italy,GK,,69,111
Jonathan Panzo,Rio Ave FC,Liga Portugal,England,CB,,69,114
Felix Passlack,VfL Bochum 1848,Bundesliga,Germany,RB,['RM'],69,107
Nico Paz,Como,Serie A Enilive,Argentina,CAM,['CM'],69,47
Timothée Pembélé,Havre AC,Ligue 1 McDonald's,France,RB,,69,115
Óscar Perea,Strasbourg,Ligue 1 McDonald's,Colombia,LM,['LW'],69,81
Matheus Pereira,Santa Clara,Liga Portugal,Brazil,LB,,69,139
Samuele Perisan,Empoli,Serie A Enilive,Italy,GK,,69,100
Rafael Barbosa,Farense,Liga Portugal,Portugal,LW,"['CAM', 'LM']",69,137
Ole Pohlmann,Rio Ave FC,Liga Portugal,Germany,CM,"['CAM', 'ST']",69,114
Boris Popovi?,Arouca,Liga Portugal,Serbia,CB,,69,128
Achilleas Poungouras,Sivasspor,Trendyol Süper Lig,Greece,CB,,69,105
Louka Prip,Konyaspor,Trendyol Süper Lig,Denmark,RW,"['ST', 'RM']",69,102
Antonio Raimondo,Venezia,Serie A Enilive,Italy,ST,,69,117
Erdal Rakip,Antalyaspor,Trendyol Süper Lig,North Macedonia,CDM,['CM'],69,141
Zé Carlos,Gil Vicente,Liga Portugal,Portugal,RB,,69,113
Alex Pinto,Arouca,Liga Portugal,Portugal,RB,,69,128
Rodrigo Ribeiro,AVS Futebol SAD,Liga Portugal,Portugal,ST,"['CAM', 'LW']",69,143
Carlos Romero,RCD Espanyol,LALIGA EA SPORTS,Spain,LB,['LM'],69,96
Ibrahim Sadiq,AZ,Eredivisie,Ghana,RW,"['LW', 'RM']",69,76
Moïse Sahi,Strasbourg,Ligue 1 McDonald's,Côte d'Ivoire,ST,['CAM'],69,81
Théo Sainte-Luce,Montpellier,Ligue 1 McDonald's,France,LB,,69,71
Junior Sambia,Empoli,Serie A Enilive,France,RB,['RM'],69,100
Derick Poloni,Farense,Liga Portugal,Brazil,LB,['RB'],69,137
Tayyip Sanuç,Beþiktaþ,Trendyol Süper Lig,Turkey,CB,,69,31
?ubomír Šatka,Samsunspor,Trendyol Süper Lig,Slovakia,CB,,69,129
R?zvan Sava,Udinese,Serie A Enilive,Romania,GK,,69,111
Jasper Schendelaar,PEC Zwolle,Eredivisie,Holland,GK,,69,135
Guilherme Schettine,Moreirense FC,Liga Portugal,Brazil,ST,,69,122
Kingsley Schindler,Samsunspor,Trendyol Süper Lig,Ghana,RM,"['RB', 'RW']",69,129
Deian Sorescu,Gaziantep,Trendyol Süper Lig,Romania,RM,"['RB', 'RW']",69,116
Saïdou Sow,Strasbourg,Ligue 1 McDonald's,Guinea,CB,,69,81
Michael Svoboda,Venezia,Serie A Enilive,Austria,CB,,69,117
Denis Thomalla,Heidenheim,Bundesliga,Germany,CAM,['CM'],69,104
Emirhan Topçu,Beþiktaþ,Trendyol Süper Lig,Turkey,CB,,69,31
Philipp Treu,FC St. Pauli,Bundesliga,Germany,LB,"['LM', 'RB']",69,125
Alfonso Trezza,Arouca,Liga Portugal,Uruguay,RM,"['LM', 'RW']",69,128
Leonardo Buta,Moreirense FC,Liga Portugal,Portugal,LB,,69,122
Kacper Urba?ski,Bologna,Serie A Enilive,Poland,CAM,"['CM', 'LM']",69,52
Necip Uysal,Beþiktaþ,Trendyol Süper Lig,Turkey,CB,"['CDM', 'RB']",69,31
Lautaro Valenti,Parma,Serie A Enilive,Argentina,CB,['LB'],69,97
Mitchell van Bergen,FC Twente,Eredivisie,Holland,RM,"['LM', 'RW']",69,72
Ruben van Bommel,AZ,Eredivisie,Holland,LW,['LM'],69,76
Sander van de Streek,Antalyaspor,Trendyol Süper Lig,Holland,CAM,['CM'],69,141
Bart van Rooij,FC Twente,Eredivisie,Holland,RB,,69,72
Alessandro Vogliacco,Genoa,Serie A Enilive,Italy,CB,,69,93
Nick Woltemade,VfB Stuttgart,Bundesliga,Germany,ST,['CAM'],69,60
Nathan Wood,Southampton,Premier League,England,CB,,69,57
John Yeboah,Venezia,Serie A Enilive,Ecuador,RW,"['CAM', 'RM']",69,117
Bakhtiyor Zainutdinov,Beþiktaþ,Trendyol Süper Lig,Kazakhstan,LM,"['LB', 'CB', 'LW']",69,31
Leopold Zingerle,RB Leipzig,Bundesliga,Germany,GK,,69,23
Simon Zoller,FC St. Pauli,Bundesliga,Germany,ST,"['RW', 'RM']",69,125
Bobby Adekanye,Go Ahead Eagles,Eredivisie,Holland,RM,['RW'],68,146
Fatih Aksoy,Alanyaspor,Trendyol Süper Lig,Turkey,CB,"['CDM', 'RB']",68,126
Kaio César,Vitória SC,Liga Portugal,Brazil,RW,"['LW', 'RM']",68,103
Óscar Aranda,FC Famalicão,Liga Portugal,Spain,LM,"['RM', 'LW']",68,109
Carlens Arcus,Angers SCO,Ligue 1 McDonald's,Haiti,RB,,68,131
Jann-Fiete Arp,Holstein Kiel,Bundesliga,Germany,ST,['RM'],68,124
Valentin Atangana,Stade de Reims,Ligue 1 McDonald's,France,CDM,['CM'],68,87
Arthur Atta,Udinese,Serie A Enilive,France,CAM,['CM'],68,111
Soner Aydoðdu,Samsunspor,Trendyol Süper Lig,Turkey,CDM,['CM'],68,129
Leandro Bacuna,FC Groningen,Eredivisie,Curaçao,RB,"['RM', 'CM']",68,144
Nordin Bakker,Almere City FC,Eredivisie,Holland,GK,,68,150
Aliou Baldé,VfL Bochum 1848,Bundesliga,Guinea,RW,['RM'],68,107
Emrah Baþsan,Sivasspor,Trendyol Süper Lig,Turkey,RM,['RW'],68,105
Afonso Moreira,Sporting CP,Liga Portugal,Portugal,RM,"['LM', 'LW', 'RW']",68,26
Gil Dias,FC Famalicão,Liga Portugal,Portugal,LM,"['RM', 'LW']",68,109
Gökdeniz Bayrakdar,Bodrum FK,Trendyol Süper Lig,Turkey,RM,"['ST', 'LM', 'RW']",68,140
Yanis Begraoui,Estoril Praia,Liga Portugal,Morocco,ST,"['RM', 'LM']",68,118
Alaa Bellaarouch,Strasbourg,Ligue 1 McDonald's,Morocco,GK,,68,81
Lucas Bergvall,Spurs,Premier League,Sweden,CM,,68,16
Alexander Bernhardsson,Holstein Kiel,Bundesliga,Sweden,RM,"['RW', 'ST']",68,124
Tom Bischof,TSG Hoffenheim,Bundesliga,Germany,CAM,['CM'],68,39
El Chadaille Bitshiabu,RB Leipzig,Bundesliga,France,CB,,68,23
Calegari,FC Famalicão,Liga Portugal,Brazil,RB,['CDM'],68,109
Richard,Alanyaspor,Trendyol Süper Lig,Brazil,CDM,['CM'],68,126
Pedro Lima,Wolves,Premier League,Brazil,RB,['RM'],68,73
Facundo Agustín Cáseres,Gil Vicente,Liga Portugal,Argentina,CDM,['CM'],68,113
Charilaos Charisis,Sivasspor,Trendyol Süper Lig,Greece,CM,['CDM'],68,105
Gabriel Charpentier,Parma,Serie A Enilive,Congo,ST,,68,97
Julián Chicco,CD Leganés,LALIGA EA SPORTS,Argentina,CM,"['CDM', 'CB']",68,78
Pelle Clement,Sparta Rotterdam,Eredivisie,Holland,CM,"['CDM', 'RM']",68,106
Amara Condé,sc Heerenveen,Eredivisie,Germany,CM,['CDM'],68,136
Kamil Çörekçi,Hatayspor,Trendyol Süper Lig,Turkey,RB,,68,133
Lasso Coulibaly,AJ Auxerre,Ligue 1 McDonald's,Côte d'Ivoire,RM,['RW'],68,120
Thomas Dähne,Holstein Kiel,Bundesliga,Germany,GK,,68,124
Amadou Dante,Arouca,Liga Portugal,Mali,LB,,68,128
Diogo Pinto,Sporting CP,Liga Portugal,Portugal,GK,,68,26
Mees de Wit,AZ,Eredivisie,Holland,LB,,68,76
Mats Deijl,Go Ahead Eagles,Eredivisie,Holland,RB,,68,146
Cristian Devenish,AVS Futebol SAD,Liga Portugal,Colombia,CB,,68,143
Soner Dikmen,Antalyaspor,Trendyol Süper Lig,Turkey,CM,['CDM'],68,141
Adam D?wiga?a,FC St. Pauli,Bundesliga,Poland,CB,['RB'],68,125
Ronnie Edwards,Southampton,Premier League,England,CB,,68,57
Pierre Ekwah,AS Saint-Étienne,Ligue 1 McDonald's,France,CM,['CDM'],68,110
Jacopo Fazzini,Empoli,Serie A Enilive,Italy,CM,['CAM'],68,100
Volnei Feltes,Estoril Praia,Liga Portugal,Brazil,CB,['RB'],68,118
João Ferreira,SC Braga,Liga Portugal,Portugal,RB,['CB'],68,48
Rúben Macedo,Nacional,Liga Portugal,Portugal,LW,"['RW', 'LM']",68,145
Oscar Luigi Fraulo,FC Utrecht,Eredivisie,Denmark,CDM,['CM'],68,121
Nino Galovi?,Arouca,Liga Portugal,Croatia,CB,,68,128
Joe Gauci,Aston Villa,Premier League,Australia,GK,,68,17
Ismaël Gharbi,SC Braga,Liga Portugal,Spain,LW,"['CAM', 'LM']",68,48
Iván Gil,UD Las Palmas,LALIGA EA SPORTS,Spain,CM,"['LM', 'LW']",68,61
Antonio Gomis,Atlético de Madrid,LALIGA EA SPORTS,Spain,GK,,68,9
Mathieu Gorgelin,Havre AC,Ligue 1 McDonald's,France,GK,,68,115
Baptiste Guillaume,Almere City FC,Eredivisie,Belgium,ST,,68,150
Umut Güneþ,Trabzonspor,Trendyol Süper Lig,Turkey,CM,['CDM'],68,58
Florent Hanin,Angers SCO,Ligue 1 McDonald's,France,LB,,68,131
Sontje Hansen,N.E.C. Nijmegen,Eredivisie,Holland,RM,"['LM', 'RW']",68,108
?órir Jóhann Helgason,Lecce,Serie A Enilive,Iceland,CM,,68,65
Herrando,CA Osasuna,LALIGA EA SPORTS,Spain,CB,,68,75
Justin Hoogma,Heracles Almelo,Eredivisie,Holland,CB,,68,151
Siebe Horemans,FC Utrecht,Eredivisie,Belgium,RB,['CB'],68,121
Jizz Hornkamp,Heracles Almelo,Eredivisie,Holland,ST,,68,151
Dean Huijsen,AFC Bournemouth,Premier League,Spain,CB,,68,64
Jay Idzes,Venezia,Serie A Enilive,Indonesia,CB,,68,117
Ahmed Ildýz,Göztepe,Trendyol Süper Lig,Turkey,CM,"['CAM', 'CDM']",68,134
Mihajlo Ili?,Bologna,Serie A Enilive,Serbia,CB,,68,52
Rare? Ilie,OGC Nice,Ligue 1 McDonald's,Romania,LM,"['LW', 'CAM']",68,63
Nestory Irankunda,FC Bayern München,Bundesliga,Australia,RM,"['LM', 'RW']",68,3
Marko Ivezi?,Holstein Kiel,Bundesliga,Serbia,CB,['CDM'],68,124
Diego Moreira,Strasbourg,Ligue 1 McDonald's,Portugal,LM,"['RM', 'LW']",68,81
Jordan James,Stade Rennais FC,Ligue 1 McDonald's,Wales,CM,"['CAM', 'CDM']",68,86
Nicolas Janvier,Alanyaspor,Trendyol Süper Lig,France,CM,,68,126
Vít?zslav Jaroš,Liverpool,Premier League,Czech Republic,GK,,68,6
Gaby Jean,Lecce,Serie A Enilive,France,CB,,68,65
Ulisses Wilson,Nacional,Liga Portugal,Brazil,CB,,68,145
Carl Johansson,Holstein Kiel,Bundesliga,Sweden,CB,,68,124
Samuel Soares,SL Benfica,Liga Portugal,Portugal,GK,,68,29
Ayman Kari,Paris SG,Ligue 1 McDonald's,France,CM,['CAM'],68,5
Can Keleþ,Beþiktaþ,Trendyol Süper Lig,Turkey,RM,"['LM', 'RW']",68,31
Aljoscha Kemlein,Union Berlin,Bundesliga,Germany,CM,['CDM'],68,82
Sam Kersten,sc Heerenveen,Eredivisie,Holland,CB,,68,136
Benhur Keser,Çaykur Rizespor,Trendyol Süper Lig,Turkey,LM,"['ST', 'RM', 'LW']",68,123
Colin Kleine-Bekel,Holstein Kiel,Bundesliga,Germany,CB,,68,124
Magnus Knudsen,Holstein Kiel,Bundesliga,Norway,CM,"['CDM', 'LM']",68,124
Marco Komenda,Holstein Kiel,Bundesliga,Germany,CB,['LB'],68,124
Eboue Kouassi,Arouca,Liga Portugal,Côte d'Ivoire,CDM,['CM'],68,128
Kacper Koz?owski,Gaziantep,Trendyol Süper Lig,Poland,LM,"['CAM', 'LW']",68,116
Filip Krastev,PEC Zwolle,Eredivisie,Bulgaria,CAM,['CM'],68,135
Marcel Lotka,Borussia Dortmund,Bundesliga,Poland,GK,,68,11
Tom Louchet,OGC Nice,Ligue 1 McDonald's,France,LW,"['CM', 'RM', 'LM']",68,63
Julián Malatini,SV Werder Bremen,Bundesliga,Argentina,CB,['RB'],68,90
Cyril Mandouki,Gaziantep,Trendyol Süper Lig,France,CDM,['CM'],68,116
Sivert Heggheim Mannsverk,Ajax,Eredivisie,Norway,CDM,['CM'],68,68
Iván Márquez,N.E.C. Nijmegen,Eredivisie,Spain,CB,,68,108
Mario Martín,R. Valladolid CF,LALIGA EA SPORTS,Spain,CM,,68,92
Danilo Veiga,Estrela Amadora,Liga Portugal,Portugal,RB,['CM'],68,132
Mehdi Merghem,Farense,Liga Portugal,France,RM,['RW'],68,137
Metinho,Sparta Rotterdam,Eredivisie,Brazil,CDM,['CM'],68,106
Aimen Moueffek,AS Saint-Étienne,Ligue 1 McDonald's,Morocco,CM,['CDM'],68,110
Rui Modesto,Udinese,Serie A Enilive,Angola,RM,"['RB', 'RW']",68,111
Ngal'ayel Mukau,LOSC Lille,Ligue 1 McDonald's,Congo DR,CDM,['CM'],68,49
Beni,Casa Pia AC,Liga Portugal,Angola,CM,['CDM'],68,112
Nikolas Nartey,VfB Stuttgart,Bundesliga,Denmark,CM,"['CDM', 'LB']",68,60
João Muniz,Rio Ave FC,Liga Portugal,Portugal,CB,['LB'],68,114
Duckens Nazon,Kayserispor,Trendyol Süper Lig,Haiti,ST,,68,138
Alassane Ndao,Konyaspor,Trendyol Süper Lig,Senegal,RM,['RW'],68,102
Ibrahima Niane,Angers SCO,Ligue 1 McDonald's,Senegal,ST,,68,131
Julian Niehues,Heidenheim,Bundesliga,Germany,CDM,['CM'],68,104
Lasse Nielsen,Göztepe,Trendyol Süper Lig,Denmark,CB,,68,134
Samuel Obeng,Casa Pia AC,Liga Portugal,Ghana,ST,,68,112
Alexandre Olliero,Stade de Reims,Ligue 1 McDonald's,France,GK,,68,87
Simon Olsson,sc Heerenveen,Eredivisie,Sweden,CM,"['RM', 'CDM']",68,136
Jérôme Onguéné,Frankfurt,Bundesliga,Cameroon,CB,,68,46
Thijs Oosting,FC Groningen,Eredivisie,Holland,ST,"['LM', 'CAM']",68,144
Pedro Ortiz,Sevilla FC,LALIGA EA SPORTS,Spain,CM,['CDM'],68,66
Yassin Oukili,RKC Waalwijk,Eredivisie,Morocco,CDM,['CM'],68,147
Berke Özer,Eyüpspor,Trendyol Süper Lig,Turkey,GK,,68,127
Renato Pantalon,Rio Ave FC,Liga Portugal,Croatia,CB,,68,114
Troy Parrott,AZ,Eredivisie,Republic of Ireland,ST,['RW'],68,76
Marvin Peersman,FC Groningen,Eredivisie,Belgium,CB,['LB'],68,144
Pietro Pellegri,Empoli,Serie A Enilive,Italy,ST,,68,100
Théo Pellenard,AJ Auxerre,Ligue 1 McDonald's,France,CB,,68,120
Henrique Araújo,Arouca,Liga Portugal,Portugal,ST,,68,128
Santiago Pierotti,Lecce,Serie A Enilive,Argentina,RW,"['ST', 'CAM', 'RM']",68,65
Balthazar Pierret,Lecce,Serie A Enilive,France,CDM,"['CM', 'CB']",68,65
Guilherme Ramos,Santa Clara,Liga Portugal,Portugal,CB,,68,139
Gianluca Prestianni,SL Benfica,Liga Portugal,Argentina,RM,"['CAM', 'CM', 'RW']",68,29
Alex Pritchard,Sivasspor,Trendyol Süper Lig,England,CAM,['CM'],68,105
Ruben Providence,Almere City FC,Eredivisie,France,LM,['LW'],68,150
Ferro,Estrela Amadora,Liga Portugal,Portugal,CB,,68,132
Nicolai Remberg,Holstein Kiel,Bundesliga,Germany,CM,['CDM'],68,124
Rigoberto Rivas,Hatayspor,Trendyol Süper Lig,Honduras,LM,"['RM', 'ST', 'LW']",68,133
Thomas Robinet,Almere City FC,Eredivisie,France,ST,['CAM'],68,150
Thiago Rodrigues,Arouca,Liga Portugal,Brazil,GK,,68,128
Miguel Rodríguez,FC Utrecht,Eredivisie,Spain,RM,"['LM', 'RW']",68,121
Sandro Cruz,Gil Vicente,Liga Portugal,Angola,LB,"['LM', 'CB']",68,113
Patrick William,Rio Ave FC,Liga Portugal,Brazil,CB,,68,114
Görkem Saðlam,Hatayspor,Trendyol Süper Lig,Turkey,CAM,"['CM', 'CDM']",68,133
Ömer Ali Þahiner,Baþakþehir,Trendyol Süper Lig,Turkey,RB,"['RM', 'CM']",68,99
João Graça,Rio Ave FC,Liga Portugal,Portugal,CM,['RW'],68,114
Eddie Salcedo,Inter,Serie A Enilive,Italy,ST,['CAM'],68,7
Nazim Sangaré,Göztepe,Trendyol Süper Lig,Turkey,RB,['RM'],68,134
Kaish? Sano,1. FSV Mainz 05,Bundesliga,Japan,CM,['CDM'],68,83
Kodai Sano,N.E.C. Nijmegen,Eredivisie,Japan,LM,"['CAM', 'CM', 'LW']",68,108
Amin Sarr,Hellas Verona,Serie A Enilive,Sweden,ST,['LW'],68,94
Stefan Schimmer,Heidenheim,Bundesliga,Germany,ST,,68,104
Marvin Schulz,Holstein Kiel,Bundesliga,Germany,CB,"['CDM', 'CM']",68,124
Marco Matias,Farense,Liga Portugal,Portugal,LM,"['LW', 'RM']",68,137
Danel Sinani,FC St. Pauli,Bundesliga,Luxembourg,RM,"['RW', 'CAM']",68,125
Tobias Sippel,M'gladbach,Bundesliga,Germany,GK,,68,79
Issa Soumaré,Havre AC,Ligue 1 McDonald's,Senegal,LM,"['ST', 'LW']",68,115
Furkan Soyalp,Gaziantep,Trendyol Süper Lig,Turkey,CM,"['CDM', 'CAM']",68,116
Lucas Stassin,AS Saint-Étienne,Ligue 1 McDonald's,Belgium,ST,,68,110
Patryk Szysz,Baþakþehir,Trendyol Süper Lig,Poland,RM,"['ST', 'LM', 'RW']",68,99
Jack Taylor,Ipswich,Premier League,Republic of Ireland,CDM,['CM'],68,95
Duplexe Tchamba,Casa Pia AC,Liga Portugal,Cameroon,CB,,68,112
David Tijani?,Göztepe,Trendyol Süper Lig,Slovenia,CAM,['CM'],68,134
Tidjany Touré,Gil Vicente,Liga Portugal,France,LM,['LW'],68,113
Turrientes,Real Sociedad,LALIGA EA SPORTS,Spain,CM,['CDM'],68,28
Naci Ünüvar,RCD Espanyol,LALIGA EA SPORTS,Turkey,LW,"['CAM', 'LM']",68,96
Hakon Valdimarsson,Brentford,Premier League,Iceland,GK,,68,70
Valera,Valencia CF,LALIGA EA SPORTS,Spain,RM,"['LM', 'RW']",68,22
Tom van de Looi,FC Famalicão,Liga Portugal,Holland,CDM,['CM'],68,109
Davy van den Berg,PEC Zwolle,Eredivisie,Holland,CM,"['CDM', 'LM']",68,135
Jan Van den Bergh,NAC Breda,Eredivisie,Belgium,CB,['LB'],68,148
Djevencio van der Kust,Sparta Rotterdam,Eredivisie,Suriname,LB,,68,106
Dal Varešanovi?,Çaykur Rizespor,Trendyol Süper Lig,Bosnia and Herzegovina,CAM,['CM'],68,123
Devis Vásquez,Empoli,Serie A Enilive,Colombia,GK,,68,100
Dylan Vente,PEC Zwolle,Eredivisie,Suriname,ST,,68,135
Gabriel Vidovi?,1. FSV Mainz 05,Bundesliga,Croatia,LW,"['LM', 'ST']",68,83
Christian Walton,Ipswich,Premier League,England,GK,,68,95
Paul Wanner,Heidenheim,Bundesliga,Germany,CAM,['RM'],68,104
Caleb Wiley,Strasbourg,Ligue 1 McDonald's,United States,LB,,68,81
Yehor Yarmoliuk,Brentford,Premier League,Ukraine,CAM,"['CM', 'RW']",68,70
Kartal Yýlmaz,Kayserispor,Trendyol Süper Lig,Turkey,CDM,['CM'],68,138
Jordan Zemura,Udinese,Serie A Enilive,Zimbabwe,LB,['LM'],68,111
Altin Zeqiri,Çaykur Rizespor,Trendyol Süper Lig,Kosovo,LW,"['RW', 'LM']",68,123
Nathan Zézé,FC Nantes,Ligue 1 McDonald's,France,CB,,68,98
Shiloh 't Zand,Heracles Almelo,Eredivisie,Holland,CAM,"['CM', 'LM']",67,151
Giorgi Aburjania,AVS Futebol SAD,Liga Portugal,Georgia,CM,['CDM'],67,143
Andreas Albers,FC St. Pauli,Bundesliga,Denmark,ST,,67,125
Fidan Aliti,Alanyaspor,Trendyol Süper Lig,Kosovo,CB,['LB'],67,126
Iker Álvarez,Villarreal CF,LALIGA EA SPORTS,Andorra,GK,,67,32
Gustavo Henrique,Estrela Amadora,Liga Portugal,Brazil,RW,"['LW', 'RM']",67,132
Jamal Amofa,Go Ahead Eagles,Eredivisie,Holland,CB,,67,146
Jon Mikel Aramburu,Real Sociedad,LALIGA EA SPORTS,Venezuela,RB,,67,28
Julian Baas,Sparta Rotterdam,Eredivisie,Holland,CM,['CDM'],67,106
Youri Baas,Ajax,Eredivisie,Holland,LB,['CB'],67,68
Isaac Babadi,PSV,Eredivisie,Holland,CAM,"['CM', 'LW']",67,50
Felix Bacher,Estoril Praia,Liga Portugal,Austria,CB,['RB'],67,118
Jean-Mattéo Bahoya,Frankfurt,Bundesliga,France,LM,"['CAM', 'LW']",67,46
Saïd Bakari,Sparta Rotterdam,Eredivisie,Netherlands,RB,,67,106
Max Balard,NAC Breda,Eredivisie,Australia,CM,['CDM'],67,148
Raffael Behounek,Willem II,Eredivisie,Austria,CB,,67,149
Luca Belardinelli,Empoli,Serie A Enilive,Italy,CDM,['CM'],67,100
Steven Benda,Fulham,Premier League,Germany,GK,,67,44
Tayfur Bingöl,Eyüpspor,Trendyol Süper Lig,Turkey,LB,"['LM', 'CM']",67,127
Marc Bola,Samsunspor,Trendyol Süper Lig,England,LB,['CB'],67,129
Moïse Bombito,OGC Nice,Ligue 1 McDonald's,Canada,CB,['LB'],67,63
Benjamin Bouchouari,AS Saint-Étienne,Ligue 1 McDonald's,Morocco,CM,,67,110
Pedro Brazão,Bodrum FK,Trendyol Süper Lig,Portugal,RM,"['CAM', 'RW']",67,140
Luuk Brouwers,sc Heerenveen,Eredivisie,Holland,CAM,"['CM', 'CDM']",67,136
Buatu,Gil Vicente,Liga Portugal,Angola,CB,,67,113
Sascha Burchert,FC St. Pauli,Bundesliga,Germany,GK,,67,125
Oliver Burke,SV Werder Bremen,Bundesliga,Scotland,RM,"['ST', 'RW']",67,90
Oriol Busquets,Arouca,Liga Portugal,Spain,CDM,"['CM', 'CB']",67,128
Butzke,Nacional,Liga Portugal,Spain,ST,,67,145
Zico Buurmeester,AZ,Eredivisie,Holland,CM,['CDM'],67,76
Ibrahima Camará,Boavista FC,Liga Portugal,Guinea,CDM,['CM'],67,130
Ousmane Camara,Angers SCO,Ligue 1 McDonald's,France,CB,,67,131
Wagner Pina,Estoril Praia,Liga Portugal,Cape Verde Islands,RM,"['RB', 'RW']",67,118
André Sousa,Nacional,Liga Portugal,Portugal,CM,,67,145
Jesús Castillo,Gil Vicente,Liga Portugal,Peru,CDM,['CM'],67,113
Yoann Cathline,FC Utrecht,Eredivisie,France,LM,"['ST', 'LW']",67,121
Alberto Cerri,Como,Serie A Enilive,Italy,ST,,67,47
Moutir Chajia,Como,Serie A Enilive,Belgium,LM,"['CAM', 'LW']",67,47
Denilho Cleonise,RKC Waalwijk,Eredivisie,Holland,RM,"['LM', 'RW']",67,147
Sirlord Conteh,Heidenheim,Bundesliga,Germany,ST,['RM'],67,104
Nikita Contini,SSC Napoli,Serie A Enilive,Ukraine,GK,,67,20
Domen ?rnigoj,Venezia,Serie A Enilive,Slovenia,CM,,67,117
Iván Cuéllar,RCD Mallorca,LALIGA EA SPORTS,Spain,GK,,67,41
Alessio Da Cruz,Fortuna Sittard,Eredivisie,Cape Verde Islands,ST,['CAM'],67,142
Pedro Trigueira,AVS Futebol SAD,Liga Portugal,Portugal,GK,,67,143
Brian De Keersmaecker,Heracles Almelo,Eredivisie,Belgium,CDM,['CM'],67,151
Fabian de Keijzer,Heracles Almelo,Eredivisie,Holland,GK,,67,151
Yusuf Demir,Galatasaray,Trendyol Süper Lig,Austria,RM,"['CAM', 'RW']",67,12
Will Dennis,AFC Bournemouth,Premier League,England,GK,,67,64
Halil Ýbrahim Derviþoðlu,Galatasaray,Trendyol Süper Lig,Turkey,ST,['CAM'],67,12
Enis Destan,Trabzonspor,Trendyol Süper Lig,Turkey,ST,['CAM'],67,58
Lamine Diack,Hatayspor,Trendyol Süper Lig,Senegal,CDM,['CM'],67,133
Mahamadou Diawara,OL,Ligue 1 McDonald's,France,CM,,67,43
Matisse Didden,FC Utrecht,Eredivisie,Belgium,CB,,67,121
Thomas Didillon-Hödl,Willem II,Eredivisie,France,GK,,67,149
Amine El Ouazzani,SC Braga,Liga Portugal,Morocco,ST,['RM'],67,48
Doðan Erdoðan,Göztepe,Trendyol Süper Lig,Turkey,CDM,['CM'],67,134
Onur Ergün,Baþakþehir,Trendyol Süper Lig,Turkey,CDM,['CM'],67,99
Mustafa Eskihellaç,Gaziantep,Trendyol Süper Lig,Turkey,RM,"['RB', 'LM', 'RW']",67,116
Gonçalo Costa,Estoril Praia,Liga Portugal,Portugal,LB,['LM'],67,118
Matias Fernandez-Pardo,LOSC Lille,Ligue 1 McDonald's,Belgium,CAM,,67,49
Miguel Sousa,Casa Pia AC,Liga Portugal,Portugal,CAM,"['CM', 'RM']",67,112
Rafael Nel,Sporting CP,Liga Portugal,Portugal,ST,"['RW', 'CAM']",67,26
Kolbeinn Birgir Finnsson,FC Utrecht,Eredivisie,Iceland,LB,,67,121
José Fontán,Arouca,Liga Portugal,Spain,CB,['LB'],67,128
Anton Gaaei,Ajax,Eredivisie,Denmark,RB,,67,68
Anselmo García MacNulty,PEC Zwolle,Eredivisie,Republic of Ireland,CB,['LB'],67,135
Yarek,Valencia CF,LALIGA EA SPORTS,Spain,CB,['LB'],67,22
Armin Gigovi?,Holstein Kiel,Bundesliga,Bosnia and Herzegovina,CM,['CDM'],67,124
Caio Secco,Moreirense FC,Liga Portugal,Brazil,GK,,67,122
Vítor Gomes,Rio Ave FC,Liga Portugal,Portugal,CM,['CDM'],67,114
Diego González,Lazio,Serie A Enilive,Paraguay,LW,"['RW', 'LM']",67,34
Pablo Gozálbez,Arouca,Liga Portugal,Spain,CAM,"['LM', 'RM']",67,128
Jaume Grau,AVS Futebol SAD,Liga Portugal,Spain,CM,,67,143
Leo Greiml,NAC Breda,Eredivisie,Austria,CB,,67,148
Marc Guiu,Chelsea,Premier League,Spain,ST,,67,24
Anis Hadj-Moussa,Feyenoord,Eredivisie,Algeria,RW,"['CAM', 'RM']",67,54
Ramon Hendriks,VfB Stuttgart,Bundesliga,Holland,CB,['LB'],67,60
André Luiz,Estrela Amadora,Liga Portugal,Brazil,ST,"['LW', 'RW']",67,132
Hidde Jurjus,FC Groningen,Eredivisie,Holland,GK,,67,144
Yusuf Kabadayi,FC Augsburg,Bundesliga,Germany,RM,"['CM', 'RW']",67,101
Ali Karimi,Kayserispor,Trendyol Süper Lig,Iran,CM,['CDM'],67,138
Guy-Marcelin Kilama,Hatayspor,Trendyol Süper Lig,Cameroon,CB,,67,133
Arda Kýzýldað,Gaziantep,Trendyol Süper Lig,Turkey,CB,['RB'],67,116
Carl Klaus,Union Berlin,Bundesliga,Germany,GK,,67,82
Ilias Kostis,Atlético de Madrid,LALIGA EA SPORTS,Greece,CB,['LB'],67,9
Ýsmail Köybaþý,Göztepe,Trendyol Süper Lig,Turkey,LB,['LM'],67,134
Ahmed Kutucu,Eyüpspor,Trendyol Süper Lig,Turkey,ST,,67,127
Gustaf Lagerbielke,FC Twente,Eredivisie,Sweden,CB,,67,72
Nikolai Laursen,Heracles Almelo,Eredivisie,Denmark,RM,['RW'],67,151
Richard Ledezma,PSV,Eredivisie,United States,CAM,['CM'],67,50
Clint Leemans,NAC Breda,Eredivisie,Holland,CM,['CDM'],67,148
Julian Lelieveld,RKC Waalwijk,Eredivisie,Holland,RB,,67,147
Evert Linthorst,Go Ahead Eagles,Eredivisie,Holland,CDM,['CM'],67,146
Noah Loosli,VfL Bochum 1848,Bundesliga,Switzerland,CB,,67,107
Salem M'Bakata,Gaziantep,Trendyol Süper Lig,France,RB,['LB'],67,116
Paris Maghoma,Brentford,Premier League,England,CM,['CDM'],67,70
Artur Jorge,Farense,Liga Portugal,Portugal,CB,,67,137
Félix,Real Betis,LALIGA EA SPORTS,Spain,CB,['LB'],67,38
Gabri Martínez,SC Braga,Liga Portugal,Spain,RM,"['LM', 'RW']",67,48
Henrique Pereira,Casa Pia AC,Liga Portugal,Portugal,LW,"['RW', 'LM']",67,112
Diogo Travassos,Estrela Amadora,Liga Portugal,Portugal,RB,"['LB', 'RM']",67,132
Umut Meraþ,Eyüpspor,Trendyol Süper Lig,Turkey,LB,['LM'],67,127
David Min,FC Utrecht,Eredivisie,Holland,ST,,67,121
Novatus Miroshi,Göztepe,Trendyol Süper Lig,Tanzania,LB,"['CB', 'CDM']",67,134
Shunsuke Mito,Sparta Rotterdam,Eredivisie,Japan,RM,['RW'],67,106
Martim Fernandes,FC Porto,Liga Portugal,Portugal,RB,['LB'],67,27
Gerrit Nauber,Go Ahead Eagles,Eredivisie,Germany,CB,,67,146
David Nemeth,FC St. Pauli,Bundesliga,Austria,CB,,67,125
Brooke Norton-Cuffy,Genoa,Serie A Enilive,England,RB,,67,93
Ché Nunnely,sc Heerenveen,Eredivisie,Suriname,RM,['RW'],67,136
Yllan Okou,Hellas Verona,Serie A Enilive,France,CB,,67,94
Olasagasti,Real Sociedad,LALIGA EA SPORTS,Spain,CM,['CDM'],67,28
Ibrahim Olawoyin,Çaykur Rizespor,Trendyol Süper Lig,Nigeria,CAM,"['CM', 'CDM']",67,123
Ben Old,AS Saint-Étienne,Ligue 1 McDonald's,New Zealand,LM,"['CAM', 'CM', 'LW']",67,110
Baþar Önal,N.E.C. Nijmegen,Eredivisie,Turkey,LM,"['RM', 'LW']",67,108
William Osula,Newcastle Utd,Premier League,Denmark,ST,,67,21
Zinédine Ould Khaled,Angers SCO,Ligue 1 McDonald's,France,CDM,['CM'],67,131
Giannis Papanikolaou,Çaykur Rizespor,Trendyol Süper Lig,Greece,CM,['CB'],67,123
Abdulkadir Parmak,Hatayspor,Trendyol Süper Lig,Turkey,CDM,['CM'],67,133
Pablo Felipe,Gil Vicente,Liga Portugal,Brazil,RM,"['ST', 'RW']",67,113
Simone Perilli,Hellas Verona,Serie A Enilive,Italy,GK,,67,94
Kristoffer Peterson,Fortuna Sittard,Eredivisie,Sweden,LM,"['RM', 'LW']",67,142
Damián Pizarro,Udinese,Serie A Enilive,Chile,ST,,67,111
Ernest Poku,AZ,Eredivisie,Holland,RW,"['LW', 'RM']",67,76
Romano Postema,FC Groningen,Eredivisie,Holland,ST,,67,144
George Pu?ca?,Bodrum FK,Trendyol Süper Lig,Romania,ST,,67,140
Uroš Radakovi?,Sivasspor,Trendyol Süper Lig,Serbia,CB,,67,105
Hamza Rafia,Lecce,Serie A Enilive,Tunisia,CM,['CAM'],67,65
Nuno Lima,Alanyaspor,Trendyol Süper Lig,Portugal,CB,,67,126
Marco Rente,FC Groningen,Eredivisie,Germany,CB,,67,144
Robin Risser,Strasbourg,Ligue 1 McDonald's,France,GK,,67,81
Lars Ritzka,FC St. Pauli,Bundesliga,Germany,LB,['LM'],67,125
Matías Rocha,Arouca,Liga Portugal,Uruguay,CB,['RB'],67,128
Rúben Lima,Estrela Amadora,Liga Portugal,Portugal,CB,['LB'],67,132
Luís Rocha,Santa Clara,Liga Portugal,Portugal,CB,,67,139
Ignacio Rodríguez,AVS Futebol SAD,Liga Portugal,Uruguay,CB,,67,143
Loret Sadiku,Kasýmpaþa,Trendyol Süper Lig,Albania,CDM,"['CB', 'CM']",67,84
Anass Salah-Eddine,FC Twente,Eredivisie,Holland,LB,['CM'],67,72
Amine Salama,Stade de Reims,Ligue 1 McDonald's,France,ST,['LM'],67,87
Veysel Sarý,Antalyaspor,Trendyol Süper Lig,Turkey,CB,,67,141
Joël Schingtienne,Venezia,Serie A Enilive,Belgium,CB,['RB'],67,117
Kenneth Schmidt,SC Freiburg,Bundesliga,Germany,CB,,67,42
Ilias Sebaoui,sc Heerenveen,Eredivisie,Morocco,LM,"['CAM', 'LW']",67,136
Muhammed Þengezer,Baþakþehir,Trendyol Süper Lig,Turkey,GK,,67,99
Patrick Gilmar Sequeira,Casa Pia AC,Liga Portugal,Costa Rica,GK,,67,112
Jakub S?owik,Konyaspor,Trendyol Süper Lig,Poland,GK,,67,102
Marin Šverko,Venezia,Serie A Enilive,Croatia,CB,,67,117
Younes Taha,FC Twente,Eredivisie,Morocco,RM,"['LM', 'RW']",67,72
Ertuðrul Taþkýran,Alanyaspor,Trendyol Süper Lig,Turkey,GK,,67,126
Geovany Quenda,Sporting CP,Liga Portugal,Portugal,RW,"['LW', 'RM']",67,26
Mickaël Tirpan,Willem II,Eredivisie,Turkey,RB,['CDM'],67,149
Keke Topp,SV Werder Bremen,Bundesliga,Germany,ST,,67,90
David Torres,R. Valladolid CF,LALIGA EA SPORTS,Spain,CB,,67,92
Kyan Vaesen,Willem II,Eredivisie,Belgium,ST,,67,149
Dario Van den Buijs,RKC Waalwijk,Eredivisie,Belgium,CB,,67,147
Mickey van der Hart,sc Heerenveen,Eredivisie,Holland,GK,,67,136
Alec Van Hoorenbeeck,FC Twente,Eredivisie,Belgium,CB,['LB'],67,72
Yanick van Osch,RKC Waalwijk,Eredivisie,Holland,GK,,67,147
Nilton Varela,Estrela Amadora,Liga Portugal,Portugal,LB,['LM'],67,132
Odysseus Velanas,PEC Zwolle,Eredivisie,Holland,LM,"['CAM', 'LW']",67,135
Nikolas Veratschnig,1. FSV Mainz 05,Bundesliga,Austria,RB,['RM'],67,83
Hobie Verhulst,AZ,Eredivisie,Holland,GK,,67,76
Ilija Vukoti?,Boavista FC,Liga Portugal,Montenegro,CM,['CDM'],67,130
Ali Þaþal Vural,Sivasspor,Trendyol Süper Lig,Turkey,GK,,67,105
Joshua Wilson-Esbrand,Manchester City,Premier League,England,LB,,67,2
Robin Yalçýn,Eyüpspor,Trendyol Süper Lig,Germany,RB,"['CB', 'CDM']",67,127
Ivan Zlobin,FC Famalicão,Liga Portugal,Russia,GK,,67,109
Talys,Farense,Liga Portugal,Brazil,LB,,66,137
Yaw Ackah,Kayserispor,Trendyol Süper Lig,Ghana,CDM,['CM'],66,138
Babatunde Akinsola,AVS Futebol SAD,Liga Portugal,Nigeria,RM,"['LM', 'LW', 'RW']",66,143
Ufuk Akyol,Konyaspor,Trendyol Süper Lig,Turkey,CDM,['CM'],66,102
Ali Al Hamadi,Ipswich,Premier League,Iraq,ST,,66,95
Danilo Al Saed,sc Heerenveen,Eredivisie,Iraq,LM,['LW'],66,136
Altimira,CD Leganés,LALIGA EA SPORTS,Spain,RB,['RM'],66,78
Jeremy Antonisse,Moreirense FC,Liga Portugal,Curaçao,LM,['LW'],66,122
Serkan Asan,Trabzonspor,Trendyol Süper Lig,Turkey,RB,,66,58
Joseph Attamah,Kayserispor,Trendyol Süper Lig,Ghana,CB,['CDM'],66,138
Loide Augusto,Alanyaspor,Trendyol Süper Lig,Angola,RB,,66,126
Zé Ricardo,AVS Futebol SAD,Liga Portugal,Brazil,LB,['LM'],66,143
Yasin Ayari,Brighton,Premier League,Sweden,CM,['CAM'],66,55
Elves Baldé,Farense,Liga Portugal,Portugal,RW,"['LW', 'RM']",66,137
Théo Barbet,Almere City FC,Eredivisie,France,CB,,66,150
Iker Benito,CA Osasuna,LALIGA EA SPORTS,Spain,LM,"['LW', 'RM']",66,75
Bartosz Bia?ek,VfL Wolfsburg,Bundesliga,Poland,ST,,66,62
Alessandro Bianco,Monza,Serie A Enilive,Italy,CM,,66,80
Daniel Bielica,NAC Breda,Eredivisie,Poland,GK,,66,148
Jeremy Bokila,Willem II,Eredivisie,Congo DR,ST,['LW'],66,149
Warren Bondo,Monza,Serie A Enilive,France,CM,['CDM'],66,80
Carlo Boukhalfa,FC St. Pauli,Bundesliga,Germany,CAM,"['CM', 'CDM']",66,125
Jakob Breum,Go Ahead Eagles,Eredivisie,Denmark,RM,"['LM', 'RW']",66,146
Maximilian Breunig,Heidenheim,Bundesliga,Germany,ST,,66,104
Jordy Bruijn,Heracles Almelo,Eredivisie,Holland,CAM,"['CM', 'CDM']",66,151
Thomas Bruns,Heracles Almelo,Eredivisie,Holland,CAM,['CM'],66,151
Max Bruns,FC Twente,Eredivisie,Holland,CB,['CDM'],66,72
Charles-Andreas Brym,Sparta Rotterdam,Eredivisie,Canada,ST,['LM'],66,106
Thomas Buitink,PEC Zwolle,Eredivisie,Holland,ST,['CAM'],66,135
Ludovic Butelle,Stade de Reims,Ligue 1 McDonald's,France,GK,,66,87
Cihan Çanak,Trabzonspor,Trendyol Süper Lig,Turkey,CAM,"['CM', 'RM']",66,58
Cañizares,Farense,Liga Portugal,Spain,GK,,66,137
Tarýk Çetin,Çaykur Rizespor,Trendyol Süper Lig,Turkey,GK,,66,123
Uður Çiftçi,Sivasspor,Trendyol Süper Lig,Turkey,LB,,66,105
Sadýk Çiftpýnar,Kasýmpaþa,Trendyol Süper Lig,Turkey,CB,,66,84
Ramazan Civelek,Kayserispor,Trendyol Süper Lig,Turkey,RM,"['RB', 'LM', 'RW']",66,138
Aloïs Confais,Havre AC,Ligue 1 McDonald's,France,CDM,"['CM', 'RB']",66,115
Sergio Córdova,Alanyaspor,Trendyol Süper Lig,Venezuela,ST,['CAM'],66,126
Grégoire Coudert,Stade Brestois 29,Ligue 1 McDonald's,France,GK,,66,74
Juan Manuel Cruz,Hellas Verona,Serie A Enilive,Argentina,ST,,66,94
Luke Cundle,Wolves,Premier League,England,CM,"['CAM', 'CDM']",66,73
Kayky,Sparta Rotterdam,Eredivisie,Brazil,RW,['RM'],66,106
Ataberk Dadakdeniz,Antalyaspor,Trendyol Süper Lig,Turkey,GK,,66,141
Maxim Dekker,AZ,Eredivisie,Holland,CB,,66,76
Adil Demirbað,Konyaspor,Trendyol Süper Lig,Turkey,CB,,66,102
Pedro Ferreira,Santa Clara,Liga Portugal,Portugal,CDM,['CM'],66,139
Edan Diop,AS Monaco,Ligue 1 McDonald's,France,RM,"['CAM', 'RW']",66,53
Matheus Dias,Nacional,Liga Portugal,Brazil,CDM,['CM'],66,145
Stefan Drlja?a,VfB Stuttgart,Bundesliga,Germany,GK,,66,60
Julien Duranville,Borussia Dortmund,Bundesliga,Belgium,LM,"['RM', 'LW']",66,11
Vitus Eicher,Heidenheim,Bundesliga,Germany,GK,,66,104
Jacques Ekomié,Angers SCO,Ligue 1 McDonald's,Gabon,LB,['CB'],66,131
Bartuð Elmaz,Fenerbahçe,Trendyol Süper Lig,Turkey,CDM,['CM'],66,30
Ante Erceg,Fortuna Sittard,Eredivisie,Croatia,ST,,66,142
Wahid Faghir,VfB Stuttgart,Bundesliga,Denmark,ST,,66,60
Roberto,SC Braga,Liga Portugal,Spain,ST,,66,48
Fernando Fonseca,AVS Futebol SAD,Liga Portugal,Portugal,RB,['LB'],66,143
Théo Fonseca,FC Famalicão,Liga Portugal,Portugal,ST,['RM'],66,109
Taichi Fukui,Arouca,Liga Portugal,Japan,CM,"['CAM', 'RW']",66,128
Soner Gönül,Samsunspor,Trendyol Süper Lig,Turkey,LB,,66,129
Urko González,Real Sociedad,LALIGA EA SPORTS,Spain,CB,['CDM'],66,28
Jean Baptiste Gorby,SC Braga,Liga Portugal,France,CDM,['CM'],66,48
Jens Grahl,Frankfurt,Bundesliga,Germany,GK,,66,46
Simon Graves,PEC Zwolle,Eredivisie,Denmark,RB,['CB'],66,135
Lukas Hornicek,SC Braga,Liga Portugal,Czech Republic,GK,,66,48
Ilyes Housni,Havre AC,Ligue 1 McDonald's,Morocco,ST,,66,115
Jeroen Houwen,RKC Waalwijk,Eredivisie,Holland,GK,,66,147
Adrien Hunou,Angers SCO,Ligue 1 McDonald's,France,ST,['CM'],66,131
Gino Infantino,Fiorentina,Serie A Enilive,Argentina,RW,"['LW', 'CM', 'RM']",66,67
Antoine Joujou,Havre AC,Ligue 1 McDonald's,France,RM,"['LM', 'RW']",66,115
Melih Kabasakal,Eyüpspor,Trendyol Süper Lig,Turkey,CDM,['CM'],66,127
Tugay Kaçar,Eyüpspor,Trendyol Süper Lig,Turkey,CDM,"['CM', 'CB']",66,127
Junior Kadile,Almere City FC,Eredivisie,France,LM,"['LW', 'ST']",66,150
Hasan Ali Kaldýrým,Kayserispor,Trendyol Süper Lig,Turkey,LB,,66,138
Burak Kapacak,Fenerbahçe,Trendyol Süper Lig,Turkey,RM,"['RB', 'RW']",66,30
Denso Kasius,AZ,Eredivisie,Holland,RB,,66,76
Thomas Keller,Heidenheim,Bundesliga,Germany,CB,['CDM'],66,104
Philippe Paulin Keny,Baþakþehir,Trendyol Süper Lig,Senegal,ST,"['RW', 'LM']",66,99
Dimitrios Kolovetsios,Kayserispor,Trendyol Süper Lig,Greece,CB,,66,138
Ben Lhassine Kone,Como,Serie A Enilive,Côte d'Ivoire,CM,,66,47
Frans Krätzig,VfB Stuttgart,Bundesliga,Germany,LB,['CM'],66,60
Kelvin Leerdam,Heracles Almelo,Eredivisie,Suriname,CB,['RB'],66,151
Bryan Limbombe,Heracles Almelo,Eredivisie,Belgium,LM,"['RM', 'LW']",66,151
Enric Llansana,Go Ahead Eagles,Eredivisie,Holland,CDM,['CM'],66,146
Niklas Lomb,Leverkusen,Bundesliga,Germany,GK,,66,10
Jonathan Lucca,AVS Futebol SAD,Liga Portugal,Brazil,CM,['CDM'],66,143
Javi Martón,Athletic Club,LALIGA EA SPORTS,Spain,ST,,66,19
Alan Matturro,Genoa,Serie A Enilive,Uruguay,CB,['LB'],66,93
Adrian Mazilu,Brighton,Premier League,Romania,RM,"['LM', 'RW']",66,55
Mexx Meerdink,AZ,Eredivisie,Holland,ST,,66,76
Aaron Meijers,RKC Waalwijk,Eredivisie,Holland,LB,,66,147
Joelson Fernandes,Hatayspor,Trendyol Süper Lig,Portugal,RM,"['LM', 'RW']",66,133
Antoni Milambo,Feyenoord,Eredivisie,Holland,CAM,['CM'],66,54
Alex Millán,Farense,Liga Portugal,Spain,ST,,66,137
Juan José Mina,Estrela Amadora,Liga Portugal,Colombia,RB,,66,132
Damon Mirani,Heracles Almelo,Eredivisie,Holland,CB,['CDM'],66,151
Cezary Miszta,Rio Ave FC,Liga Portugal,Poland,GK,,66,114
Jeyland Mitchell,Feyenoord,Eredivisie,Costa Rica,CB,,66,54
Rui Mendes,FC Groningen,Eredivisie,Portugal,RM,['RW'],66,144
Rodrigo Mora,FC Porto,Liga Portugal,Portugal,CAM,"['CM', 'LW']",66,27
Adi Nali?,Almere City FC,Eredivisie,Bosnia and Herzegovina,CAM,"['ST', 'CM']",66,150
Zé Carlos,Vitória SC,Liga Portugal,Portugal,RB,,66,103
Mor Ndiaye,Estoril Praia,Liga Portugal,Senegal,CDM,['CM'],66,118
Camiel Neghli,Sparta Rotterdam,Eredivisie,Algeria,RM,['RW'],66,106
Hans Nicolussi Caviglia,Venezia,Serie A Enilive,Italy,CM,,66,117
Diogo Sousa,Bodrum FK,Trendyol Süper Lig,Portugal,GK,,66,140
Nathan Opoku,Leicester City,Premier League,Ghana,ST,,66,85
Fredrik Oppegård,PSV,Eredivisie,Norway,LB,,66,50
Jandro Orellana,Estoril Praia,Liga Portugal,Spain,CDM,['CM'],66,118
Ibrahim Osman,Feyenoord,Eredivisie,Ghana,LM,"['ST', 'LW']",66,54
Owono,D. Alavés,LALIGA EA SPORTS,Equatorial Guinea,GK,,66,88
Joey Pelupessy,FC Groningen,Eredivisie,Holland,CDM,['CM'],66,144
Rodrigo Pinheiro,FC Famalicão,Liga Portugal,Portugal,RB,,66,109
Darío Poveda,Farense,Liga Portugal,Spain,ST,"['RM', 'LM']",66,137
Lilian Raolisoa,Angers SCO,Ligue 1 McDonald's,France,RB,['RM'],66,131
Stije Resink,FC Groningen,Eredivisie,Holland,CM,['CDM'],66,144
Tiago Dias,Casa Pia AC,Liga Portugal,Portugal,RM,"['LM', 'RW']",66,112
Robin Roefs,N.E.C. Nijmegen,Eredivisie,Holland,GK,,66,108
Ole Romeny,FC Utrecht,Eredivisie,Holland,RM,"['LM', 'RW']",66,121
Max Rosenfelder,SC Freiburg,Bundesliga,Germany,CB,,66,42
Baptiste Roux,AVS Futebol SAD,Liga Portugal,France,CB,"['CDM', 'CM']",66,143
Richie Sagrado,Venezia,Serie A Enilive,Belgium,RM,"['RB', 'LB', 'RW']",66,117
Leo Sauer,NAC Breda,Eredivisie,Slovakia,LW,"['CAM', 'LM']",66,148
Gökhan Sazdaðý,Kayserispor,Trendyol Süper Lig,Turkey,RB,"['ST', 'LM']",66,138
Erik Schouten,Willem II,Eredivisie,Holland,CB,,66,149
Telasco Segovia,Casa Pia AC,Liga Portugal,Venezuela,CM,['CDM'],66,112
Batuhan Þen,Galatasaray,Trendyol Süper Lig,Turkey,GK,,66,12
Jota,Nacional,Liga Portugal,Portugal,CM,,66,145
Cemali Sertel,Hatayspor,Trendyol Süper Lig,Turkey,LB,['CB'],66,133
Sphephelo Sithole,Gil Vicente,Liga Portugal,South Africa,CDM,['CM'],66,113
Tommy St. Jago,Willem II,Eredivisie,Holland,RB,['CB'],66,149
Mathis Suray,Go Ahead Eagles,Eredivisie,Belgium,CAM,['ST'],66,146
Svensson,Casa Pia AC,Liga Portugal,Spain,ST,['LM'],66,112
Serkan Emrecan Terzi,Beþiktaþ,Trendyol Süper Lig,Turkey,LB,,66,31
Nigel Thomas,Nacional,Liga Portugal,Holland,LW,"['RW', 'LM']",66,145
Ryan Thomas,PEC Zwolle,Eredivisie,New Zealand,CM,"['CAM', 'CDM']",66,135
Calvin Twigt,Go Ahead Eagles,Eredivisie,Holland,CM,['CDM'],66,146
Przemys?aw Tyto?,FC Twente,Eredivisie,Poland,GK,,66,72
Jochem van de Kamp,Almere City FC,Eredivisie,Holland,RM,"['RB', 'CM', 'RW']",66,150
Richard van der Venne,RKC Waalwijk,Eredivisie,Holland,CM,['CAM'],66,147
Daniël van Kaam,Heracles Almelo,Eredivisie,Holland,CDM,['CM'],66,151
John Velásquez,Farense,Liga Portugal,Colombia,CAM,['RW'],66,137
Simão Bertelli,AVS Futebol SAD,Liga Portugal,Brazil,GK,,66,143
Ben Voll,FC St. Pauli,Bundesliga,Germany,GK,,66,125
Ibrahima Wadji,AS Saint-Étienne,Ligue 1 McDonald's,Senegal,ST,,66,110
Nelson Weiper,1. FSV Mainz 05,Bundesliga,Germany,ST,,66,83
Erdoðan Yeþilyurt,Antalyaspor,Trendyol Süper Lig,Turkey,RM,"['LM', 'RB', 'RW']",66,141
Bertuð Yýldýrým,Getafe CF,LALIGA EA SPORTS,Turkey,ST,,66,59
Vasilis Zagaritis,Almere City FC,Eredivisie,Greece,LB,['LM'],66,150
Jan ?amb?rek,Heracles Almelo,Eredivisie,Czech Republic,CM,['RM'],66,151
Jayden Addai,AZ,Eredivisie,Holland,RW,['RM'],65,76
Michel Ndary Adopo,Cagliari,Serie A Enilive,France,CM,['CDM'],65,91
Brandon Aguilera,Rio Ave FC,Liga Portugal,Costa Rica,CAM,['CM'],65,114
Erik Ahlstrand,FC St. Pauli,Bundesliga,Sweden,RM,"['ST', 'RW']",65,125
Clément Akpa,AJ Auxerre,Ligue 1 McDonald's,Côte d'Ivoire,LB,,65,120
Aksel Aktaþ,Adana Demirspor,Trendyol Süper Lig,Turkey,CAM,"['CM', 'RM']",65,119
Hamdi Akujobi,Almere City FC,Eredivisie,Nigeria,RB,['RM'],65,150
Mio Backhaus,SV Werder Bremen,Bundesliga,Germany,GK,,65,90
Yusuf Barasý,Adana Demirspor,Trendyol Süper Lig,Turkey,ST,['LW'],65,119
Furkan Bayýr,Alanyaspor,Trendyol Süper Lig,Turkey,CB,,65,126
Reda Belahyane,Hellas Verona,Serie A Enilive,France,CDM,['CM'],65,94
Darío,Sevilla FC,LALIGA EA SPORTS,Spain,RB,['CB'],65,66
Ömer Beyaz,Baþakþehir,Trendyol Süper Lig,Turkey,CAM,"['CM', 'RM']",65,99
Bjarki Steinn Bjarkason,Venezia,Serie A Enilive,Iceland,RM,"['CM', 'RW']",65,117
Thijmen Blokzijl,FC Groningen,Eredivisie,Holland,CB,,65,144
Emmanuel Boateng,Konyaspor,Trendyol Süper Lig,Ghana,CM,,65,102
Kévin Boma,Estoril Praia,Liga Portugal,Togo,CB,,65,118
Jesse Bosch,Willem II,Eredivisie,Holland,CM,['CAM'],65,149
Iker Bravo,Udinese,Serie A Enilive,Spain,ST,"['LW', 'RW']",65,111
Manu Bueno,Sevilla FC,LALIGA EA SPORTS,Spain,CM,"['CAM', 'CDM']",65,66
Àlex Carbonell,Almere City FC,Eredivisie,Spain,CM,['CDM'],65,150
Marc Casadó,FC Barcelona,LALIGA EA SPORTS,Spain,CDM,"['CM', 'RB']",65,8
Sava-Arangel ?esti?,Heracles Almelo,Eredivisie,Serbia,CB,,65,151
Mattia Chiesa,Hellas Verona,Serie A Enilive,Italy,GK,,65,94
Collado,Gil Vicente,Liga Portugal,Spain,ST,['RM'],65,113
Tommaso Corazza,Bologna,Serie A Enilive,Italy,LB,"['LM', 'RB']",65,52
Matthew Cox,Brentford,Premier League,England,GK,,65,70
Pedro Moreira,Arouca,Liga Portugal,Portugal,CM,['CDM'],65,128
Bence Dárdai,VfL Wolfsburg,Bundesliga,Germany,CAM,['CM'],65,62
Justin Diehl,VfB Stuttgart,Bundesliga,Germany,LM,"['ST', 'LW']",65,60
Nick Doodeman,Willem II,Eredivisie,Holland,RW,['RM'],65,149
Diogo Calila,Santa Clara,Liga Portugal,Portugal,RB,['LB'],65,139
Issiar Dramé,Estrela Amadora,Liga Portugal,Mali,CB,,65,132
Anouar El Azzouzi,PEC Zwolle,Eredivisie,Morocco,CDM,,65,135
Agon Elezi,VfL Bochum 1848,Bundesliga,North Macedonia,CDM,"['RM', 'CM']",65,107
Mikael Egill Ellertsson,Venezia,Serie A Enilive,Iceland,CM,"['LM', 'RM']",65,117
Mario Engels,Heracles Almelo,Eredivisie,Germany,ST,"['LM', 'RM']",65,151
Ertuðrul Ersoy,Gaziantep,Trendyol Süper Lig,Turkey,CB,,65,116
João Valido,Arouca,Liga Portugal,Portugal,GK,,65,128
Alberto Flores,Sevilla FC,LALIGA EA SPORTS,Spain,GK,,65,66
Sadik Fofana,Leverkusen,Bundesliga,Togo,CB,['CDM'],65,10
Omari Forson,Monza,Serie A Enilive,England,RM,"['CAM', 'RW']",65,80
Héctor Fort,FC Barcelona,LALIGA EA SPORTS,Spain,RB,['CB'],65,8
Fortuño,RCD Espanyol,LALIGA EA SPORTS,Spain,GK,,65,96
Gustavo Garcia,Nacional,Liga Portugal,Brazil,RB,,65,145
Max Geschwill,Holstein Kiel,Bundesliga,Germany,CB,,65,124
Mark Gillespie,Newcastle Utd,Premier League,England,GK,,65,21
Gvidas Gineitis,Torino,Serie A Enilive,Lithuania,CM,['CDM'],65,37
Facundo González,Feyenoord,Eredivisie,Uruguay,CB,,65,54
Alfon,RC Celta,LALIGA EA SPORTS,Spain,RM,"['LM', 'ST', 'RW']",65,25
Darijo Gruj?i?,Fortuna Sittard,Eredivisie,Austria,CB,,65,142
Gökhan Gül,Kasýmpaþa,Trendyol Süper Lig,Turkey,CDM,,65,84
Kornelius N. Hansen,Almere City FC,Eredivisie,Norway,ST,"['RM', 'LM']",65,150
Thiago Helguera,SC Braga,Liga Portugal,Uruguay,CDM,['CM'],65,48
Joey Jacobs,Almere City FC,Eredivisie,Holland,CB,['RB'],65,150
Patrick Joosten,Willem II,Eredivisie,Holland,LW,"['RW', 'LM']",65,149
Jakub Ka?uzi?ski,Antalyaspor,Trendyol Süper Lig,Poland,CDM,"['CM', 'CAM']",65,141
Willy Kambwala,Villarreal CF,LALIGA EA SPORTS,France,CB,['RB'],65,32
Kubilay Kanatsýzkuþ,Göztepe,Trendyol Süper Lig,Turkey,ST,,65,134
Manuel Keliano,Estrela Amadora,Liga Portugal,Angola,CDM,,65,132
Boy Kemper,NAC Breda,Eredivisie,Holland,LB,['CB'],65,148
Yann Kitala,Havre AC,Ligue 1 McDonald's,France,ST,,65,115
Gustavo Klismahn,Santa Clara,Liga Portugal,Brazil,CM,"['LM', 'CDM']",65,139
Amadou Koné,Stade de Reims,Ligue 1 McDonald's,Côte d'Ivoire,CDM,['CM'],65,87
Luuk Koopmans,Fortuna Sittard,Eredivisie,Holland,GK,,65,142
Kacper Kostorz,NAC Breda,Eredivisie,Poland,ST,['RM'],65,148
Dinis Pinto,Moreirense FC,Liga Portugal,Portugal,RB,,65,122
Rémy Labeau Lascary,RC Lens,Ligue 1 McDonald's,France,RM,"['ST', 'RW']",65,45
Geoffrey Lembet,Stade Rennais FC,Ligue 1 McDonald's,Central African Republic,GK,,65,86
Dexter Lembikisa,Wolves,Premier League,Jamaica,RB,['RM'],65,73
Giovanni Leoni,Parma,Serie A Enilive,Italy,CB,,65,97
Otso Liimatta,FC Famalicão,Liga Portugal,Finland,CAM,,65,109
Élysée Logbo,Havre AC,Ligue 1 McDonald's,France,ST,,65,115
Chris-Emmanuel Lokesa,RKC Waalwijk,Eredivisie,Belgium,LM,"['RM', 'LW']",65,147
Miguel Carvalho,Farense,Liga Portugal,Portugal,GK,,65,137
Thierry Lutonda,PEC Zwolle,Eredivisie,Belgium,LB,,65,135
Pablo Marín,Real Sociedad,LALIGA EA SPORTS,Spain,CAM,['CM'],65,28
Unai Marrero,Real Sociedad,LALIGA EA SPORTS,Spain,GK,,65,28
Senny Mayulu,Paris SG,Ligue 1 McDonald's,France,CAM,['LW'],65,5
Dylan Mbayo,PEC Zwolle,Eredivisie,Belgium,RM,['RW'],65,135
Tobías Medina,Rio Ave FC,Liga Portugal,Argentina,CM,,65,114
Yair Mena,AVS Futebol SAD,Liga Portugal,Colombia,RM,"['RW', 'LM']",65,143
Mohamed Nassoh,Sparta Rotterdam,Eredivisie,Morocco,CAM,['LM'],65,106
Steve Ngoura,Havre AC,Ligue 1 McDonald's,France,ST,,65,115
Reuven Niemeijer,RKC Waalwijk,Eredivisie,Holland,CAM,,65,147
?or?e Nikoli?,Sivasspor,Trendyol Süper Lig,Serbia,GK,,65,105
André Gomes,SL Benfica,Liga Portugal,Portugal,GK,,65,29
Noah Ohio,FC Utrecht,Eredivisie,Holland,ST,,65,121
Afonso Rodrigues,FC Famalicão,Liga Portugal,Portugal,LM,['LW'],65,109
Joel Silva,Boavista FC,Liga Portugal,Portugal,CM,,65,130
Yusuf Özdemir,Alanyaspor,Trendyol Süper Lig,Turkey,LM,"['LB', 'LW']",65,126
Bahadýr Öztürk,Antalyaspor,Trendyol Süper Lig,Turkey,CB,,65,141
Raul Paula,NAC Breda,Eredivisie,Germany,CAM,['CM'],65,148
Halil Ýbrahim Pehlivan,Çaykur Rizespor,Trendyol Süper Lig,Turkey,LB,,65,123
Luca Philipp,TSG Hoffenheim,Bundesliga,Germany,GK,,65,39
Kenan Piri?,Antalyaspor,Trendyol Süper Lig,Bosnia and Herzegovina,GK,,65,141
Niccolò Pisilli,AS Roma,Serie A Enilive,Italy,CM,,65,13
Luca Plogmann,Go Ahead Eagles,Eredivisie,Germany,GK,,65,146
André Anderson,Lazio,Serie A Enilive,Italy,CAM,['ST'],65,34
Teo Quintero,Sparta Rotterdam,Eredivisie,Venezuela,CB,['CDM'],65,106
Christian Rasmussen,Ajax,Eredivisie,Denmark,RW,"['ST', 'RM']",65,68
Eliano Reijnders,PEC Zwolle,Eredivisie,Indonesia,LM,"['RM', 'LW']",65,135
Boyd Reith,Sparta Rotterdam,Eredivisie,Holland,RB,,65,106
Antoniu Roca,RCD Espanyol,LALIGA EA SPORTS,Spain,LM,"['RM', 'LW']",65,96
Tiago Reis,Nacional,Liga Portugal,Brazil,ST,,65,145
Álvaro,Getafe CF,LALIGA EA SPORTS,Uruguay,ST,['LW'],65,59
Godfried Roemeratoe,RKC Waalwijk,Eredivisie,Curaçao,CDM,['CM'],65,147
Ruben Roosken,Heracles Almelo,Eredivisie,Holland,LB,['LM'],65,151
Maurides,FC St. Pauli,Bundesliga,Brazil,ST,,65,125
Lasse Rosenboom,Holstein Kiel,Bundesliga,Germany,RB,['RM'],65,124
Driess Saddiki,Kasýmpaþa,Trendyol Süper Lig,Morocco,CDM,['CM'],65,84
Cisse Sandra,Willem II,Eredivisie,Belgium,CM,['CAM'],65,149
Mamadou Sarr,Strasbourg,Ligue 1 McDonald's,France,CB,['CDM'],65,81
Jorg Schreuders,FC Groningen,Eredivisie,Holland,RM,['RW'],65,144
Alen Sherri,Cagliari,Serie A Enilive,Albania,GK,,65,91
Rúnar ?ór Sigurgeirsson,Willem II,Eredivisie,Iceland,LB,,65,149
Ayanda Sishuba,Hellas Verona,Serie A Enilive,Belgium,CAM,,65,94
Levi Smans,sc Heerenveen,Eredivisie,Holland,CAM,,65,136
Emran Soglo,OM,Ligue 1 McDonald's,England,LM,"['LB', 'LW']",65,69
Finn Stokkers,Go Ahead Eagles,Eredivisie,Holland,ST,,65,146
Rui Encarnação,Nacional,Liga Portugal,Portugal,GK,,65,145
Tonio Tekli?,Trabzonspor,Trendyol Süper Lig,Croatia,CAM,['RW'],65,58
Søren Tengstedt,Go Ahead Eagles,Eredivisie,Denmark,CAM,"['RM', 'ST']",65,146
Jacob Trenskow,sc Heerenveen,Eredivisie,Denmark,RW,"['CM', 'RM']",65,136
Chrisantus Uche,Getafe CF,LALIGA EA SPORTS,Nigeria,CDM,,65,59
Luciano Valente,FC Groningen,Eredivisie,Italy,LM,"['CAM', 'LW']",65,144
Rúben Ismael,Moreirense FC,Liga Portugal,Portugal,CDM,,65,122
Amourricho van Axel Dongen,Ajax,Eredivisie,Holland,LW,['LM'],65,68
Thom van Bergen,FC Groningen,Eredivisie,Holland,ST,['RM'],65,144
Syb van Ottele,Fortuna Sittard,Eredivisie,Holland,CB,['CDM'],65,142
Niklas Vesterlund,FC Utrecht,Eredivisie,Denmark,RB,,65,121
Kjell Wätjen,Borussia Dortmund,Bundesliga,Germany,CM,['CDM'],65,11
Antal Yaakobishvili,Girona FC,LALIGA EA SPORTS,Hungary,CB,,65,36
Abdullah Yiðiter,Antalyaspor,Trendyol Süper Lig,Turkey,GK,,65,141
Kevin Zeroli,AC Milan,Serie A Enilive,Italy,CM,"['CAM', 'CDM']",65,14
Kerim Alýcý,Hatayspor,Trendyol Süper Lig,Turkey,RB,,64,133
Arvin Appiah,Nacional,Liga Portugal,England,LM,"['RM', 'RW', 'LW']",64,145
Ricard Artero,Girona FC,LALIGA EA SPORTS,Spain,CAM,['RM'],64,36
Brandon Austin,Spurs,Premier League,England,GK,,64,16
Jorge Teixeira,AVS Futebol SAD,Liga Portugal,Portugal,CB,,64,143
Mahamadou Ba,Adana Demirspor,Trendyol Süper Lig,Mali,CDM,['CM'],64,119
Samuel Bamba,VfL Bochum 1848,Bundesliga,Germany,LM,"['RM', 'RW', 'LW']",64,107
Jaydon Banel,Ajax,Eredivisie,Holland,LW,['LM'],64,68
Gabriel Barès,Montpellier,Ligue 1 McDonald's,Switzerland,CM,['CDM'],64,71
Gilberto,Moreirense FC,Liga Portugal,Portugal,CB,"['CDM', 'CM']",64,122
Visar Bekaj,Hatayspor,Trendyol Süper Lig,Kosovo,GK,,64,133
Lamare Bogarde,Aston Villa,Premier League,Holland,CDM,"['CM', 'CB']",64,17
Yvandro Borges Sanches,M'gladbach,Bundesliga,Luxembourg,LM,['LW'],64,79
Oliver Braude,sc Heerenveen,Eredivisie,Norway,RB,,64,136
Bennit Bröger,VfL Wolfsburg,Bundesliga,Germany,CAM,['CM'],64,62
Drissa Camara,Parma,Serie A Enilive,Côte d'Ivoire,RM,"['CAM', 'LM', 'RW']",64,97
Cole Campbell,Borussia Dortmund,Bundesliga,United States,RM,"['LM', 'RW']",64,11
Franco Carboni,Venezia,Serie A Enilive,Argentina,LB,['LM'],64,117
Fabio Chiarodia,M'gladbach,Bundesliga,Italy,CB,,64,79
Alphadjo Cissè,Hellas Verona,Serie A Enilive,Italy,CAM,['LM'],64,94
Edoardo Corvi,Parma,Serie A Enilive,Italy,GK,,64,97
Jasper Dahlhaus,Fortuna Sittard,Eredivisie,Holland,LM,"['RM', 'LW']",64,142
Mamadou Diakhon,Stade de Reims,Ligue 1 McDonald's,France,RM,['RW'],64,87
Deniz Dilmen,Baþakþehir,Trendyol Süper Lig,Turkey,GK,,64,99
Patrick Dorgu,Lecce,Serie A Enilive,Denmark,LB,['LM'],64,65
Marcel Engelhardt,Holstein Kiel,Bundesliga,Germany,GK,,64,124
João Tomé,Rio Ave FC,Liga Portugal,Portugal,RB,['RM'],64,114
Chico Lamba,Arouca,Liga Portugal,Portugal,CB,,64,128
Kevin Felida,RKC Waalwijk,Eredivisie,Curaçao,CDM,['CM'],64,147
Matthew Garbett,NAC Breda,Eredivisie,New Zealand,CAM,['CM'],64,148
Naim García,CD Leganés,LALIGA EA SPORTS,Spain,RM,"['LM', 'RW']",64,78
Tyrique George,Chelsea,Premier League,England,LM,"['CAM', 'LW']",64,24
Tristan Gooijer,PEC Zwolle,Eredivisie,Holland,RB,['CB'],64,135
Karl Hein,R. Valladolid CF,LALIGA EA SPORTS,Estonia,GK,,64,92
Oscar Højlund,Frankfurt,Bundesliga,Denmark,CM,['CDM'],64,46
Dinko Horkaš,UD Las Palmas,LALIGA EA SPORTS,Croatia,GK,,64,61
Hormigo,Sevilla FC,LALIGA EA SPORTS,Spain,LB,['CB'],64,66
Emirhan Ýlkhan,Torino,Serie A Enilive,Turkey,CM,['CAM'],64,37
Jauregizar,Athletic Club,LALIGA EA SPORTS,Spain,CM,['CDM'],64,19
Fredrik Oldrup Jensen,NAC Breda,Eredivisie,Norway,CDM,"['CM', 'CB']",64,148
Tom King,Wolves,Premier League,Wales,GK,,64,73
Ruben Kluivert,Casa Pia AC,Liga Portugal,Holland,CB,,64,112
Mert Kömür,FC Augsburg,Bundesliga,Germany,CAM,['CM'],64,101
Roy Kortsmit,NAC Breda,Eredivisie,Holland,GK,,64,148
Martin Koscelnik,NAC Breda,Eredivisie,Slovakia,RB,,64,148
Garang Kuol,Newcastle Utd,Premier League,Australia,LW,['LM'],64,21
Tygo Land,PSV,Eredivisie,Holland,CM,,64,50
Boyd Lucassen,NAC Breda,Eredivisie,Holland,RB,,64,148
Manuel Namora,Boavista FC,Liga Portugal,Portugal,ST,,64,130
Enes Mahmutovic,NAC Breda,Eredivisie,Luxembourg,CB,,64,148
Richonell Margaret,RKC Waalwijk,Eredivisie,Holland,RM,"['LM', 'ST', 'RW']",64,147
Rick Meissen,Sparta Rotterdam,Eredivisie,Holland,CB,,64,106
Clau Mendes,Casa Pia AC,Liga Portugal,Guinea-Bissau,ST,"['RM', 'LM']",64,112
Mikey Moore,Spurs,Premier League,England,LM,['LW'],64,16
Matías Moreno,Fiorentina,Serie A Enilive,Argentina,CB,,64,67
Vitinho,Arouca,Liga Portugal,Brazil,CM,"['CDM', 'LM']",64,128
Alex Murphy,Newcastle Utd,Premier League,Republic of Ireland,CB,['LB'],64,21
Ethan Nwaneri,Arsenal,Premier League,England,CAM,,64,4
Alaaddin Okumuþ,Sivasspor,Trendyol Süper Lig,Turkey,RB,['RM'],64,105
Elías Már Ómarsson,NAC Breda,Eredivisie,Iceland,ST,,64,148
Sami Ouaissa,N.E.C. Nijmegen,Eredivisie,Holland,CAM,,64,108
Tomás Palacios,Inter,Serie A Enilive,Argentina,CB,['LB'],64,7
Murat Paluli,Sivasspor,Trendyol Süper Lig,Turkey,RB,,64,105
Onurcan Piri,Kayserispor,Trendyol Süper Lig,Turkey,GK,,64,138
Joan Puig,RCD Espanyol,LALIGA EA SPORTS,Spain,LB,['CB'],64,96
Jacobo,Real Madrid,LALIGA EA SPORTS,Spain,CB,,64,1
Omar Rekik,Arsenal,Premier League,Tunisia,CB,,64,4
Julian Rijkhoff,Ajax,Eredivisie,Holland,ST,,64,68
Brian Araújo,Gil Vicente,Liga Portugal,Portugal,GK,,64,113
Manel Royo,NAC Breda,Eredivisie,Spain,LB,,64,148
Halid Šabanovi?,Angers SCO,Ligue 1 McDonald's,Bosnia and Herzegovina,RB,,64,131
Chuki,R. Valladolid CF,LALIGA EA SPORTS,Spain,CAM,['CM'],64,92
Yellu Santiago,Getafe CF,LALIGA EA SPORTS,Spain,CDM,['CM'],64,59
Gonçalo Sousa,FC Porto,Liga Portugal,Portugal,RM,['RW'],64,27
João Rêgo,SL Benfica,Liga Portugal,Portugal,CAM,['RW'],64,29
Kees Smit,AZ,Eredivisie,Holland,CM,['CAM'],64,76
Rafael Brito,Casa Pia AC,Liga Portugal,Portugal,CM,,64,112
Filip Stevanovi?,Manchester City,Premier League,Serbia,LW,['LM'],64,2
Jakub Stolarczyk,Leicester City,Premier League,Poland,GK,,64,85
Ed Turns,Brighton,Premier League,Wales,CB,,64,55
Oðulcan Ülgün,Konyaspor,Trendyol Süper Lig,Turkey,CDM,['CM'],64,102
Eric Veiga,AVS Futebol SAD,Liga Portugal,Luxembourg,LB,"['LM', 'CDM']",64,143
Mauro Vigorito,Como,Serie A Enilive,Italy,GK,,64,47
Sem Westerveld,AZ,Eredivisie,Spain,GK,,64,76
Ethan Wheatley,Man Utd,Premier League,England,ST,,64,15
Brynjólfur Willumsson,FC Groningen,Eredivisie,Iceland,ST,,64,144
Zeki Yavru,Samsunspor,Trendyol Süper Lig,Turkey,RB,"['CDM', 'CB']",64,129
Uðurcan Yazðýlý,Konyaspor,Trendyol Süper Lig,Turkey,CB,"['CDM', 'RB']",64,102
Muammer Yýldýrým,Samsunspor,Trendyol Süper Lig,Turkey,GK,,64,129
Yoram Zague,Paris SG,Ligue 1 McDonald's,France,RB,,64,5
Gjivai Zechiël,Feyenoord,Eredivisie,Holland,CM,['CDM'],64,54
Lequincio Zeefuik,AZ,Eredivisie,Holland,ST,['CAM'],64,76
Khusniddin Alikulov,Çaykur Rizespor,Trendyol Süper Lig,Uzbekistan,CB,,63,123
Hugo Álvarez,RC Celta,LALIGA EA SPORTS,Spain,LM,"['LW', 'CAM']",63,25
Ömürcan Artan,Gaziantep,Trendyol Süper Lig,Turkey,RB,['RM'],63,116
Yavuz Aygün,Konyaspor,Trendyol Süper Lig,Turkey,GK,,63,102
Álex Balboa,Almere City FC,Eredivisie,Equatorial Guinea,CM,['CDM'],63,150
Scott Banks,FC St. Pauli,Bundesliga,Scotland,RM,['RW'],63,125
Mimeirhel Benita,Heracles Almelo,Eredivisie,Holland,RB,['LB'],63,151
Emmanuel Biumla,Angers SCO,Ligue 1 McDonald's,France,CB,,63,131
Tom Boere,NAC Breda,Eredivisie,Holland,ST,,63,148
Teddy Boulhendi,OGC Nice,Ligue 1 McDonald's,Algeria,GK,,63,63
Scott Carson,Manchester City,Premier League,England,GK,,63,2
Nnamdi Collins,Frankfurt,Bundesliga,Germany,CB,,63,46
Jayden Danns,Liverpool,Premier League,England,ST,,63,6
Quentin Daubin,Gaziantep,Trendyol Süper Lig,France,CM,['CDM'],63,116
Kaj de Rooij,PEC Zwolle,Eredivisie,Holland,RM,"['LM', 'RW']",63,135
Anthony Descotte,FC Utrecht,Eredivisie,Belgium,ST,,63,121
Julius Dirksen,Go Ahead Eagles,Eredivisie,Holland,LB,['CB'],63,146
Tim Drexler,TSG Hoffenheim,Bundesliga,Germany,CB,,63,39
Emmanuel Ekong,Empoli,Serie A Enilive,Sweden,ST,,63,100
Issam El Maach,FC Twente,Eredivisie,Morocco,GK,,63,72
Boubacar Fall,AS Saint-Étienne,Ligue 1 McDonald's,Senegal,GK,,63,110
Mikayil Faye,Stade Rennais FC,Ligue 1 McDonald's,Senegal,CB,['LB'],63,86
John Patrick,Getafe CF,LALIGA EA SPORTS,Republic of Ireland,CAM,"['RM', 'ST']",63,59
Anthony Fontana,PEC Zwolle,Eredivisie,United States,CAM,,63,135
Rafael Fernandes,LOSC Lille,Ligue 1 McDonald's,Portugal,CB,,63,49
Yoni Gomis,Strasbourg,Ligue 1 McDonald's,France,CB,,63,81
Enso González,Wolves,Premier League,Paraguay,LW,"['RW', 'CAM', 'LM']",63,73
Sinan Gümüþ,Eyüpspor,Trendyol Süper Lig,Turkey,RM,"['ST', 'RW']",63,127
Antoine Hainaut,Parma,Serie A Enilive,France,RB,['CB'],63,97
Phil Harres,Holstein Kiel,Bundesliga,Germany,ST,,63,124
Mike Hauptmeijer,PEC Zwolle,Eredivisie,Holland,GK,,63,135
Zidane Iqbal,FC Utrecht,Eredivisie,Iraq,CM,"['CAM', 'CDM']",63,121
Rubén Iranzo,Valencia CF,LALIGA EA SPORTS,Spain,CB,['RB'],63,22
Thomas Kastanaras,VfB Stuttgart,Bundesliga,Germany,ST,,63,60
Emilio Kehrer,Willem II,Eredivisie,Germany,ST,"['CAM', 'LW']",63,149
Justin Lacombe,Toulouse FC,Ligue 1 McDonald's,France,GK,,63,89
Mathis Lambourde,Hellas Verona,Serie A Enilive,France,RM,['RW'],63,94
Gaëtan Laura,Samsunspor,Trendyol Süper Lig,France,ST,['RM'],63,129
Irvyn Lomami,OL,Ligue 1 McDonald's,France,RB,,63,43
Magunazelaia,Real Sociedad,LALIGA EA SPORTS,Spain,CAM,"['LM', 'RM']",63,28
Jovan Manev,Adana Demirspor,Trendyol Süper Lig,North Macedonia,CB,,63,119
Remi Matthews,Crystal Palace,Premier League,England,GK,,63,51
Faïz Mattoir,Almere City FC,Eredivisie,Netherlands,LM,"['RM', 'LW']",63,150
Ethan Mbappé,LOSC Lille,Ligue 1 McDonald's,France,CM,['CDM'],63,49
James McConnell,Liverpool,Premier League,England,CM,['CDM'],63,6
Francisco Meixedo,Estrela Amadora,Liga Portugal,Portugal,GK,,63,132
Filippo Melegoni,Genoa,Serie A Enilive,Italy,CAM,"['RM', 'CM']",63,93
Ivan Mesík,Heracles Almelo,Eredivisie,Slovakia,CB,,63,151
Louis Mouton,AS Saint-Étienne,Ligue 1 McDonald's,France,CM,['CDM'],63,110
François Mughe,OM,Ligue 1 McDonald's,Cameroon,RM,['RW'],63,69
Iker Muñoz,CA Osasuna,LALIGA EA SPORTS,Spain,CM,['CDM'],63,75
Bilal Nadir,OM,Ligue 1 McDonald's,Morocco,CM,['CDM'],63,69
Abdenego Nankishi,SV Werder Bremen,Bundesliga,Germany,LM,"['RM', 'LW']",63,90
Rob Nizet,Willem II,Eredivisie,Belgium,LB,,63,149
Bruno Bertinato,Venezia,Serie A Enilive,Brazil,GK,,63,117
Eneko Ortiz,D. Alavés,LALIGA EA SPORTS,Spain,LB,,63,88
Yasin Özcan,Kasýmpaþa,Trendyol Süper Lig,Turkey,LB,['CB'],63,84
Álex Padilla,Athletic Club,LALIGA EA SPORTS,Mexico,GK,,63,19
Hugo Cunha,FC Famalicão,Liga Portugal,Portugal,GK,,63,109
Wouter Prins,FC Groningen,Eredivisie,Holland,LB,,63,144
Miguel Puche,Arouca,Liga Portugal,Spain,ST,"['LM', 'RM']",63,128
Niklas Pyyhtiä,Bologna,Serie A Enilive,Finland,CM,['CDM'],63,52
Arnau Rafús,R. Valladolid CF,LALIGA EA SPORTS,Spain,GK,,63,92
Grant-Leon Ranos,M'gladbach,Bundesliga,Armenia,ST,,63,79
Lasse Rieß,1. FSV Mainz 05,Bundesliga,Germany,GK,,63,83
Óscar Rivas,Vitória SC,Liga Portugal,Spain,CB,['CDM'],63,103
Damián,RC Celta,LALIGA EA SPORTS,Spain,CM,,63,25
Omar Sadik,RCD Espanyol,LALIGA EA SPORTS,Morocco,ST,,63,96
Salazar,Estoril Praia,Liga Portugal,Spain,ST,['RW'],63,118
Florent Sanchez,OL,Ligue 1 McDonald's,France,CM,,63,43
Sem Scheperman,Heracles Almelo,Eredivisie,Holland,CDM,"['CM', 'CAM']",63,151
Niek Schiks,PSV,Eredivisie,Holland,GK,,63,50
Lewis Schouten,AZ,Eredivisie,Holland,CDM,"['CM', 'CB']",63,76
Dennis Seimen,VfB Stuttgart,Bundesliga,Germany,GK,,63,60
Javi Serrano,Atlético de Madrid,LALIGA EA SPORTS,Spain,CDM,"['CM', 'CB']",63,9
Kiki Silva,Casa Pia AC,Liga Portugal,Portugal,RW,"['LW', 'RM']",63,112
Hugo Sotelo,RC Celta,LALIGA EA SPORTS,Spain,CM,['RM'],63,25
Djibril Soumaré,Nacional,Liga Portugal,Senegal,CDM,['CM'],63,145
Casper Staring,NAC Breda,Eredivisie,Holland,CDM,['CM'],63,148
Fin Stevens,FC St. Pauli,Bundesliga,Wales,RB,,63,125
Roshon van Eijma,RKC Waalwijk,Eredivisie,Curaçao,CB,,63,147
Liam van Gelderen,RKC Waalwijk,Eredivisie,Suriname,RB,,63,147
Patrick Vroegh,RKC Waalwijk,Eredivisie,Holland,CM,['CDM'],63,147
Alfie Whiteman,Spurs,Premier League,England,GK,,63,16
Jannes Wieckhoff,Heracles Almelo,Eredivisie,Germany,RB,,63,151
Anýl Yaþar,Çaykur Rizespor,Trendyol Süper Lig,Turkey,CB,,63,123
Mert Yýlmaz,Antalyaspor,Trendyol Süper Lig,Turkey,RB,,63,141
Recep Burak Yýlmaz,Hatayspor,Trendyol Süper Lig,Turkey,CB,,63,133
Oliwier Zych,Aston Villa,Premier League,Poland,GK,,63,17
Hussein Ali,sc Heerenveen,Eredivisie,Iraq,RB,,62,136
Ylies Aradj,Toulouse FC,Ligue 1 McDonald's,France,LB,,62,89
Astralaga,FC Barcelona,LALIGA EA SPORTS,Spain,GK,,62,8
Fin Back,Nott'm Forest,Premier League,England,RB,,62,77
Brian Jepthe Bayeye,Torino,Serie A Enilive,Congo DR,RM,"['RB', 'RW']",62,37
Alessandro Berardi,Hellas Verona,Serie A Enilive,Italy,GK,,62,94
Owen Bevan,AFC Bournemouth,Premier League,Wales,CB,,62,64
Jan Biega?ski,Sivasspor,Trendyol Süper Lig,Poland,CDM,,62,105
Adrian Blake,FC Utrecht,Eredivisie,England,LM,['LW'],62,121
Ismaïl Bouneb,Havre AC,Ligue 1 McDonald's,France,CAM,['CM'],62,115
Nathan Buayi-Kiala,AJ Auxerre,Ligue 1 McDonald's,France,CM,,62,120
Axel Camblan,Stade Brestois 29,Ligue 1 McDonald's,France,LW,['LM'],62,74
Marco Camus,Valencia CF,LALIGA EA SPORTS,Spain,LM,"['RM', 'LW']",62,22
Tomé Sousa,Boavista FC,Liga Portugal,Portugal,GK,,62,130
Erdem Çetinkaya,Kasýmpaþa,Trendyol Süper Lig,Turkey,RW,"['ST', 'RM']",62,84
Yunus Emre Çift,Samsunspor,Trendyol Süper Lig,Turkey,CB,,62,129
Tika de Jonge,FC Groningen,Eredivisie,Holland,LM,"['CM', 'LW']",62,144
Oumar Diouf,Çaykur Rizespor,Trendyol Süper Lig,Senegal,ST,"['RW', 'LW']",62,123
Nuno Matos,SC Braga,Liga Portugal,Portugal,CB,['RB'],62,48
Nick Fichtinger,PEC Zwolle,Eredivisie,Holland,CM,['CDM'],62,135
Deniz Gül,FC Porto,Liga Portugal,Sweden,ST,,62,27
Denzel Hall,sc Heerenveen,Eredivisie,Holland,RB,,62,136
Tyrese Hall,Spurs,Premier League,England,CDM,['CM'],62,16
Isak Hansen-Aarøen,SV Werder Bremen,Bundesliga,Norway,CAM,"['CM', 'ST']",62,90
Conrad Harder,Sporting CP,Liga Portugal,Denmark,ST,['CAM'],62,26
Mustafa Erhan Hekimoðlu,Beþiktaþ,Trendyol Süper Lig,Turkey,ST,"['LW', 'RW']",62,31
Armin Hod?i?,Hatayspor,Trendyol Süper Lig,Bosnia and Herzegovina,CDM,['CM'],62,133
Melih Ibrahimoglu,Konyaspor,Trendyol Süper Lig,Turkey,CM,['CDM'],62,102
Arijon Ibrahimovi?,FC Bayern München,Bundesliga,Germany,LW,"['CAM', 'LM']",62,3
Dean James,Go Ahead Eagles,Eredivisie,Holland,LB,,62,146
Marc Jurado,RCD Espanyol,LALIGA EA SPORTS,Spain,RB,['CDM'],62,96
Daniel Karlsbakk,sc Heerenveen,Eredivisie,Norway,ST,,62,136
Omari Kellyman,Chelsea,Premier League,England,CAM,"['RM', 'ST']",62,24
Kim Ji Soo,Brentford,Premier League,Korea Republic,CB,,62,70
Niklas Klinger,VfL Wolfsburg,Bundesliga,Germany,GK,,62,62
Arif Kocaman,Kayserispor,Trendyol Süper Lig,Turkey,CB,['LB'],62,138
Lennart Koerdt,VfL Bochum 1848,Bundesliga,Germany,CAM,"['CM', 'ST']",62,107
Ali Yavuz Kol,Adana Demirspor,Trendyol Süper Lig,Turkey,ST,"['LW', 'RW']",62,119
Roy Kuijpers,NAC Breda,Eredivisie,Holland,RM,"['LM', 'ST', 'RW']",62,148
Amine Lachkar,Willem II,Eredivisie,Holland,CDM,['CM'],62,149
Yann Lienard,AS Monaco,Ligue 1 McDonald's,France,GK,,62,53
Noel,CA Osasuna,LALIGA EA SPORTS,Spain,ST,['RW'],62,75
Eros Maddy,AJ Auxerre,Ligue 1 McDonald's,Holland,RM,"['ST', 'RW']",62,120
Aaron Malouda,LOSC Lille,Ligue 1 McDonald's,France,CAM,,62,49
Christopher Mamengi,Almere City FC,Eredivisie,Holland,CB,,62,150
Kuryu Matsuki,Göztepe,Trendyol Süper Lig,Japan,CM,,62,134
Stanley Mills,Everton,Premier League,England,RM,['RW'],62,33
Marco Moreno,Farense,Liga Portugal,Spain,CB,,62,137
Mathys Niflore,Toulouse FC,Ligue 1 McDonald's,France,GK,,62,89
João Oliveira,Vitória SC,Liga Portugal,Portugal,GK,,62,103
Alberto Costa,Vitória SC,Liga Portugal,Portugal,RB,,62,103
Arda Özçimen,Göztepe,Trendyol Süper Lig,Turkey,GK,,62,134
Doðukan Özkan,Antalyaspor,Trendyol Süper Lig,Turkey,GK,,62,141
Brayann Pereira,N.E.C. Nijmegen,Eredivisie,France,RB,,62,108
Luca Raimund,VfB Stuttgart,Bundesliga,Germany,CAM,"['RW', 'RM']",62,60
Givairo Read,Feyenoord,Eredivisie,Holland,RM,"['RB', 'RW']",62,54
Rodrigo Macedo,SC Braga,Liga Portugal,Portugal,ST,['RW'],62,48
Gorka,Getafe CF,LALIGA EA SPORTS,Spain,LB,['CB'],62,59
Youri Schoonderwaldt,Sparta Rotterdam,Eredivisie,Holland,GK,,62,106
Daniele Sommariva,Genoa,Serie A Enilive,Italy,GK,,62,93
Muhammet Taha Tepe,Trabzonspor,Trendyol Süper Lig,Turkey,GK,,62,58
Demir Ege Týknaz,Rio Ave FC,Liga Portugal,Turkey,CDM,['CM'],62,114
Lukas Ullrich,M'gladbach,Bundesliga,Germany,LB,,62,79
Franco Umeh-Chibueze,Crystal Palace,Premier League,Republic of Ireland,RW,"['LW', 'LM', 'RM']",62,51
Emrecan Uzunhan,Antalyaspor,Trendyol Süper Lig,Turkey,CB,,62,141
Kenneth Vermeer,PEC Zwolle,Eredivisie,Holland,GK,,62,135
Valentino Vermeulen,Willem II,Eredivisie,Holland,RB,,62,149
Pau Víctor,FC Barcelona,LALIGA EA SPORTS,Spain,ST,['CAM'],62,8
Jonas Wendlinger,Almere City FC,Eredivisie,Austria,GK,,62,150
Luuk Wouters,RKC Waalwijk,Eredivisie,Holland,LB,,62,147
Jacob Wright,Manchester City,Premier League,England,CDM,,62,2
Melvin Zinga,Angers SCO,Ligue 1 McDonald's,France,GK,,62,131
Abdelhamid Ait Boudlal,Stade Rennais FC,Ligue 1 McDonald's,Morocco,CB,,61,86
Will Alves,Leicester City,Premier League,England,CAM,,61,85
Samuel Amo-Ameyaw,Southampton,Premier League,England,LW,"['RW', 'LM']",61,57
Ayman Aourir,Leverkusen,Bundesliga,Morocco,CAM,,61,10
Telmo Arcanjo,Vitória SC,Liga Portugal,Cape Verde Islands,CAM,['RW'],61,103
James Balagizi,Liverpool,Premier League,England,CM,"['CAM', 'LW']",61,6
Noahkai Banks,FC Augsburg,Bundesliga,United States,CB,,61,101
Hugo Barbet,FC Nantes,Ligue 1 McDonald's,France,GK,,61,98
Jan Bekkema,sc Heerenveen,Eredivisie,Holland,GK,,61,136
Mustafa Burak Bozan,Gaziantep,Trendyol Süper Lig,Turkey,GK,,61,116
Rares Burnete,Lecce,Serie A Enilive,Romania,ST,['LW'],61,65
Català,RCD Espanyol,LALIGA EA SPORTS,Spain,CB,,61,96
Eric da Silva Moreira,Nott'm Forest,Premier League,Germany,RM,"['ST', 'RW']",61,77
Kévin Danois,AJ Auxerre,Ligue 1 McDonald's,France,CM,,61,120
Harvey Davies,Liverpool,Premier League,England,GK,,61,6
Théo De Percin,AJ Auxerre,Ligue 1 McDonald's,France,GK,,61,120
Cengiz Demir,Hatayspor,Trendyol Süper Lig,Turkey,CB,,61,133
Belmin Dizdarevi?,Montpellier,Ligue 1 McDonald's,Bosnia and Herzegovina,GK,,61,71
Noam Emeran,FC Groningen,Eredivisie,France,LM,"['RM', 'LW']",61,144
Luca Everink,Go Ahead Eagles,Eredivisie,Holland,RB,,61,146
Eugene Frimpong,R. Valladolid CF,LALIGA EA SPORTS,Ghana,CM,['CAM'],61,92
Alessio Furlanetto,Lazio,Serie A Enilive,Italy,GK,,61,34
Santi García,Gil Vicente,Liga Portugal,Spain,CAM,"['LM', 'RM']",61,113
Emrehan Gedikli,Konyaspor,Trendyol Süper Lig,Turkey,ST,,61,102
Daniel Gore,Man Utd,Premier League,England,CM,['CAM'],61,15
Pedro Gomes,Boavista FC,Liga Portugal,Portugal,CB,,61,130
Adam Kaied,NAC Breda,Eredivisie,Sweden,RM,"['LM', 'RW']",61,148
Justin-Noël Kalumba,Angers SCO,Ligue 1 McDonald's,France,LB,,61,131
Andu Kelati,Holstein Kiel,Bundesliga,Germany,LW,['LM'],61,124
Daniel Klein,FC Augsburg,Bundesliga,Germany,GK,,61,101
Caleb Kporha,Crystal Palace,Premier League,England,RB,"['RM', 'RW']",61,51
Ben Krauhaus,Brentford,Premier League,England,RM,"['CM', 'RW']",61,70
Samir Lagsir,PEC Zwolle,Eredivisie,Holland,LM,"['CAM', 'LW']",61,135
Pau Mascaró,RCD Mallorca,LALIGA EA SPORTS,Spain,ST,,61,41
Metehan Mert,Konyaspor,Trendyol Süper Lig,Turkey,CB,,61,102
Bastien Meupiyou,Wolves,Premier League,France,CB,,61,73
Mateja Milovanovi?,sc Heerenveen,Eredivisie,Serbia,CB,['LB'],61,136
Víctor Moreno,Villarreal CF,LALIGA EA SPORTS,Spain,RM,"['LM', 'RW']",61,32
Trey Nyoni,Liverpool,Premier League,England,CM,['CAM'],61,6
David Odogu,VfL Wolfsburg,Bundesliga,Germany,CB,,61,62
Salah-Eddine Oulad M'Hand,Arsenal,Premier League,Holland,CM,['CAM'],61,4
Mithat Pala,Çaykur Rizespor,Trendyol Süper Lig,Turkey,CDM,['RB'],61,123
Tiago Machado,Boavista FC,Liga Portugal,Portugal,ST,,61,130
Francesco Rossi,Atalanta,Serie A Enilive,Italy,GK,,61,40
Taha Þahin,Çaykur Rizespor,Trendyol Süper Lig,Turkey,RB,,61,123
Jasper Samooja,Lecce,Serie A Enilive,Finland,GK,,61,65
André Seruca,Farense,Liga Portugal,Portugal,CDM,['CB'],61,137
Florent Shehu,Adana Demirspor,Trendyol Süper Lig,Albania,RM,"['CAM', 'RW']",61,119
Rodrigo Duarte,Vitória SC,Liga Portugal,Portugal,RW,"['LW', 'RM']",61,103
Luka Stankovski,Gaziantep,Trendyol Süper Lig,North Macedonia,CM,"['CAM', 'CDM']",61,116
Yasir Subaþý,Konyaspor,Trendyol Süper Lig,Turkey,LB,,61,102
Mahamadou Susoho,Manchester City,Premier League,Spain,CDM,['CM'],61,2
Tunahan Taþçý,Konyaspor,Trendyol Süper Lig,Turkey,LM,"['RM', 'LW']",61,102
Martín Tejón,Valencia CF,LALIGA EA SPORTS,Spain,CAM,['RW'],61,22
Mohammed Tolba,VfL Bochum 1848,Bundesliga,Germany,RB,['CB'],61,107
Ryan Trevitt,Brentford,Premier League,England,CM,,61,70
Tein Troost,NAC Breda,Eredivisie,Holland,GK,,61,148
Fofin Turay,FC Groningen,Eredivisie,Holland,LM,['LW'],61,144
Tim van de Loo,RKC Waalwijk,Eredivisie,Holland,CDM,,61,147
Marc Vidal,RC Celta,LALIGA EA SPORTS,Spain,GK,,61,25
Kauã Santos,Frankfurt,Bundesliga,Brazil,GK,,61,46
Melle Joop Witteveen,sc Heerenveen,Eredivisie,Holland,CAM,"['RM', 'CM']",61,136
Harry Amass,Man Utd,Premier League,England,LB,,60,15
David Ankeye,Genoa,Serie A Enilive,Nigeria,ST,,60,93
Nicola Bagnolini,Bologna,Serie A Enilive,Italy,GK,,60,52
Yassin Belkhdim,Angers SCO,Ligue 1 McDonald's,France,CM,,60,131
Medon Berisha,Lecce,Serie A Enilive,Albania,CM,,60,65
Gijs Besselink,FC Twente,Eredivisie,Holland,CDM,['CM'],60,72
Ethan Brierley,Brentford,Premier League,England,CM,['CDM'],60,70
Tarek Buchmann,FC Bayern München,Bundesliga,Germany,CB,,60,3
Stijn Bultman,Heracles Almelo,Eredivisie,Holland,CB,,60,151
Abdulsamet Burak,Adana Demirspor,Trendyol Süper Lig,Turkey,CB,"['CDM', 'LB']",60,119
Ertuðrul Çetin,Fenerbahçe,Trendyol Süper Lig,Turkey,GK,,60,30
Giuseppe Ciocci,Cagliari,Serie A Enilive,Italy,GK,,60,91
Pietro Comuzzo,Fiorentina,Serie A Enilive,Italy,CB,,60,67
Augusto Dabó,Boavista FC,Liga Portugal,Guinea-Bissau,LB,,60,130
Tom de Graaff,FC Utrecht,Eredivisie,Holland,GK,,60,121
Ali Bina Dembélé,Torino,Serie A Enilive,France,RB,,60,37
Ali Demirel,Kasýmpaþa,Trendyol Süper Lig,Turkey,CAM,,60,84
Justin Devenny,Crystal Palace,Premier League,Northern Ireland,CM,,60,51
Tidiane Diallo,Strasbourg,Ligue 1 McDonald's,France,LM,"['CAM', 'LW']",60,81
Domi,Valencia CF,LALIGA EA SPORTS,Spain,ST,,60,22
Juan Familia-Castillo,RKC Waalwijk,Eredivisie,Holland,LB,,60,147
Amar Ahmed Fatah,Willem II,Eredivisie,Sweden,LM,['LW'],60,149
Fraga,Real Sociedad,LALIGA EA SPORTS,Spain,GK,,60,28
Matteo Grandi,Venezia,Serie A Enilive,Italy,GK,,60,117
Daniel Azevedo,Casa Pia AC,Liga Portugal,Portugal,GK,,60,112
Stanis Idumbo,Sevilla FC,LALIGA EA SPORTS,Belgium,CAM,"['LM', 'RM']",60,66
Berat Kalkan,Kasýmpaþa,Trendyol Süper Lig,Turkey,LM,['LW'],60,84
Yusuf Karagöz,Alanyaspor,Trendyol Süper Lig,Turkey,GK,,60,126
Yunus Emre Konak,Brentford,Premier League,Turkey,CDM,['CM'],60,70
Eray Korkmaz,Çaykur Rizespor,Trendyol Süper Lig,Turkey,RB,['CB'],60,123
Henri Koudossou,FC Augsburg,Bundesliga,Germany,RM,"['RB', 'RW']",60,101
Dave Kwakman,AZ,Eredivisie,Holland,CM,"['CDM', 'CB']",60,76
Juan Larios,Southampton,Premier League,Spain,LB,,60,57
Othmane Maamma,Montpellier,Ligue 1 McDonald's,Morocco,RM,['RW'],60,71
Henrik Meister,Stade Rennais FC,Ligue 1 McDonald's,Denmark,ST,,60,86
Tomás Mendes,D. Alavés,LALIGA EA SPORTS,Spain,CM,['CDM'],60,88
Diego Méndez,Rayo Vallecano,LALIGA EA SPORTS,Spain,CB,"['CM', 'RB']",60,56
Nobel Mendy,Real Betis,LALIGA EA SPORTS,France,LB,['CB'],60,38
Max Moerstedt,TSG Hoffenheim,Bundesliga,Germany,ST,,60,39
Zane Monlouis,Arsenal,Premier League,Jamaica,CB,,60,4
Luís Henrique,Boavista FC,Liga Portugal,Brazil,GK,,60,130
Joshua Mukeh,FC Utrecht,Eredivisie,Holland,CB,,60,121
Leon Opitz,SV Werder Bremen,Bundesliga,Germany,LM,['LW'],60,90
Mats Pannewig,VfL Bochum 1848,Bundesliga,Germany,CM,"['CDM', 'CAM']",60,107
Jeffry Puriël,Almere City FC,Eredivisie,Holland,LM,"['ST', 'RM', 'LW']",60,150
Sergi Rosanas,Sparta Rotterdam,Eredivisie,Spain,RB,,60,106
Ibrahima Sow,Sevilla FC,LALIGA EA SPORTS,Senegal,ST,,60,66
Finn Stam,FC Groningen,Eredivisie,Holland,CB,['LB'],60,144
Dimitrios Stamatakis,CA Osasuna,LALIGA EA SPORTS,Greece,GK,,60,75
Ilias Takidine,RKC Waalwijk,Eredivisie,Belgium,RM,"['CAM', 'RW']",60,147
Connor van den Berg,Willem II,Eredivisie,Holland,GK,,60,149
Daouda Weidmann,RKC Waalwijk,Eredivisie,France,CM,['CAM'],60,147
Ali Emre Yanar,Kasýmpaþa,Trendyol Süper Lig,Turkey,GK,,60,84
Luck Zogbé,Stade Brestois 29,Ligue 1 McDonald's,Côte d'Ivoire,RB,,60,74
Raphaël Adicéam,AJ Auxerre,Ligue 1 McDonald's,France,GK,,59,120
Sören Ahlers,FC St. Pauli,Bundesliga,Germany,GK,,59,125
Diogo Dias,Estoril Praia,Liga Portugal,Portugal,GK,,59,118
Justin Bengui,OL,Ligue 1 McDonald's,France,GK,,59,43
Mathéo Bodmer,Havre AC,Ligue 1 McDonald's,France,CDM,,59,115
Nathan Butler-Oyedeji,Arsenal,Premier League,England,ST,,59,4
Gonçalo Almeida,Boavista FC,Liga Portugal,Portugal,RB,,59,130
Mirza Cihan,Gaziantep,Trendyol Süper Lig,Turkey,LM,"['RM', 'LW']",59,116
Toby Collyer,Man Utd,Premier League,England,CDM,,59,15
Kas de Wit,N.E.C. Nijmegen,Eredivisie,Holland,CAM,['LM'],59,108
Tyler Dibling,Southampton,Premier League,England,RW,['RM'],59,57
Alan Do Marcolino,Stade Rennais FC,Ligue 1 McDonald's,Gabon,ST,,59,86
Ali Fadal,Valencia CF,LALIGA EA SPORTS,Ghana,CM,,59,22
Frank Feller,Heidenheim,Bundesliga,Germany,GK,,59,104
Kevin Gadellaa,FC Utrecht,Eredivisie,Holland,GK,,59,121
Luca Günther,FC St. Pauli,Bundesliga,Germany,RB,,59,125
Walid Hasbi,Strasbourg,Ligue 1 McDonald's,Morocco,GK,,59,81
Louis Jackson,Man Utd,Premier League,Scotland,CB,,59,15
Luka Janeš,Heidenheim,Bundesliga,Germany,CDM,,59,104
Rijk Janse,N.E.C. Nijmegen,Eredivisie,Holland,GK,,59,108
Vedat Karakuþ,Adana Demirspor,Trendyol Süper Lig,Turkey,GK,,59,119
Sam Karssies,FC Twente,Eredivisie,Holland,GK,,59,72
Joey Kesting,RKC Waalwijk,Eredivisie,Holland,GK,,59,147
Ekrem Kýlýçarslan,Göztepe,Trendyol Süper Lig,Turkey,GK,,59,134
Mike Kleijn,Sparta Rotterdam,Eredivisie,Holland,CM,['LB'],59,106
Tommaso Martinelli,Fiorentina,Serie A Enilive,Italy,GK,,59,67
Marco Ribeiro,Boavista FC,Liga Portugal,Portugal,CM,,59,130
Sam Mather,Man Utd,Premier League,England,LM,"['CAM', 'LW']",59,15
Omar Mohamedhoesein,N.E.C. Nijmegen,Eredivisie,Holland,CM,,59,108
Sean Moore,West Ham,Premier League,Republic of Ireland,LM,"['RM', 'LW']",59,35
Jamie Mullins,Brighton,Premier League,Republic of Ireland,CAM,,59,55
Noah Nadje,Angers SCO,Ligue 1 McDonald's,France,ST,,59,131
Amara Nallo,Liverpool,Premier League,England,CB,,59,6
Christopher Negele,Heidenheim,Bundesliga,Germany,CAM,,59,104
Tom Negrel,AJ Auxerre,Ligue 1 McDonald's,France,GK,,59,120
Luc Nieuwenhuijs,N.E.C. Nijmegen,Eredivisie,Holland,LM,"['RM', 'LW']",59,108
James Norris,Liverpool,Premier League,England,LB,,59,6
Cameron Peupion,Brighton,Premier League,Australia,RM,"['CAM', 'RW']",59,55
Jadan Raymond,Crystal Palace,Premier League,Wales,CAM,['RW'],59,51
Cieran Slicker,Ipswich,Premier League,Scotland,GK,,59,95
Godfrey Stephen,Gaziantep,Trendyol Süper Lig,Nigeria,LB,,59,116
Kamarai Swyer,West Ham,Premier League,England,CAM,['LM'],59,35
Paul Tschernuth,Heidenheim,Bundesliga,Austria,GK,,59,104
Damian van der Haar,PEC Zwolle,Eredivisie,Holland,CB,['LB'],59,135
Samuele Vignato,Monza,Serie A Enilive,Italy,ST,,59,80
Daniël Virginio Deen,AZ,Eredivisie,Holland,GK,,59,76
Aurel Wagbe,Holstein Kiel,Bundesliga,Germany,LM,['LW'],59,124
Özkan Yiðiter,Sivasspor,Trendyol Süper Lig,Turkey,CDM,['CB'],59,105
Paul Argney,Havre AC,Ligue 1 McDonald's,France,GK,,58,115
Tyrell Ashcroft,Spurs,Premier League,England,RB,,58,16
Yunus Bahadýr,Alanyaspor,Trendyol Süper Lig,Turkey,RB,,58,126
Alexandru Borbei,Lecce,Serie A Enilive,Romania,GK,,58,65
Sidiki Chérif,Angers SCO,Ligue 1 McDonald's,France,LM,"['RM', 'LW']",58,131
Marius Courcoul,Angers SCO,Ligue 1 McDonald's,France,CB,['CDM'],58,131
Luc De Fougerolles,Fulham,Premier League,Canada,CB,"['RB', 'LB']",58,44
Amidou Doumbouya,OGC Nice,Ligue 1 McDonald's,France,CB,,58,63
Antoine Gauthier,AS Saint-Étienne,Ligue 1 McDonald's,France,CM,,58,110
Harvey Griffiths,Wolves,Premier League,England,CDM,['CM'],58,73
Berke Gürbüz,Gaziantep,Trendyol Süper Lig,Turkey,LM,['LW'],58,116
Stijn Keller,Almere City FC,Eredivisie,Switzerland,GK,,58,150
Nurettin Korkmaz,Kayserispor,Trendyol Süper Lig,Turkey,LM,['LW'],58,138
Myles Lewis-Skelly,Arsenal,Premier League,England,CM,['CDM'],58,4
Johan Manzambi,SC Freiburg,Bundesliga,Switzerland,CM,['CAM'],58,42
Jon Martín,Real Sociedad,LALIGA EA SPORTS,Spain,CB,,58,28
Lewis Orford,West Ham,Premier League,England,CDM,['CM'],58,35
Haqi Osman,Bodrum FK,Trendyol Süper Lig,Ghana,LM,['LW'],58,140
Lúkas Petersson,TSG Hoffenheim,Bundesliga,Iceland,GK,,58,39
Tom Pouilly,RC Lens,Ligue 1 McDonald's,France,RB,['CDM'],58,45
Yannic Stein,Union Berlin,Bundesliga,Germany,GK,,58,82
El Mami Tetah,Alanyaspor,Trendyol Süper Lig,Mauritania,LM,"['RM', 'LW']",58,126
Aron van Lare,NAC Breda,Eredivisie,Holland,GK,,58,148
Diego van Oorschot,Heracles Almelo,Eredivisie,Holland,ST,['CAM'],58,151
James Abankwah,Udinese,Serie A Enilive,Republic of Ireland,CB,['RB'],57,111
Nabil Aberdin,Getafe CF,LALIGA EA SPORTS,France,CB,['RB'],57,59
Federico Brancolini,Empoli,Serie A Enilive,Italy,GK,,57,100
Hayrullah Erkip,Kayserispor,Trendyol Süper Lig,Turkey,LM,['LW'],57,138
Seán Grehan,Crystal Palace,Premier League,Republic of Ireland,CB,,57,51
Eren Karaaðaç,Baþakþehir,Trendyol Süper Lig,Turkey,LB,,57,99
Ýlker Karakaþ,Gaziantep,Trendyol Süper Lig,Turkey,ST,,57,116
Yakup Arda Kýlýç,Beþiktaþ,Trendyol Süper Lig,Turkey,LW,"['RW', 'LM']",57,31
Maxwell Kinsey,AFC Bournemouth,Premier League,England,CB,,57,64
Robin Mantel,Heracles Almelo,Eredivisie,Belgium,GK,,57,151
Jayden Meghoma,Brentford,Premier League,England,LB,,57,70
Jasper Meijster,FC Groningen,Eredivisie,Holland,GK,,57,144
Juliën Mesbahi,FC Twente,Eredivisie,Holland,CB,,57,72
Habeeb Ogunneye,Man Utd,Premier League,England,RB,,57,15
Ben Parkinson,Newcastle Utd,Premier League,England,RW,"['ST', 'RM']",57,21
Khaled Razak,Willem II,Eredivisie,Holland,RW,['RM'],57,149
Javi Rodríguez,RC Celta,LALIGA EA SPORTS,Spain,RB,['CB'],57,25
Pim Saathof,Go Ahead Eagles,Eredivisie,Holland,CB,,57,146
Kerr Smith,Aston Villa,Premier League,Scotland,CB,['RB'],57,17
Reece Welch,Everton,Premier League,England,CB,,57,33
Kadan Young,Aston Villa,Premier League,England,LM,"['RM', 'LW']",57,17
Ethem Balcý,Kayserispor,Trendyol Süper Lig,Turkey,RW,['RM'],56,138
Arif Boþluk,Trabzonspor,Trendyol Süper Lig,Turkey,LB,['LM'],56,58
Leon Chiwome,Wolves,Premier League,England,ST,,56,73
Hamza El Dahri,Sparta Rotterdam,Eredivisie,Holland,CAM,['CM'],56,106
Nouri El Harmazi,RKC Waalwijk,Eredivisie,Holland,CAM,['CM'],56,147
Sven Jansen,Go Ahead Eagles,Eredivisie,Holland,GK,,56,146
Timo Jansink,Heracles Almelo,Eredivisie,Holland,GK,,56,151
Bernt Klaverboer,sc Heerenveen,Eredivisie,Holland,GK,,56,136
Rubén López,FC Barcelona,LALIGA EA SPORTS,Spain,CM,,56,8
Oðuzhan Matur,Hatayspor,Trendyol Süper Lig,Turkey,LB,,56,133
Dermot Mee,Man Utd,Premier League,Northern Ireland,GK,,56,15
Jakub Ojrzy?ski,Liverpool,Premier League,Poland,GK,,56,6
Mohamed Oukhattou,PEC Zwolle,Eredivisie,Holland,CAM,['CM'],56,135
Jaden Pinas,Almere City FC,Eredivisie,Holland,CB,,56,150
Alfie Pond,Wolves,Premier League,England,CB,,56,73
Talha Sarýarslan,Kayserispor,Trendyol Süper Lig,Turkey,ST,,56,138
Maarten Schut,Willem II,Eredivisie,Holland,GK,,56,149
Sil Swinkels,Aston Villa,Premier League,Holland,CB,,56,17
Joël van der Wilt,Almere City FC,Eredivisie,Holland,GK,,56,150
Charlie Whitaker,Everton,Premier League,England,CAM,,56,33
Muhammed Eren Arýkan,Kayserispor,Trendyol Süper Lig,Turkey,LB,,55,138
Deniz Ertaþ,Konyaspor,Trendyol Süper Lig,Turkey,GK,,55,102
Paul Grave,VfL Bochum 1848,Bundesliga,Germany,GK,,55,107
Callan McKenna,AFC Bournemouth,Premier League,Scotland,GK,,55,64
Muhammet Ali Özbaskýcý,Samsunspor,Trendyol Süper Lig,Turkey,CAM,['CM'],55,129
Kaylen Reitmaier,Sparta Rotterdam,Eredivisie,Germany,GK,,55,106
Alberto Risco,Getafe CF,LALIGA EA SPORTS,Spain,CAM,,55,59
Emre Uzun,Antalyaspor,Trendyol Süper Lig,Turkey,CM,,55,141
Nando Verdoni,Go Ahead Eagles,Eredivisie,Holland,GK,,55,146
Duke Verduin,PEC Zwolle,Eredivisie,Holland,GK,,55,135
Marcus Younis,PSV,Eredivisie,Australia,RM,"['LM', 'RW']",55,50
Mehmet Albayrak,Sivasspor,Trendyol Süper Lig,Turkey,CB,['RB'],54,105
Taylan Utku Aydýn,Kasýmpaþa,Trendyol Süper Lig,Turkey,CB,,54,84
Yiðit Emre Çeltik,Kayserispor,Trendyol Süper Lig,Turkey,CM,['CAM'],54,138
Emirhan Yiðit,Kasýmpaþa,Trendyol Süper Lig,Turkey,RW,['RM'],54,84
Adnan Aktaþ,Kasýmpaþa,Trendyol Süper Lig,Turkey,LB,,53,84
Furkan Onur Akyüz,Fenerbahçe,Trendyol Süper Lig,Turkey,GK,,53,30
Baran Ali Gezek,Kayserispor,Trendyol Süper Lig,Turkey,CAM,['CM'],53,138
Cenk Þen,Bodrum FK,Trendyol Süper Lig,Turkey,LB,['LM'],51,140
