player_name,team_name,league,nationality,position,alt_position,ovr,team_id
Kylian Mbappé,Real Madrid,LALIGA EA SPORTS,France,ST,['LW'],91,1
Rodri,Manchester City,Premier League,Spain,CDM,['CM'],91,2
Erling Haaland,Manchester City,Premier League,Norway,ST,,91,2
Jude Bellingham,Real Madrid,LALIGA EA SPORTS,England,CAM,['CM'],90,1
Vini Jr.,Real Madrid,LALIGA EA SPORTS,Brazil,LW,"['ST', 'LM']",90,1
Kevin De Bruyne,Manchester City,Premier League,Belgium,CM,['CAM'],90,2
Harry Kane,FC Bayern München,Bundesliga,England,ST,,90,3
Martin Ødegaard,Arsenal,Premier League,Norway,CM,['CAM'],89,4
Gianluigi Donnarumma,Paris SG,Ligue 1 McDonald's,Italy,GK,,89,5
Alisson,Liverpool,Premier League,Brazil,GK,,89,6
Thibaut Courtois,Real Madrid,LALIGA EA SPORTS,Belgium,GK,,89,1
Lautaro Martínez,Inter,Serie A Enilive,Argentina,ST,,89,7
Virgil van Dijk,Liverpool,Premier League,Holland,CB,,89,6
Marc-André ter Stegen,FC Barcelona,LALIGA EA SPORTS,Germany,GK,,89,8
Mohamed Salah,Liverpool,Premier League,Egypt,RW,['RM'],89,6
Phil Foden,Manchester City,Premier League,England,RW,"['LW', 'CAM', 'RM']",88,2
Antoine Griezmann,Atlético de Madrid,LALIGA EA SPORTS,France,ST,,88,9
Rúben Dias,Manchester City,Premier League,Portugal,CB,,88,2
Robert Lewandowski,FC Barcelona,LALIGA EA SPORTS,Poland,ST,,88,8
Federico Valverde,Real Madrid,LALIGA EA SPORTS,Uruguay,CM,['RM'],88,1
Ederson,Manchester City,Premier League,Brazil,GK,,88,2
Bernardo Silva,Manchester City,Premier League,Portugal,CM,['RW'],88,2
Jan Oblak,Atlético de Madrid,LALIGA EA SPORTS,Slovenia,GK,,88,9
Antonio Rüdiger,Real Madrid,LALIGA EA SPORTS,Germany,CB,,88,1
Florian Wirtz,Liverpool,Premier League,Germany,CAM,['LM'],88,6
Gregor Kobel,Borussia Dortmund,Bundesliga,Switzerland,GK,,88,11
William Saliba,Arsenal,Premier League,France,CB,,87,4
Victor Osimhen,Galatasaray,Trendyol Süper Lig,Nigeria,ST,,87,12
Jamal Musiala,FC Bayern München,Bundesliga,Germany,CAM,"['LM', 'CM']",87,3
Bukayo Saka,Arsenal,Premier League,England,RW,['RM'],87,4
Paulo Dybala,AS Roma,Serie A Enilive,Argentina,CAM,['ST'],87,13
Theo Hernández,AC Milan,Serie A Enilive,France,LB,['LM'],87,14
Declan Rice,Arsenal,Premier League,England,CDM,['CM'],87,4
Frenkie de Jong,FC Barcelona,LALIGA EA SPORTS,Holland,CM,['CDM'],87,8
Mike Maignan,AC Milan,Serie A Enilive,France,GK,,87,14
Bruno Fernandes,Man Utd,Premier League,Portugal,CAM,['CM'],87,15
Heung Min Son,Spurs,Premier League,Korea Republic,ST,['LM'],87,16
Marquinhos,Paris SG,Ligue 1 McDonald's,Brazil,CB,,87,5
Alessandro Bastoni,Inter,Serie A Enilive,Italy,CB,,87,7
Ýlkay Gündoðan,Manchester City,Premier League,Germany,CM,['CDM'],87,2
Emiliano Martínez,Aston Villa,Premier League,Argentina,GK,,87,17
Nicolò Barella,Inter,Serie A Enilive,Italy,CM,['CDM'],87,7
Yann Sommer,Inter,Serie A Enilive,Switzerland,GK,,87,7
Gabriel,Arsenal,Premier League,Brazil,CB,,86,4
Rodrygo,Real Madrid,LALIGA EA SPORTS,Brazil,RW,"['ST', 'RM']",86,1
Rafael Leão,AC Milan,Serie A Enilive,Portugal,LW,"['LM', 'ST']",86,14
Grimaldo,Leverkusen,Bundesliga,Spain,LM,"['LB', 'LW']",86,10
Alexis Mac Allister,Liverpool,Premier League,Argentina,CM,['CDM'],86,6
Carvajal,Real Madrid,LALIGA EA SPORTS,Spain,RB,,86,1
Ousmane Dembélé,Paris SG,Ligue 1 McDonald's,France,RW,"['CAM', 'RM']",86,5
Trent Alexander-Arnold,Liverpool,Premier League,England,RB,,86,6
Pedri,FC Barcelona,LALIGA EA SPORTS,Spain,CM,['LW'],86,8
Jonathan Tah,FC Bayern München,Bundesliga,Germany,CB,,86,3
Bremer,Juventus,Serie A Enilive,Brazil,CB,,86,18
Joshua Kimmich,FC Bayern München,Bundesliga,Germany,RB,"['CDM', 'CM']",86,3
Unai Simón,Athletic Club,LALIGA EA SPORTS,Spain,GK,,86,19
Manuel Neuer,FC Bayern München,Bundesliga,Germany,GK,,86,3
Hakan Çalhanoðlu,Inter,Serie A Enilive,Turkey,CDM,['CM'],86,7
Khvicha Kvaratskhelia,SSC Napoli,Serie A Enilive,Georgia,LW,"['RW', 'LM']",85,20
David Alaba,Real Madrid,LALIGA EA SPORTS,Austria,CB,['LB'],85,1
Ronald Araujo,FC Barcelona,LALIGA EA SPORTS,Uruguay,CB,['RB'],85,8
Julian Brandt,Borussia Dortmund,Bundesliga,Germany,CAM,"['RM', 'CM']",85,11
Éder Militão,Real Madrid,LALIGA EA SPORTS,Brazil,CB,,85,1
Bruno Guimarães,Newcastle Utd,Premier League,Brazil,CDM,['CM'],85,21
Alexander Isak,Newcastle Utd,Premier League,Sweden,ST,,85,21
Jules Koundé,FC Barcelona,LALIGA EA SPORTS,France,RB,['CB'],85,8
Vitinha,Paris SG,Ligue 1 McDonald's,Portugal,CM,['CDM'],85,5
James Maddison,Spurs,Premier League,England,CAM,['RM'],85,16
Giorgi Mamardashvili,Valencia CF,LALIGA EA SPORTS,Georgia,GK,,85,22
Mikel Merino,Arsenal,Premier League,Spain,CM,['CAM'],85,4
Loïs Openda,RB Leipzig,Bundesliga,Belgium,ST,,85,23
Palhinha,Spurs,Premier League,Portugal,CDM,['CM'],85,16
Cole Palmer,Chelsea,Premier League,England,RM,"['CAM', 'RW']",85,24
Andrew Robertson,Liverpool,Premier League,Scotland,LB,,85,6
Leroy Sané,Galatasaray,Trendyol Süper Lig,Germany,RM,"['LM', 'RW']",85,12
Nico Schlotterbeck,Borussia Dortmund,Bundesliga,Germany,CB,,85,11
John Stones,Manchester City,Premier League,England,CB,"['CDM', 'RB']",85,2
Aurélien Tchouaméni,Real Madrid,LALIGA EA SPORTS,France,CDM,"['CM', 'CB']",85,1
Diogo Jota,Liverpool,Premier League,Portugal,ST,['LW'],85,6
Sandro Tonali,Newcastle Utd,Premier League,Italy,CDM,['CM'],85,21
Ollie Watkins,Aston Villa,Premier League,England,ST,,85,17
Nico Williams,Athletic Club,LALIGA EA SPORTS,Spain,LM,"['RM', 'LW']",85,19
Francesco Acerbi,Inter,Serie A Enilive,Italy,CB,,84,7
Manuel Akanji,Manchester City,Premier League,Switzerland,CB,,84,2
Nathan Aké,Manchester City,Premier League,Holland,CB,['LB'],84,2
Julián Álvarez,Atlético de Madrid,LALIGA EA SPORTS,Argentina,ST,['CAM'],84,9
Iago Aspas,RC Celta,LALIGA EA SPORTS,Spain,ST,,84,25
Federico Chiesa,Liverpool,Premier League,Italy,RW,"['LW', 'ST', 'RM']",84,6
Kingsley Coman,FC Bayern München,Bundesliga,France,LM,"['RM', 'LW']",84,3
Matthijs de Ligt,Man Utd,Premier League,Holland,CB,,84,15
Rodrigo De Paul,Atlético de Madrid,LALIGA EA SPORTS,Argentina,CM,['CDM'],84,9
Raphinha,FC Barcelona,LALIGA EA SPORTS,Brazil,RW,"['LW', 'RM']",84,8
Luis Díaz,FC Bayern München,Bundesliga,Colombia,LW,"['RW', 'LM']",84,3
Federico Dimarco,Inter,Serie A Enilive,Italy,LB,['LM'],84,7
Artem Dovbyk,AS Roma,Serie A Enilive,Ukraine,ST,,84,13
Jeremie Frimpong,Liverpool,Premier League,Holland,RM,"['RB', 'RW']",84,6
Aleix García,Leverkusen,Bundesliga,Spain,CM,['CDM'],84,10
Jack Grealish,Manchester City,Premier League,England,LW,['LM'],84,2
Serhou Guirassy,Borussia Dortmund,Bundesliga,Guinea,ST,,84,11
Viktor Gyökeres,Sporting CP,Liga Portugal,Sweden,ST,['LW'],84,26
Achraf Hakimi,Paris SG,Ligue 1 McDonald's,Morocco,RB,,84,5
Lukáš Hrádeck?,AS Monaco,Ligue 1 McDonald's,Finland,GK,,84,53
Lisandro Martínez,Man Utd,Premier League,Argentina,CB,,84,15
Diogo Costa,FC Porto,Liga Portugal,Portugal,GK,,84,27
Ferland Mendy,Real Madrid,LALIGA EA SPORTS,France,LB,,84,1
Christopher Nkunku,Chelsea,Premier League,France,CAM,['ST'],84,24
Dani Olmo,FC Barcelona,LALIGA EA SPORTS,Spain,CAM,['CM'],84,8
Exequiel Palacios,Leverkusen,Bundesliga,Argentina,CM,['CDM'],84,10
Benjamin Pavard,Inter,Serie A Enilive,France,CB,['RB'],84,7
Álex Remiro,Real Sociedad,LALIGA EA SPORTS,Spain,GK,,84,28
Cristian Romero,Spurs,Premier League,Argentina,CB,,84,16
Marcel Sabitzer,Borussia Dortmund,Bundesliga,Austria,CM,"['CAM', 'CDM']",84,11
Casemiro,Man Utd,Premier League,Brazil,CDM,['CM'],84,15
Guglielmo Vicario,Spurs,Premier League,Italy,GK,,84,16
Dušan Vlahovi?,Juventus,Serie A Enilive,Serbia,ST,,84,18
Kyle Walker,Manchester City,Premier League,England,RB,,84,2
Benjamin White,Arsenal,Premier League,England,RB,['CB'],84,4
Robert Andrich,Leverkusen,Bundesliga,Germany,CDM,"['CM', 'CB']",83,10
Ismaël Bennacer,AC Milan,Serie A Enilive,Algeria,CDM,"['CM', 'CAM']",83,14
Eduardo Camavinga,Real Madrid,LALIGA EA SPORTS,France,CM,"['CDM', 'LB']",83,1
Andreas Christensen,FC Barcelona,LALIGA EA SPORTS,Denmark,CB,['CDM'],83,8
Stefan de Vrij,Inter,Serie A Enilive,Holland,CB,,83,7
Ángel Di María,SL Benfica,Liga Portugal,Argentina,RM,"['CAM', 'RW']",83,29
Youssef En-Nesyri,Fenerbahçe,Trendyol Süper Lig,Morocco,ST,,83,30
Rafa Silva,Beþiktaþ,Trendyol Süper Lig,Portugal,CAM,['ST'],83,31
Cody Gakpo,Liverpool,Premier League,Holland,ST,['LW'],83,6
José María Giménez,Atlético de Madrid,LALIGA EA SPORTS,Uruguay,CB,,83,9
Leon Goretzka,FC Bayern München,Bundesliga,Germany,CM,['CDM'],83,3
Joško Gvardiol,Manchester City,Premier League,Croatia,LB,['CB'],83,2
Kai Havertz,Arsenal,Premier League,Germany,ST,['CM'],83,4
Lucas Hernández,Paris SG,Ligue 1 McDonald's,France,CB,['LB'],83,5
Mauro Icardi,Galatasaray,Trendyol Süper Lig,Argentina,ST,,83,12
Kim Min Jae,FC Bayern München,Bundesliga,Korea Republic,CB,,83,3
Ibrahima Konaté,Liverpool,Premier League,France,CB,,83,6
Teun Koopmeiners,Juventus,Serie A Enilive,Holland,CM,['CAM'],83,18
Mateo Kovacic,Manchester City,Premier League,Croatia,CM,['CDM'],83,2
Konrad Laimer,FC Bayern München,Bundesliga,Austria,CDM,"['CM', 'RB']",83,3
Robin Le Normand,Atlético de Madrid,LALIGA EA SPORTS,Spain,CB,,83,9
Marcos Llorente,Atlético de Madrid,LALIGA EA SPORTS,Spain,RM,"['RB', 'CM', 'RW']",83,9
Manuel Locatelli,Juventus,Serie A Enilive,Italy,CDM,['CM'],83,18
Donyell Malen,Aston Villa,Premier League,Holland,RM,"['ST', 'LM', 'RW']",83,17
Gabriel Martinelli,Arsenal,Premier League,Brazil,LW,"['RW', 'LM']",83,4
Henrikh Mkhitaryan,Inter,Serie A Enilive,Armenia,CM,['CAM'],83,7
Morata,AC Milan,Serie A Enilive,Spain,ST,,83,14
Gerard Moreno,Villarreal CF,LALIGA EA SPORTS,Spain,ST,"['RW', 'CAM']",83,32
André Onana,Man Utd,Premier League,Cameroon,GK,,83,15
Willi Orban,RB Leipzig,Bundesliga,Hungary,CB,,83,23
Gavi,FC Barcelona,LALIGA EA SPORTS,Spain,CM,['LW'],83,8
Parejo,Villarreal CF,LALIGA EA SPORTS,Spain,CM,['CDM'],83,32
Lorenzo Pellegrini,AS Roma,Serie A Enilive,Italy,CAM,['CM'],83,13
Pedro Gonçalves,Sporting CP,Liga Portugal,Portugal,LW,"['CAM', 'CM', 'LM']",83,26
Jordan Pickford,Everton,Premier League,England,GK,,83,33
Nick Pope,Newcastle Utd,Premier League,England,GK,,83,21
Pedro Porro,Spurs,Premier League,Spain,RB,,83,16
Ivan Provedel,Lazio,Serie A Enilive,Italy,GK,,83,34
Christian Pulisic,AC Milan,Serie A Enilive,United States,RW,"['RM', 'LW']",83,14
David Raya,Arsenal,Premier League,Spain,GK,,83,4
Koke,Atlético de Madrid,LALIGA EA SPORTS,Spain,CDM,['CM'],83,9
Guido Rodríguez,West Ham,Premier League,Argentina,CDM,['CM'],83,35
Alessio Romagnoli,Lazio,Serie A Enilive,Italy,CB,,83,34
Xavi Simons,RB Leipzig,Bundesliga,Holland,CAM,['LW'],83,23
Douglas Luiz,Juventus,Serie A Enilive,Brazil,CM,['CDM'],83,18
Edmond Tapsoba,Leverkusen,Bundesliga,Burkina Faso,CB,,83,10
Nuno Mendes,Paris SG,Ligue 1 McDonald's,Portugal,LB,,83,5
Marcus Thuram,Inter,Serie A Enilive,France,ST,,83,7
Fikayo Tomori,AC Milan,Serie A Enilive,England,CB,,83,14
Lucas Torreira,Galatasaray,Trendyol Süper Lig,Uruguay,CDM,['CM'],83,12
Kieran Trippier,Newcastle Utd,Premier League,England,RB,,83,21
Leandro Trossard,Arsenal,Premier League,Belgium,LW,"['ST', 'LM']",83,4
Viktor Tsygankov,Girona FC,LALIGA EA SPORTS,Ukraine,RM,"['CM', 'CAM', 'RW']",83,36
Mattia Zaccagni,Lazio,Serie A Enilive,Italy,LW,"['CAM', 'LM']",83,34
Duván Zapata,Torino,Serie A Enilive,Colombia,ST,,83,37
Isco,Real Betis,LALIGA EA SPORTS,Spain,CAM,"['LM', 'CM']",82,38
Joelinton,Newcastle Utd,Premier League,Brazil,CM,['LW'],82,21
Pepê,FC Porto,Liga Portugal,Brazil,CAM,"['RM', 'LM']",82,27
Leon Bailey,Aston Villa,Premier League,Jamaica,RM,"['ST', 'RW']",82,17
Oliver Baumann,TSG Hoffenheim,Bundesliga,Germany,GK,,82,39
Victor Boniface,Leverkusen,Bundesliga,Nigeria,ST,,82,10
Sven Botman,Newcastle Utd,Premier League,Holland,CB,,82,21
Jarrod Bowen,West Ham,Premier League,England,RM,"['ST', 'RW']",82,35
Moisés Caicedo,Chelsea,Premier League,Ecuador,CDM,['CM'],82,24
Emre Can,Borussia Dortmund,Bundesliga,Germany,CDM,['CB'],82,11
Marco Carnesecchi,Atalanta,Serie A Enilive,Italy,GK,,82,40
Lucas Paquetá,West Ham,Premier League,Brazil,LM,"['CAM', 'LW']",82,35
Ángel Correa,Atlético de Madrid,LALIGA EA SPORTS,Argentina,ST,['RM'],82,9
Marc Cucurella,Chelsea,Premier League,Spain,LB,,82,24
Danilo,Juventus,Serie A Enilive,Brazil,CB,['RB'],82,18
Diogo Dalot,Man Utd,Premier League,Portugal,RB,['LB'],82,15
Sergi Darder,RCD Mallorca,LALIGA EA SPORTS,Spain,CM,"['CAM', 'CDM']",82,41
Alphonso Davies,FC Bayern München,Bundesliga,Canada,LB,['LM'],82,3
Giovanni Di Lorenzo,SSC Napoli,Serie A Enilive,Italy,RB,['RM'],82,20
Brahim,Real Madrid,LALIGA EA SPORTS,Morocco,CAM,"['RW', 'LW']",82,1
Denzel Dumfries,Inter,Serie A Enilive,Holland,RB,['RM'],82,7
Edin D?eko,Fiorentina,Serie A Enilive,Bosnia and Herzegovina,ST,,82,68
Enzo Fernández,Chelsea,Premier League,Argentina,CM,['CDM'],82,24
Gabriel Jesus,Arsenal,Premier League,Brazil,ST,,82,4
Jorginho,Arsenal,Premier League,Italy,CDM,['CM'],82,4
Pau Torres,Aston Villa,Premier League,Spain,CB,,82,17
Niclas Füllkrug,West Ham,Premier League,Germany,ST,,82,35
Gayà,Valencia CF,LALIGA EA SPORTS,Spain,LB,,82,22
Paulo Gazzaniga,Girona FC,LALIGA EA SPORTS,Argentina,GK,,82,36
Matthias Ginter,SC Freiburg,Bundesliga,Germany,CB,,82,42
Serge Gnabry,FC Bayern München,Bundesliga,Germany,RM,"['ST', 'LM', 'RW']",82,3
Anthony Gordon,Newcastle Utd,Premier League,England,LW,['LM'],82,21
Raphaël Guerreiro,FC Bayern München,Bundesliga,Portugal,LB,['CM'],82,3
Péter Gulácsi,RB Leipzig,Bundesliga,Hungary,GK,,82,23
Yangel Herrera,Girona FC,LALIGA EA SPORTS,Venezuela,CDM,['CM'],82,36
Jonas Hofmann,Leverkusen,Bundesliga,Germany,CAM,['ST'],82,10
Ciro Immobile,Bologna,Serie A Enilive,Italy,ST,,82,52
Reece James,Chelsea,Premier League,England,RB,,82,24
Boubacar Kamara,Aston Villa,Premier League,France,CDM,['CM'],82,17
Randal Kolo Muani,Paris SG,Ligue 1 McDonald's,France,ST,,82,5
Filip Kostic,Juventus,Serie A Enilive,Serbia,LM,"['LB', 'LW']",82,18
Mohammed Kudus,West Ham,Premier League,Ghana,RM,"['CAM', 'LM', 'RW']",82,35
Dejan Kulusevski,Spurs,Premier League,Sweden,RM,"['RW', 'CAM']",82,16
Alexandre Lacazette,OL,Ligue 1 McDonald's,France,ST,,82,43
Bernd Leno,Fulham,Premier League,Germany,GK,,82,44
Stanislav Lobotka,SSC Napoli,Serie A Enilive,Slovakia,CM,['CDM'],82,20
Ademola Lookman,Atalanta,Serie A Enilive,Nigeria,ST,,82,40
Romelu Lukaku,SSC Napoli,Serie A Enilive,Belgium,ST,,82,20
Gianluca Mancini,AS Roma,Serie A Enilive,Italy,CB,,82,13
John McGinn,Aston Villa,Premier League,Scotland,CM,"['CDM', 'RM']",82,17
Nahuel Molina,Atlético de Madrid,LALIGA EA SPORTS,Argentina,RB,,82,9
Savinho,Manchester City,Premier League,Brazil,LW,['LM'],82,2
Darwin Núñez,Liverpool,Premier League,Uruguay,ST,,82,6
Michael Olise,FC Bayern München,Bundesliga,France,RM,"['RW', 'CAM']",82,3
Oyarzabal,Real Sociedad,LALIGA EA SPORTS,Spain,ST,"['LW', 'LM']",82,28
Thomas Partey,Arsenal,Premier League,Ghana,CDM,['CM'],82,4
Tijjani Reijnders,AC Milan,Serie A Enilive,Holland,CM,"['CDM', 'CAM']",82,14
Fabián Ruiz,Paris SG,Ligue 1 McDonald's,Spain,CM,['CDM'],82,5
Brice Samba,RC Lens,Ligue 1 McDonald's,France,GK,,82,45
Sancet,Athletic Club,LALIGA EA SPORTS,Spain,CAM,"['CM', 'ST']",82,19
Jadon Sancho,Chelsea,Premier League,England,LM,"['RM', 'LW']",82,24
Fabian Schär,Newcastle Utd,Premier League,Switzerland,CB,,82,21
Patrik Schick,Leverkusen,Bundesliga,Czech Republic,ST,,82,10
Luke Shaw,Man Utd,Premier League,England,LB,['CB'],82,15
Alexander Sørloth,Atlético de Madrid,LALIGA EA SPORTS,Norway,ST,,82,9
Niklas Süle,Borussia Dortmund,Bundesliga,Germany,CB,['RB'],82,11
Kevin Trapp,Frankfurt,Bundesliga,Germany,GK,,82,46
Destiny Udogie,Spurs,Premier League,Italy,LB,,82,16
Dayot Upamecano,FC Bayern München,Bundesliga,France,CB,,82,3
Micky van de Ven,Spurs,Premier League,Holland,CB,,82,16
Raphaël Varane,Como,Serie A Enilive,France,CB,,82,47
Iñaki Williams,Athletic Club,LALIGA EA SPORTS,Ghana,RM,"['ST', 'RW']",82,19
Edson Álvarez,West Ham,Premier League,Mexico,CDM,['CM'],81,35
Yeray,Athletic Club,LALIGA EA SPORTS,Spain,CB,,81,19
Waldemar Anton,Borussia Dortmund,Bundesliga,Germany,CB,['RB'],81,11
Alphonse Areola,West Ham,Premier League,France,GK,,81,35
Marco Asensio,Paris SG,Ligue 1 McDonald's,Spain,RW,"['CM', 'RM']",81,5
Balde,FC Barcelona,LALIGA EA SPORTS,Spain,LB,"['RB', 'LM']",81,8
Rodrigo Bentancur,Spurs,Premier League,Uruguay,CM,['CDM'],81,16
Álex Berenguer,Athletic Club,LALIGA EA SPORTS,Spain,LM,"['RM', 'LW']",81,19
Bryan Cristante,AS Roma,Serie A Enilive,Italy,CM,"['CDM', 'CB']",81,13
Ricardo Horta,SC Braga,Liga Portugal,Portugal,CAM,"['LM', 'RM']",81,48
Rui Silva,Real Betis,LALIGA EA SPORTS,Portugal,GK,,81,38
Matteo Darmian,Inter,Serie A Enilive,Italy,RB,"['CB', 'RM']",81,7
Jonathan David,Juventus,Serie A Enilive,Canada,ST,,81,18
Richarlison,Spurs,Premier League,Brazil,ST,['LM'],81,16
Luuk de Jong,PSV,Eredivisie,Holland,ST,,81,50
Fred,Fenerbahçe,Trendyol Süper Lig,Brazil,CDM,['CM'],81,30
Eberechi Eze,Crystal Palace,Premier League,England,CAM,"['CM', 'LM']",81,51
Youssouf Fofana,AC Milan,Serie A Enilive,France,CDM,['CM'],81,14
Davide Frattesi,Inter,Serie A Enilive,Italy,CM,['CAM'],81,7
Remo Freuler,Bologna,Serie A Enilive,Switzerland,CDM,['CM'],81,52
Conor Gallagher,Atlético de Madrid,LALIGA EA SPORTS,England,CM,"['CAM', 'CDM']",81,9
Alexandr Golovin,AS Monaco,Ligue 1 McDonald's,Russia,LM,"['CAM', 'LW']",81,53
Pascal Groß,Borussia Dortmund,Bundesliga,Germany,CDM,['CM'],81,11
Marc Guéhi,Crystal Palace,Premier League,England,CB,,81,51
Dávid Hancko,Feyenoord,Eredivisie,Slovakia,CB,['LB'],81,54
Benjamin Henrichs,RB Leipzig,Bundesliga,Germany,RB,"['RM', 'LB']",81,23
Piero Hincapié,Leverkusen,Bundesliga,Ecuador,CB,['LB'],81,10
Ferdi Kadýoðlu,Brighton,Premier League,Turkey,LB,['RB'],81,55
Daichi Kamada,Crystal Palace,Premier League,Japan,CAM,['CM'],81,51
Presnel Kimpembe,Paris SG,Ligue 1 McDonald's,France,CB,,81,5
Orkun Kökçü,Beþiktaþ,Trendyol Süper Lig,Turkey,CM,"['CAM', 'CDM']",81,31
Ezri Konsa,Aston Villa,Premier League,England,CB,['RB'],81,17
Odilon Kossounou,Atalanta,Serie A Enilive,Côte d'Ivoire,CB,['RB'],81,40
Andrej Kramari?,TSG Hoffenheim,Bundesliga,Croatia,ST,"['CAM', 'CM']",81,39
Takefusa Kubo,Real Sociedad,LALIGA EA SPORTS,Japan,RW,"['ST', 'RM']",81,28
Ruben Loftus-Cheek,AC Milan,Serie A Enilive,England,CM,['CAM'],81,14
Andriy Lunin,Real Madrid,LALIGA EA SPORTS,Ukraine,GK,,81,1
Iñigo Martínez,FC Barcelona,LALIGA EA SPORTS,Spain,CB,,81,8
Noussair Mazraoui,Man Utd,Premier League,Morocco,RB,['LB'],81,15
Brais Méndez,Real Sociedad,LALIGA EA SPORTS,Spain,CM,"['RM', 'CAM']",81,28
Alex Meret,SSC Napoli,Serie A Enilive,Italy,GK,,81,20
Arkadiusz Milik,Juventus,Serie A Enilive,Poland,ST,,81,18
Kaoru Mitoma,Brighton,Premier League,Japan,LM,['LW'],81,55
Riccardo Orsolini,Bologna,Serie A Enilive,Italy,RM,['RW'],81,52
Stefan Ortega,Manchester City,Premier League,Germany,GK,,81,2
Nicolás Otamendi,SL Benfica,Liga Portugal,Argentina,CB,,81,29
Isi Palazón,Rayo Vallecano,LALIGA EA SPORTS,Spain,RM,"['CAM', 'LM', 'RW']",81,56
Aaron Ramsdale,Southampton,Premier League,England,GK,,81,57
Marcus Rashford,Man Utd,Premier League,England,LM,"['ST', 'LW']",81,15
David Raum,RB Leipzig,Bundesliga,Germany,LB,['LM'],81,23
Stefan Savic,Trabzonspor,Trendyol Süper Lig,Montenegro,CB,,77,58
Xaver Schlager,RB Leipzig,Bundesliga,Austria,CDM,['CM'],81,23
Jerdy Schouten,PSV,Eredivisie,Holland,CDM,"['CB', 'CM']",81,50
Ellyes Skhiri,Frankfurt,Bundesliga,Tunisia,CDM,['CM'],81,46
Milan Škriniar,Fenerbahçe,Trendyol Süper Lig,Slovakia,CB,,81,30
Dominic Solanke,Spurs,Premier League,England,ST,,81,16
David Soria,Getafe CF,LALIGA EA SPORTS,Spain,GK,,81,59
Raheem Sterling,Arsenal,Premier League,England,LM,"['RM', 'LW']",81,4
Dominik Szoboszlai,Liverpool,Premier League,Hungary,CAM,['CM'],81,6
Youri Tielemans,Aston Villa,Premier League,Belgium,CM,"['CDM', 'CAM']",81,17
Manuel Ugarte,Man Utd,Premier League,Uruguay,CDM,['CM'],81,15
Deniz Undav,VfB Stuttgart,Bundesliga,Germany,ST,['CAM'],81,60
Álvaro Valles,UD Las Palmas,LALIGA EA SPORTS,Spain,GK,,81,61
Lucas Vázquez,Real Madrid,LALIGA EA SPORTS,Spain,RB,,81,1
Joey Veerman,PSV,Eredivisie,Holland,CM,"['CDM', 'CAM']",81,50
Vivian,Athletic Club,LALIGA EA SPORTS,Spain,CB,,81,19
Callum Wilson,Newcastle Utd,Premier League,England,ST,,81,21
Lamine Yamal,FC Barcelona,LALIGA EA SPORTS,Spain,RW,"['LW', 'RM']",81,8
Wilfried Zaha,OL,Ligue 1 McDonald's,Côte d'Ivoire,LM,['LW'],81,43
Piotr Zielinski,Inter,Serie A Enilive,Poland,CM,['CDM'],81,7
Zubimendi,Real Sociedad,LALIGA EA SPORTS,Spain,CDM,['CM'],81,28
Ali Al Musrati,Beþiktaþ,Trendyol Süper Lig,Libya,CDM,['CM'],76,31
Toby Alderweireld,Royal Antwerp FC,1A Pro League,Belgium,CB,,80,62
Joachim Andersen,Fulham,Premier League,Denmark,CB,,80,44
Benjamin André,LOSC Lille,Ligue 1 McDonald's,France,CDM,['CM'],80,49
Maximilian Arnold,VfL Wolfsburg,Bundesliga,Germany,CDM,['CM'],80,63
Fredrik Aursnes,SL Benfica,Liga Portugal,Norway,RB,"['LB', 'LM']",80,29
Simon Banza,SC Braga,Liga Portugal,Congo DR,ST,,80,48
Bradley Barcola,Paris SG,Ligue 1 McDonald's,France,LW,"['RW', 'LM']",80,5
Harvey Barnes,Newcastle Utd,Premier League,England,LW,['LM'],80,21
Christoph Baumgartner,RB Leipzig,Bundesliga,Austria,CAM,['ST'],80,23
Walter Benítez,PSV,Eredivisie,Argentina,GK,,80,50
Gonçalo Inácio,Sporting CP,Liga Portugal,Portugal,CB,"['LB', 'CDM']",80,26
Yves Bissouma,Spurs,Premier League,Mali,CDM,['CM'],80,16
Daley Blind,Girona FC,LALIGA EA SPORTS,Holland,CB,"['LB', 'CDM']",80,36
Yan Couto,Borussia Dortmund,Bundesliga,Brazil,RM,"['RB', 'RW']",80,11
Alessandro Buongiorno,SSC Napoli,Serie A Enilive,Italy,CB,,80,20
Davide Calabria,AC Milan,Serie A Enilive,Italy,RB,,80,14
Lucas Chevalier,LOSC Lille,Ligue 1 McDonald's,France,GK,,80,49
Samuel Chukwueze,AC Milan,Serie A Enilive,Nigeria,RW,['RM'],80,14
Jonathan Clauss,OGC Nice,Ligue 1 McDonald's,France,RB,['RM'],80,64
Kevin Danso,RC Lens,Ligue 1 McDonald's,Austria,CB,,80,45
Evanilson,AFC Bournemouth,Premier League,Brazil,ST,,80,65
De Marcos,Athletic Club,LALIGA EA SPORTS,Spain,RB,,80,19
Michele Di Gregorio,Juventus,Serie A Enilive,Italy,GK,,80,18
Eric Dier,AS Monaco,Ligue 1 McDonald's,England,CB,,80,53
Jérémy Doku,Manchester City,Premier League,Belgium,LW,"['RW', 'LM']",80,2
Éderson,Atalanta,Serie A Enilive,Brazil,CM,['CAM'],80,40
Wataru Endo,Liverpool,Premier League,Japan,CDM,['CM'],80,6
Pervis Estupiñán,Brighton,Premier League,Ecuador,LB,,80,55
Wladimiro Falcone,Lecce,Serie A Enilive,Italy,GK,,80,66
João Félix,Chelsea,Premier League,Portugal,LW,"['ST', 'LM']",80,24
Suso,Sevilla FC,LALIGA EA SPORTS,Spain,RM,"['CAM', 'CM', 'RW']",80,67
Juan Foyth,Villarreal CF,LALIGA EA SPORTS,Argentina,RB,,80,32
Javi Galán,Atlético de Madrid,LALIGA EA SPORTS,Spain,LB,,80,9
Pepelu,Valencia CF,LALIGA EA SPORTS,Spain,CM,['CDM'],80,22
Nuno Santos,Sporting CP,Liga Portugal,Portugal,LM,"['LB', 'LW']",80,26
Joe Gomez,Liverpool,Premier League,England,CB,"['RB', 'LB']",80,6
Nicolás González,Juventus,Serie A Enilive,Argentina,RW,"['RM', 'LW']",80,18
Mario Götze,Frankfurt,Bundesliga,Germany,CAM,"['CM', 'ST']",80,46
Vincenzo Grifo,SC Freiburg,Bundesliga,Italy,LM,"['CAM', 'LW']",80,42
Nemanja Gudelj,Sevilla FC,LALIGA EA SPORTS,Serbia,CB,['CDM'],80,67
Albert Gu?mundsson,Fiorentina,Serie A Enilive,Iceland,ST,,80,68
Mattéo Guendouzi,Lazio,Serie A Enilive,France,CM,['CAM'],80,34
Malo Gusto,Chelsea,Premier League,France,RB,,80,24
Miguel Gutiérrez,Girona FC,LALIGA EA SPORTS,Spain,LB,['LM'],80,36
Amadou Haidara,RB Leipzig,Bundesliga,Mali,CM,['CDM'],80,23
Jordan Henderson,Ajax,Eredivisie,England,CDM,['CM'],80,69
Morten Hjulmand,Sporting CP,Liga Portugal,Denmark,CDM,['CM'],80,26
Pierre-Emile Højbjerg,OM,Ligue 1 McDonald's,Denmark,CDM,['CM'],80,70
Thomas Lemar,Atlético de Madrid,LALIGA EA SPORTS,France,CM,['LM'],80,9
Dominik Livakovic,Fenerbahçe,Trendyol Süper Lig,Croatia,GK,,80,30
Giovani Lo Celso,Real Betis,LALIGA EA SPORTS,Argentina,CAM,['CM'],80,38
David López,Girona FC,LALIGA EA SPORTS,Spain,CB,['CDM'],80,36
Harry Maguire,Man Utd,Premier League,England,CB,,80,15
Reinildo,Atlético de Madrid,LALIGA EA SPORTS,Mozambique,LB,['CB'],80,9
Iván Martín,Girona FC,LALIGA EA SPORTS,Spain,CAM,['CM'],80,36
Nemanja Mati?,OL,Ligue 1 McDonald's,Serbia,CDM,['CM'],80,43
Bryan Mbeumo,Brentford,Premier League,Cameroon,RW,"['ST', 'RM']",80,71
Facundo Medina,RC Lens,Ligue 1 McDonald's,Argentina,CB,,80,45
Daniel Muñoz,Crystal Palace,Premier League,Colombia,RB,,80,51
Vedat Muriqi,RCD Mallorca,LALIGA EA SPORTS,Kosovo,ST,,80,41
João Rêgo,SL Benfica,Liga Portugal,Portugal,LM,"['RM', 'CM', 'LW']",77,29
Jesús Navas,Sevilla FC,LALIGA EA SPORTS,Spain,RB,['RM'],80,67
David Neres,SSC Napoli,Serie A Enilive,Brazil,LM,"['RM', 'CAM', 'LW']",80,20
Alexander Nübel,VfB Stuttgart,Bundesliga,Germany,GK,,80,60
Mario Pašali?,Atalanta,Serie A Enilive,Croatia,CM,['CAM'],80,40
Vangelis Pavlidis,SL Benfica,Liga Portugal,Greece,ST,,80,29
Matteo Politano,SSC Napoli,Serie A Enilive,Italy,RW,['RM'],80,20
Amir Rrahmani,SSC Napoli,Serie A Enilive,Kosovo,CB,,80,20
Ruiz de Galarreta,Athletic Club,LALIGA EA SPORTS,Spain,CDM,['CM'],80,19
Davinson Sánchez,Galatasaray,Trendyol Süper Lig,Colombia,CB,,80,12
Diego Carlos,Fenerbahçe,Trendyol Süper Lig,Brazil,CB,,78,30
Téji Savanier,Montpellier,Ligue 1 McDonald's,France,CAM,['CM'],80,72
William Carvalho,Real Betis,LALIGA EA SPORTS,Portugal,CDM,['CAM'],80,38
Sebastian Szymanski,Fenerbahçe,Trendyol Süper Lig,Poland,CAM,['RM'],80,30
Mehdi Taremi,Inter,Serie A Enilive,Iran,ST,,80,7
James Tarkowski,Everton,Premier League,England,CB,,80,33
Jean-Clair Todibo,West Ham,Premier League,France,CB,,80,35
Ferran Torres,FC Barcelona,LALIGA EA SPORTS,Spain,LW,"['RW', 'ST', 'LM']",80,8
Hamari Traoré,Real Sociedad,LALIGA EA SPORTS,Mali,RB,,80,28
Lars Unnerstall,FC Twente,Eredivisie,Germany,GK,,80,73
Hans Vanaken,Club Brugge,1A Pro League,Belgium,CAM,['CM'],80,74
Jordan Veretout,OL,Ligue 1 McDonald's,France,CM,['CDM'],80,43
Timo Werner,Spurs,Premier League,Germany,LM,"['ST', 'LW']",80,16
Mats Wieffer,Brighton,Premier League,Holland,CDM,['CM'],80,55
Axel Witsel,Atlético de Madrid,LALIGA EA SPORTS,Belgium,CB,,80,9
Barýþ Alper Yýlmaz,Galatasaray,Trendyol Süper Lig,Turkey,RM,"['LM', 'LB', 'RW']",80,12
Warren Zaïre-Emery,Paris SG,Ligue 1 McDonald's,France,CM,['CDM'],80,5
André-Franck Zambo Anguissa,SSC Napoli,Serie A Enilive,Cameroon,CDM,['CM'],80,20
Zubeldia,Real Sociedad,LALIGA EA SPORTS,Spain,CB,,80,28
Karim Adeyemi,Borussia Dortmund,Bundesliga,Germany,LM,"['RM', 'ST', 'LW']",79,11
Nayef Aguerd,Real Sociedad,LALIGA EA SPORTS,Morocco,CB,,79,28
Rayan Aït-Nouri,Wolves,Premier League,Algeria,LB,['LM'],79,75
Raúl Albiol,Villarreal CF,LALIGA EA SPORTS,Spain,CB,,79,32
Kepa,AFC Bournemouth,Premier League,Spain,GK,,79,65
Emil Audero,Como,Serie A Enilive,Italy,GK,,79,47
Ezequiel Ávila,Real Betis,LALIGA EA SPORTS,Argentina,ST,"['RM', 'LM']",79,38
Azpilicueta,Atlético de Madrid,LALIGA EA SPORTS,Spain,CB,['RB'],79,9
Álex Baena,Villarreal CF,LALIGA EA SPORTS,Spain,LM,"['ST', 'LW']",79,32
Alexander Bah,SL Benfica,Liga Portugal,Denmark,RB,,79,29
Johan Bakayoko,RB Leipzig,Bundesliga,Belgium,RW,['RM'],79,23
Leonardo Balerdi,OM,Ligue 1 McDonald's,Argentina,CB,,79,70
Abdülkerim Bardakcý,Galatasaray,Trendyol Süper Lig,Turkey,CB,['LB'],79,12
Yuri Berchiche,Athletic Club,LALIGA EA SPORTS,Spain,LB,,79,19
Steven Berghuis,Ajax,Eredivisie,Holland,RW,"['CAM', 'RM']",79,69
Cristiano Biraghi,Fiorentina,Serie A Enilive,Italy,LB,,79,68
Marco Bizot,Stade Brestois 29,Ligue 1 McDonald's,Holland,GK,,79,76
Sacha Boey,FC Bayern München,Bundesliga,France,RB,,79,3
Jarrad Branthwaite,Everton,Premier League,England,CB,,79,33
Brian Brobbey,Ajax,Eredivisie,Holland,ST,,79,69
Marcin Bu?ka,OGC Nice,Ligue 1 McDonald's,Poland,GK,,79,64
Matheus Cunha,Wolves,Premier League,Brazil,ST,['CAM'],79,75
Matty Cash,Aston Villa,Premier League,Poland,RB,['RM'],79,17
Valentin Castellanos,Lazio,Serie A Enilive,Argentina,ST,,79,34
Catena,CA Osasuna,LALIGA EA SPORTS,Spain,CB,,79,77
Dani Ceballos,Real Madrid,LALIGA EA SPORTS,Spain,CM,['CAM'],79,1
Ben Chilwell,Chelsea,Premier League,England,LB,,79,24
Jordy Clasie,AZ,Eredivisie,Holland,CDM,['CM'],79,78
Dante,OGC Nice,Ligue 1 McDonald's,Brazil,CB,,79,64
Charles De Ketelaere,Atalanta,Serie A Enilive,Belgium,CAM,['ST'],79,40
Marten de Roon,Atalanta,Serie A Enilive,Holland,CM,"['CDM', 'CB']",79,40
Romain Del Castillo,Stade Brestois 29,Ligue 1 McDonald's,France,RW,['RM'],79,76
Ermedin Demirovi?,VfB Stuttgart,Bundesliga,Bosnia and Herzegovina,ST,['LM'],79,60
Sergiño Dest,PSV,Eredivisie,United States,LB,['RB'],79,50
Boulaye Dia,Lazio,Serie A Enilive,Senegal,ST,,79,34
Samuel Lino,Atlético de Madrid,LALIGA EA SPORTS,Brazil,LM,"['LB', 'LW']",79,9
Lucas Digne,Aston Villa,Premier League,France,LB,,79,17
Stole Dimitrievski,Valencia CF,LALIGA EA SPORTS,North Macedonia,GK,,79,22
Axel Disasi,Chelsea,Premier League,France,CB,['RB'],79,24
Alexander Djiku,Fenerbahçe,Trendyol Süper Lig,Ghana,CB,,76,30
Cheick Doucouré,Crystal Palace,Premier League,Mali,CDM,['CM'],79,51
Lewis Dunk,Brighton,Premier League,England,CB,,79,55
Hugo Duro,Valencia CF,LALIGA EA SPORTS,Spain,ST,,79,22
Marcus Edwards,Sporting CP,Liga Portugal,England,RW,"['LW', 'ST', 'RM']",79,26
Stephan El Shaarawy,AS Roma,Serie A Enilive,Italy,LM,"['LW', 'CAM']",79,13
Eljif Elmas,RB Leipzig,Bundesliga,North Macedonia,CAM,"['CM', 'LW']",79,23
Aritz Elustondo,Real Sociedad,LALIGA EA SPORTS,Spain,RB,['CB'],79,28
Lewis Ferguson,Bologna,Serie A Enilive,Scotland,CM,['CAM'],79,52
Mark Flekken,Leverkusen,Bundesliga,Holland,GK,,79,10
Chris Führich,VfB Stuttgart,Bundesliga,Germany,LM,"['LW', 'CAM']",79,60
Álvaro García,Rayo Vallecano,LALIGA EA SPORTS,Spain,LM,"['CAM', 'LW']",79,56
Alejandro Garnacho,Man Utd,Premier League,Argentina,LM,"['RM', 'LW']",79,15
Lutsharel Geertruida,RB Leipzig,Bundesliga,Holland,CB,['RB'],79,23
Morgan Gibbs-White,Nott'm Forest,Premier League,England,CAM,['RM'],79,79
Santiago Giménez,Feyenoord,Eredivisie,Mexico,ST,,79,54
Moi Gómez,CA Osasuna,LALIGA EA SPORTS,Spain,CM,"['LM', 'RM']",79,77
João Neves,Paris SG,Ligue 1 McDonald's,Portugal,CM,['CDM'],79,5
Robin Gosens,Fiorentina,Serie A Enilive,Germany,LB,['LM'],79,68
Mason Greenwood,OM,Ligue 1 McDonald's,England,RM,"['ST', 'LM', 'RW']",79,70
Guruzeta,Athletic Club,LALIGA EA SPORTS,Spain,ST,,79,19
Sébastien Haller,CD Leganés,LALIGA EA SPORTS,Côte d'Ivoire,ST,,79,80
Dean Henderson,Crystal Palace,Premier League,England,GK,,79,51
Franck Honorat,M'gladbach,Bundesliga,France,RM,['RW'],79,81
Hiroki Ito,FC Bayern München,Bundesliga,Japan,CB,['LB'],79,3
Nicolas Jackson,Chelsea,Premier League,Senegal,ST,,79,24
Curtis Jones,Liverpool,Premier League,England,CM,['CAM'],79,6
Luka Jovi?,AC Milan,Serie A Enilive,Serbia,ST,,79,14
Ýrfan Can Kahveci,Fenerbahçe,Trendyol Süper Lig,Turkey,RW,"['CAM', 'CM', 'RM']",79,30
Lukas Klostermann,RB Leipzig,Bundesliga,Germany,CB,['RB'],79,23
Robin Koch,Frankfurt,Bundesliga,Germany,CB,,79,46
Sead Kolašinac,Atalanta,Serie A Enilive,Bosnia and Herzegovina,CB,['LB'],79,40
Geoffrey Kondogbia,OM,Ligue 1 McDonald's,Central African Republic,CM,['CDM'],79,70
Noa Lang,PSV,Eredivisie,Holland,LW,"['CAM', 'LM']",79,50
Manuel Lazzari,Lazio,Serie A Enilive,Italy,RB,,79,34
Lee Kang In,Paris SG,Ligue 1 McDonald's,Korea Republic,CAM,"['CM', 'RW']",79,5
Pierre Lees-Melou,Stade Brestois 29,Ligue 1 McDonald's,France,CDM,['CM'],79,76
Mario Lemina,Galatasaray,Trendyol Süper Lig,Gabon,CDM,['CM'],79,12
Jefferson Lerma,Crystal Palace,Premier League,Colombia,CDM,"['CM', 'CB']",79,51
Philipp Lienhart,SC Freiburg,Bundesliga,Austria,CB,,79,42
Matheus,SC Braga,Liga Portugal,Brazil,GK,,79,48
Pedro Neto,Chelsea,Premier League,Portugal,RW,"['LW', 'ST', 'RM']",79,24
Anthony Lopes,OL,Ligue 1 McDonald's,Portugal,GK,,79,43
Pau López,Girona FC,LALIGA EA SPORTS,Spain,GK,,79,36
Castello Lukeba,RB Leipzig,Bundesliga,France,CB,,79,23
Dodi Lukébakio,Sevilla FC,LALIGA EA SPORTS,Belgium,RW,"['ST', 'LW', 'RM']",79,67
Robert Sánchez,Chelsea,Premier League,Spain,GK,,79,24
Ian Maatsen,Aston Villa,Premier League,Holland,LB,,79,17
Pablo Maffeo,RCD Mallorca,LALIGA EA SPORTS,Argentina,RB,['LB'],79,41
José Sá,Wolves,Premier League,Portugal,GK,,79,75
Omar Marmoush,Frankfurt,Bundesliga,Egypt,ST,['LW'],79,46
Arnau Martínez,Girona FC,LALIGA EA SPORTS,Spain,RB,['CB'],79,36
Adam Maruši?,Lazio,Serie A Enilive,Montenegro,LB,['RB'],79,34
Jean-Philippe Mateta,Crystal Palace,Premier League,France,ST,,79,51
Borja Mayoral,Getafe CF,LALIGA EA SPORTS,Spain,ST,,79,59
Chancel Mbemba,OM,Ligue 1 McDonald's,Congo DR,CB,,79,70
Nikola Milenkovi?,Nott'm Forest,Premier League,Serbia,CB,,79,79
Takumi Minamino,AS Monaco,Ligue 1 McDonald's,Japan,CAM,"['RM', 'LM']",79,53
Tyrone Mings,Aston Villa,Premier League,England,CB,,79,17
Maximilian Mittelstädt,VfB Stuttgart,Bundesliga,Germany,LB,['LM'],79,60
Álex Moreno,Nott'm Forest,Premier League,Spain,LB,,79,79
Hidemasa Morita,Sporting CP,Liga Portugal,Japan,CM,['CDM'],79,26
Florentino,SL Benfica,Liga Portugal,Portugal,CDM,['CM'],79,29
Juan Musso,Atlético de Madrid,LALIGA EA SPORTS,Argentina,GK,,79,9
Galeno,FC Porto,Liga Portugal,Brazil,LM,['LW'],79,27
Matt O'Riley,Brighton,Premier League,Denmark,CM,"['CAM', 'CDM']",79,55
Jonas Omlin,M'gladbach,Bundesliga,Switzerland,GK,,79,81
Ayoze Pérez,Villarreal CF,LALIGA EA SPORTS,Spain,LM,"['RM', 'CAM', 'LW']",79,32
Mattia Perin,Juventus,Serie A Enilive,Italy,GK,,79,18
Matteo Pessina,Monza,Serie A Enilive,Italy,CM,"['CDM', 'CAM']",79,82
?or?e Petrovi?,Strasbourg,Ligue 1 McDonald's,Serbia,GK,,79,83
Ethan Pinnock,Brentford,Premier League,Jamaica,CB,,79,71
Yeremy Pino,Villarreal CF,LALIGA EA SPORTS,Spain,LM,"['LW', 'RM']",79,32
Gonçalo Ramos,Paris SG,Ligue 1 McDonald's,Portugal,ST,,79,5
Antonee Robinson,Fulham,Premier League,United States,LB,,79,44
Oriol Romeu,Girona FC,LALIGA EA SPORTS,Spain,CDM,['CM'],79,36
Valentin Rongier,OM,Ligue 1 McDonald's,France,CDM,['CM'],79,70
Frederik Rønnow,Union Berlin,Bundesliga,Denmark,GK,,79,84
Gerónimo Rulli,OM,Ligue 1 McDonald's,Argentina,GK,,79,70
Julian Ryerson,Borussia Dortmund,Bundesliga,Norway,RB,['LB'],79,11
Pape Matar Sarr,Spurs,Premier League,Senegal,CDM,['CM'],79,16
Gianluca Scamacca,Atalanta,Serie A Enilive,Italy,ST,,79,40
Perr Schuurs,Torino,Serie A Enilive,Holland,CB,,79,37
Benjamin Šeško,Man Utd,Premier League,Slovenia,ST,,79,15
Mário Rui,SSC Napoli,Serie A Enilive,Portugal,LB,,79,20
Wilfried Singo,AS Monaco,Ligue 1 McDonald's,Côte d'Ivoire,CB,['RB'],79,53
?ukasz Skorupski,Bologna,Serie A Enilive,Poland,GK,,79,52
Tomáš Sou?ek,West Ham,Premier League,Czech Republic,CDM,['CM'],79,35
Leonardo Spinazzola,SSC Napoli,Serie A Enilive,Italy,LM,"['LB', 'LW']",79,20
António Silva,SL Benfica,Liga Portugal,Portugal,CB,,79,29
Pietro Terracciano,Fiorentina,Serie A Enilive,Italy,GK,,79,68
Martin Terrier,Leverkusen,Bundesliga,France,ST,['LM'],79,10
Kieran Tierney,Arsenal,Premier League,Scotland,LB,,79,4
Jurriën Timber,Arsenal,Premier League,Holland,CB,,79,4
Quinten Timber,Feyenoord,Eredivisie,Holland,CM,"['CAM', 'CDM']",79,54
Rafael Tolói,Atalanta,Serie A Enilive,Italy,CB,,79,40
Edin Višca,Trabzonspor,Trendyol Süper Lig,Bosnia and Herzegovina,RM,['RW'],79,58
Nikola Vlaši?,Torino,Serie A Enilive,Croatia,CAM,"['RW', 'LW']",79,37
Aaron Wan-Bissaka,West Ham,Premier League,England,RB,,79,35
James Ward-Prowse,Nott'm Forest,Premier League,England,CM,"['CDM', 'CAM']",79,79
Julian Weigl,M'gladbach,Bundesliga,Germany,CDM,['CM'],79,81
Yoane Wissa,Brentford,Premier League,Congo DR,LW,"['ST', 'LM']",79,71
Denis Zakaria,AS Monaco,Ligue 1 McDonald's,Switzerland,CDM,['CM'],79,53
Davide Zappacosta,Atalanta,Serie A Enilive,Italy,LB,"['LM', 'RM']",79,40
Edon Zhegrova,LOSC Lille,Ligue 1 McDonald's,Kosovo,RM,['RW'],79,49
Oleksandr Zinchenko,Arsenal,Premier League,Ukraine,LB,,79,4
Joshua Zirkzee,Man Utd,Premier League,Holland,ST,,79,15
Carlos Augusto,Inter,Serie A Enilive,Brazil,LM,"['LB', 'LW']",79,7
Saud Abdulhamid,AS Roma,Serie A Enilive,Saudi Arabia,RB,,78,13
Tammy Abraham,Beþiktaþ,Trendyol Süper Lig,England,ST,,81,31
Tosin Adarabioyo,Chelsea,Premier League,England,CB,,78,24
Amine Adli,Leverkusen,Bundesliga,Morocco,ST,"['LM', 'CAM']",78,10
Joseph Aidoo,RC Celta,LALIGA EA SPORTS,Ghana,CB,,78,25
Miguel Almirón,Newcastle Utd,Premier League,Paraguay,RW,['RM'],78,21
Nadiem Amiri,1. FSV Mainz 05,Bundesliga,Germany,CM,['CAM'],78,85
Sofyan Amrabat,Fenerbahçe,Trendyol Süper Lig,Morocco,CDM,['CM'],78,30
Michail Antonio,West Ham,Premier League,Jamaica,ST,,78,35
Mauro Arambarri,Getafe CF,LALIGA EA SPORTS,Uruguay,CDM,['CM'],78,59
Benoît Badiashile,Chelsea,Premier League,France,CB,,78,24
Antonín Barák,Fiorentina,Serie A Enilive,Czech Republic,CM,['CAM'],78,68
Ricardo Pereira,Leicester City,Premier League,Portugal,RB,,78,87
Melvin Bard,OGC Nice,Ligue 1 McDonald's,France,LB,['LM'],78,64
Ross Barkley,Aston Villa,Premier League,England,CM,['CAM'],78,17
Marc Bartra,Real Betis,LALIGA EA SPORTS,Spain,CB,,78,38
Maximilian Beier,Borussia Dortmund,Bundesliga,Germany,ST,['LW'],78,11
Andrea Belotti,Como,Serie A Enilive,Italy,ST,,78,47
Fran Beltrán,RC Celta,LALIGA EA SPORTS,Spain,CDM,['CM'],78,25
Saïd Benrahma,OL,Ligue 1 McDonald's,Algeria,LW,['LM'],78,43
Ramy Bensebaini,Borussia Dortmund,Bundesliga,Algeria,LB,['CB'],78,11
Nabil Bentaleb,LOSC Lille,Ligue 1 McDonald's,Algeria,CDM,['CM'],78,49
Mergim Berisha,TSG Hoffenheim,Bundesliga,Germany,ST,,78,39
Jan-Niklas Beste,SL Benfica,Liga Portugal,Germany,LM,"['RM', 'LB', 'LW']",78,29
Olivier Boscagli,PSV,Eredivisie,France,CB,,78,50
Lilian Brassier,OM,Ligue 1 McDonald's,France,CB,,78,70
Ante Budimir,CA Osasuna,LALIGA EA SPORTS,Croatia,ST,,78,77
Emiliano Buendía,Aston Villa,Premier League,Argentina,RM,"['CAM', 'RW']",78,17
Dan Burn,Newcastle Utd,Premier League,England,CB,['LB'],78,21
Nélson Semedo,Fenerbahçe,Trendyol Süper Lig,Portugal,RB,,78,30
Riccardo Calafiori,Arsenal,Premier League,Italy,CB,['LB'],78,4
Maxence Caqueret,OL,Ligue 1 McDonald's,France,CM,['CDM'],78,43
Trevoh Chalobah,Crystal Palace,Premier League,England,CB,['RB'],78,51
Andrea Colpani,Fiorentina,Serie A Enilive,Italy,CAM,['RM'],78,68
Murillo,Nott'm Forest,Premier League,Brazil,CB,,78,79
Vladimír Coufal,West Ham,Premier League,Czech Republic,RB,,78,35
Kerem Demirbay,Eyüpspor,Trendyol Süper Lig,Germany,CM,"['CDM', 'CAM']",74,138
Kiernan Dewsbury-Hall,Chelsea,Premier League,England,CM,"['CAM', 'CDM']",78,24
Ousmane Diomande,Sporting CP,Liga Portugal,Côte d'Ivoire,CB,,78,26
Berat Djimsiti,Atalanta,Serie A Enilive,Albania,CB,,78,40
Marko Dmitrovi?,CD Leganés,LALIGA EA SPORTS,Serbia,GK,,78,80
Ritsu Doan,SC Freiburg,Bundesliga,Japan,RM,"['CAM', 'ST', 'RW']",78,42
Danilho Doekhi,Union Berlin,Bundesliga,Holland,CB,,78,84
Harvey Elliott,Liverpool,Premier League,England,CAM,"['CM', 'RW']",78,6
Christian Eriksen,Man Utd,Premier League,Denmark,CM,['CDM'],78,15
Alfonso Espino,Rayo Vallecano,LALIGA EA SPORTS,Uruguay,LB,,78,56
Lucas Perri,OL,Ligue 1 McDonald's,Brazil,GK,,78,43
Francisco Conceição,Juventus,Serie A Enilive,Portugal,RM,['RW'],78,18
Wesley Fofana,Chelsea,Premier League,France,CB,,78,24
Przemys?aw Frankowski,Galatasaray,Trendyol Süper Lig,Poland,RB,"['LB', 'RM']",75,12
Eric García,FC Barcelona,LALIGA EA SPORTS,Spain,CB,"['CDM', 'RB']",78,8
Rubén García,CA Osasuna,LALIGA EA SPORTS,Spain,RM,"['LM', 'RW']",78,77
Fran García,Real Madrid,LALIGA EA SPORTS,Spain,LB,,78,1
Federico Gatti,Juventus,Serie A Enilive,Italy,CB,,78,18
João Gomes,Wolves,Premier League,Brazil,CDM,['CM'],78,75
Campaña,UD Las Palmas,LALIGA EA SPORTS,Spain,CM,['LM'],78,61
Ismaily,LOSC Lille,Ligue 1 McDonald's,Brazil,LB,,78,49
Amine Gouiri,Stade Rennais FC,Ligue 1 McDonald's,Algeria,LM,"['ST', 'LW']",78,88
Jonathan Gradit,RC Lens,Ligue 1 McDonald's,France,CB,,78,45
Ryan Gravenberch,Liverpool,Premier League,Holland,CM,['CDM'],78,6
Michael Gregoritsch,SC Freiburg,Bundesliga,Austria,ST,,78,42
Guaita,RC Celta,LALIGA EA SPORTS,Spain,GK,,78,25
Arda Güler,Real Madrid,LALIGA EA SPORTS,Turkey,CAM,['RM'],81,1
Christian Günter,SC Freiburg,Bundesliga,Germany,LB,['LM'],78,42
Ander Herrera,Athletic Club,LALIGA EA SPORTS,Spain,CM,['CDM'],78,19
Sergio Herrera,CA Osasuna,LALIGA EA SPORTS,Spain,GK,,78,77
Isak Hien,Atalanta,Serie A Enilive,Sweden,CB,,78,40
Andreas Pereira,Fulham,Premier League,Brazil,CAM,['CM'],78,44
Rasmus Højlund,Man Utd,Premier League,Denmark,ST,,78,15
Hwang Hee Chan,Wolves,Premier League,Korea Republic,ST,"['LW', 'RW']",78,75
Borja Iglesias,RC Celta,LALIGA EA SPORTS,Spain,ST,,78,25
Junya Ito,Stade de Reims,Ligue 1 McDonald's,Japan,RM,"['RW', 'ST']",78,89
Juanmi,Real Betis,LALIGA EA SPORTS,Spain,LM,"['ST', 'CAM', 'LW']",78,38
Brennan Johnson,Spurs,Premier League,Wales,RM,"['ST', 'RW']",78,16
Sam Johnstone,Wolves,Premier League,England,GK,,78,75
Joan Jordán,D. Alavés,LALIGA EA SPORTS,Spain,CM,['CDM'],78,90
Pierre Kalulu,Juventus,Serie A Enilive,France,CB,['RB'],78,18
Kevin Kampl,RB Leipzig,Bundesliga,Slovenia,CM,['CDM'],78,23
Rick Karsdorp,PSV,Eredivisie,Holland,RB,['RM'],78,50
Moise Kean,Fiorentina,Serie A Enilive,Italy,ST,,78,68
Gaëtan Laborde,OGC Nice,Ligue 1 McDonald's,France,RW,"['ST', 'RM']",78,64
Victor Lindelöf,Man Utd,Premier League,Sweden,CB,['LB'],78,15
Tino Livramento,Newcastle Utd,Premier League,England,RB,['LB'],78,21
Hirving Lozano,PSV,Eredivisie,Mexico,RW,"['LW', 'RM']",78,50
Matheus Nunes,Manchester City,Premier League,Portugal,CM,['LM'],78,2
Noni Madueke,Chelsea,Premier League,England,RM,['RW'],78,24
Joakim Mæhle,VfL Wolfsburg,Bundesliga,Denmark,RB,"['LB', 'RM']",78,63
Lovro Majer,VfL Wolfsburg,Bundesliga,Croatia,CM,['CAM'],78,63
Steve Mandanda,Stade Rennais FC,Ligue 1 McDonald's,France,GK,,78,88
Solly March,Brighton,Premier League,England,RM,"['LM', 'RW']",78,55
Konstantinos Mavropanos,West Ham,Premier League,Greece,CB,,78,35
Weston McKennie,Juventus,Serie A Enilive,United States,CM,['CDM'],78,18
Scott McTominay,SSC Napoli,Serie A Enilive,Scotland,CDM,['CM'],78,20
Ben Mee,Brentford,Premier League,England,CB,,78,71
Arthur Cabral,SL Benfica,Liga Portugal,Brazil,ST,,78,29
Simon Mignolet,Club Brugge,1A Pro League,Belgium,GK,,78,74
Moncayola,CA Osasuna,LALIGA EA SPORTS,Spain,CM,"['CDM', 'RB']",78,77
Mason Mount,Man Utd,Premier League,England,CM,['CAM'],78,15
Neto,Arsenal,Premier League,Brazil,GK,,78,4
Rodrigo Becão,Fenerbahçe,Trendyol Süper Lig,Brazil,CB,,75,30
Marcão,Sevilla FC,LALIGA EA SPORTS,Brazil,CB,,78,67
Wilfred Ndidi,Beþiktaþ,Trendyol Süper Lig,Nigeria,CDM,['CM'],80,31
Victor Nelsson,Galatasaray,Trendyol Süper Lig,Denmark,CB,,75,12
Saúl,Sevilla FC,LALIGA EA SPORTS,Spain,CM,['LM'],78,67
M'Bala Nzola,RC Lens,Ligue 1 McDonald's,Angola,ST,,78,45
Noah Okafor,AC Milan,Serie A Enilive,Switzerland,ST,"['LW', 'CAM']",78,14
Caio Henrique,AS Monaco,Ligue 1 McDonald's,Brazil,LB,['LM'],78,53
Amadou Onana,Aston Villa,Premier League,Belgium,CDM,['CM'],78,17
Alex Oxlade-Chamberlain,Beþiktaþ,Trendyol Süper Lig,England,CM,['CAM'],75,31
Willian Pacho,Paris SG,Ligue 1 McDonald's,Ecuador,CB,,78,5
Emerson,West Ham,Premier League,Italy,LB,,78,35
Leandro Paredes,AS Roma,Serie A Enilive,Argentina,CM,['CDM'],78,13
Pedraza,Villarreal CF,LALIGA EA SPORTS,Spain,LB,,78,32
Nicolas Pépé,Villarreal CF,LALIGA EA SPORTS,Côte d'Ivoire,RM,"['RW', 'ST']",78,32
Stefan Posch,Bologna,Serie A Enilive,Austria,RB,,78,52
Jacob Ramsey,Aston Villa,Premier League,England,LM,"['CM', 'RM', 'LW']",78,17
Giacomo Raspadori,SSC Napoli,Serie A Enilive,Italy,CAM,"['ST', 'LW']",78,20
Matheus Reis,Sporting CP,Liga Portugal,Brazil,CB,"['LB', 'LM']",78,26
Thierry Correia,Valencia CF,LALIGA EA SPORTS,Portugal,RB,['RM'],78,22
Guillaume Restes,Toulouse FC,Ligue 1 McDonald's,France,GK,,78,91
Diego Rico,Getafe CF,LALIGA EA SPORTS,Spain,LB,,78,59
Riquelme,Atlético de Madrid,LALIGA EA SPORTS,Spain,LM,"['LB', 'LW']",78,9
Marc Roca,Real Betis,LALIGA EA SPORTS,Spain,CDM,['CM'],78,38
Kirian,UD Las Palmas,LALIGA EA SPORTS,Spain,CM,"['CDM', 'CAM']",78,61
Nicolò Rovella,Lazio,Serie A Enilive,Italy,CM,['CDM'],78,34
Mathew Ryan,AS Roma,Serie A Enilive,Australia,GK,,78,13
Alexis Saelemaekers,AS Roma,Serie A Enilive,Belgium,LM,"['RM', 'RW', 'LW']",78,13
Giorgio Scalvini,Atalanta,Serie A Enilive,Italy,CB,,78,40
Marcos Senesi,AFC Bournemouth,Premier League,Argentina,CB,,78,65
Andreas Skov Olsen,Club Brugge,1A Pro League,Denmark,RM,"['CAM', 'RW']",78,74
Carlos Soler,West Ham,Premier League,Spain,CM,['CAM'],78,35
Djibril Sow,Sevilla FC,LALIGA EA SPORTS,Switzerland,CM,['CDM'],78,67
Çaðlar Söyüncü,Fenerbahçe,Trendyol Süper Lig,Turkey,CB,,78,30
Angelo Stiller,VfB Stuttgart,Bundesliga,Germany,CDM,['CM'],78,60
Nicolás Tagliafico,OL,Ligue 1 McDonald's,Argentina,LB,,78,43
Teddy Teuma,Stade de Reims,Ligue 1 McDonald's,Malta,CM,['CAM'],78,89
Jordan Teze,AS Monaco,Ligue 1 McDonald's,Holland,RB,['CB'],78,53
Malick Thiaw,AC Milan,Serie A Enilive,Germany,CB,,78,14
Khéphren Thuram,Juventus,Serie A Enilive,France,CM,['CDM'],78,18
Takehiro Tomiyasu,Arsenal,Premier League,Japan,RB,['LB'],78,4
Gernot Trauner,Feyenoord,Eredivisie,Austria,CB,,78,54
Trincão,Sporting CP,Liga Portugal,Portugal,RW,"['CAM', 'LW', 'RM']",78,26
Anatoliy Trubin,SL Benfica,Liga Portugal,Ukraine,GK,,78,29
Enes Ünal,AFC Bournemouth,Premier League,Turkey,ST,,78,65
Alan Varela,FC Porto,Liga Portugal,Argentina,CDM,['CM'],78,27
Matías Vecino,Lazio,Serie A Enilive,Uruguay,CM,['CDM'],78,34
Jan Vertonghen,RSC Anderlecht,1A Pro League,Belgium,CB,,78,92
Adam Wharton,Crystal Palace,Premier League,England,CDM,['CM'],78,51
Jonas Wind,VfL Wolfsburg,Bundesliga,Denmark,ST,['CAM'],78,63
Leny Yoro,Man Utd,Premier League,France,CB,,78,15
Nicolò Zaniolo,Galatasaray,Trendyol Süper Lig,Italy,RM,"['RW', 'ST']",78,12
Tyler Adams,AFC Bournemouth,Premier League,United States,CDM,['CM'],77,65
Yacine Adli,Fiorentina,Serie A Enilive,France,CDM,"['CM', 'CAM']",77,68
Emmanuel Agbadou,Stade de Reims,Ligue 1 McDonald's,Côte d'Ivoire,CB,,77,89
Agirrezabala,Athletic Club,LALIGA EA SPORTS,Spain,GK,,77,19
Ruben Aguilar,RC Lens,Ligue 1 McDonald's,France,RB,['RM'],77,45
Kerem Aktürkoðlu,SL Benfica,Liga Portugal,Turkey,LM,"['CAM', 'LW']",77,29
Omar Alderete,Getafe CF,LALIGA EA SPORTS,Paraguay,CB,,77,59
Gabriel Paulista,Beþiktaþ,Trendyol Süper Lig,Brazil,CB,,77,31
Loïc Badé,Sevilla FC,LALIGA EA SPORTS,France,CB,,77,67
Ridle Baku,VfL Wolfsburg,Bundesliga,Germany,RB,['RM'],77,63
Iván Balliu,Rayo Vallecano,LALIGA EA SPORTS,Albania,RB,,77,56
Folarin Balogun,AS Monaco,Ligue 1 McDonald's,United States,ST,,77,53
Jonathan Bamba,RC Celta,LALIGA EA SPORTS,Côte d'Ivoire,LM,"['CM', 'LW']",77,25
Igor Paixão,Feyenoord,Eredivisie,Brazil,LW,"['RW', 'CAM', 'LM']",77,54
Michy Batshuayi,Frankfurt,Bundesliga,Belgium,ST,,77,46
Sam Beukema,Bologna,Serie A Enilive,Holland,CB,,77,52
Justin Bijlow,Feyenoord,Eredivisie,Holland,GK,,77,54
Philip Billing,AFC Bournemouth,Premier League,Denmark,CM,"['CAM', 'CDM']",77,65
Yann Aurel Bisseck,Inter,Serie A Enilive,Germany,CB,,77,7
Ludovic Blas,Stade Rennais FC,Ligue 1 McDonald's,France,RM,"['RW', 'CAM']",77,88
Jérémie Boga,OGC Nice,Ligue 1 McDonald's,Côte d'Ivoire,LW,"['ST', 'LM']",77,64
Willy Boly,Nott'm Forest,Premier League,Côte d'Ivoire,CB,,77,79
Santiago Bueno,Wolves,Premier League,Uruguay,CB,,77,75
Jean Butez,Royal Antwerp FC,1A Pro League,France,GK,,77,62
Uðurcan Çakýr,Trabzonspor,Trendyol Süper Lig,Turkey,GK,,82,58
Dominic Calvert-Lewin,Everton,Premier League,England,ST,,77,33
Andrea Cambiaso,Juventus,Serie A Enilive,Italy,RB,"['LB', 'RM']",77,18
Gianluca Caprari,Monza,Serie A Enilive,Italy,CAM,['ST'],77,82
Tiago Santos,LOSC Lille,Ligue 1 McDonald's,Portugal,RB,,77,49
Nicolò Casale,Bologna,Serie A Enilive,Italy,CB,,77,52
Timothy Castagne,Fulham,Premier League,Belgium,RB,,77,44
Gaetano Castrovilli,Lazio,Serie A Enilive,Italy,CM,,77,34
Danilo Cataldi,Fiorentina,Serie A Enilive,Italy,CDM,['CM'],77,68
Julian Chabot,VfB Stuttgart,Bundesliga,Germany,CB,,77,60
Farès Chaïbi,Frankfurt,Bundesliga,Algeria,CAM,"['LW', 'ST']",77,46
Brendan Chardonnet,Stade Brestois 29,Ligue 1 McDonald's,France,CB,,77,76
Jasper Cillessen,UD Las Palmas,LALIGA EA SPORTS,Holland,GK,,77,61
Patrick Ciurria,Monza,Serie A Enilive,Italy,RM,"['LM', 'CAM', 'RW']",77,82
Levi Colwill,Chelsea,Premier League,England,CB,['LB'],77,24
Lewis Cook,AFC Bournemouth,Premier League,England,CDM,['CM'],77,65
Dodô,Fiorentina,Serie A Enilive,Brazil,RB,,77,68
Thijs Dallinga,Bologna,Serie A Enilive,Holland,ST,,77,52
Arnaut Danjuma,Girona FC,LALIGA EA SPORTS,Holland,ST,['LM'],77,36
Craig Dawson,Wolves,Premier League,England,CB,,77,75
De Frutos,Rayo Vallecano,LALIGA EA SPORTS,Spain,RM,"['LM', 'RW']",77,56
Vanderson,AS Monaco,Ligue 1 McDonald's,Brazil,RB,['RM'],77,53
Raúl De Tomás,Rayo Vallecano,LALIGA EA SPORTS,Spain,ST,,77,56
Bafodé Diakité,LOSC Lille,Ligue 1 McDonald's,France,CB,['RB'],77,49
Álvaro Djaló,Athletic Club,LALIGA EA SPORTS,Spain,RM,"['LM', 'CAM', 'RW']",77,19
Issa Diop,Fulham,Premier League,France,CB,,77,44
Yehvann Diouf,Stade de Reims,Ligue 1 McDonald's,France,GK,,77,89
Dakonam Djené,Getafe CF,LALIGA EA SPORTS,Togo,CB,"['CM', 'CDM']",77,59
Nicolás Domínguez,Nott'm Forest,Premier League,Argentina,CDM,['CM'],77,79
Igor,Brighton,Premier League,Brazil,CB,,77,55
Anders Dreyer,RSC Anderlecht,1A Pro League,Denmark,RW,['RM'],77,92
Marvin Ducksch,SV Werder Bremen,Bundesliga,Germany,ST,,77,93
Breel Embolo,AS Monaco,Ligue 1 McDonald's,Switzerland,ST,,77,53
Angeliño,AS Roma,Serie A Enilive,Spain,LB,['LM'],77,13
?ukasz Fabia?ski,West Ham,Premier League,Poland,GK,,77,35
Romain Faivre,Stade Brestois 29,Ligue 1 McDonald's,France,RM,"['CAM', 'RW']",77,76
Ansu Fati,FC Barcelona,LALIGA EA SPORTS,Spain,CAM,"['LM', 'ST']",77,8
Aitor,CA Osasuna,LALIGA EA SPORTS,Spain,GK,,77,77
Jota Silva,Nott'm Forest,Premier League,Portugal,RM,"['ST', 'LM', 'RW']",77,79
Fábio Vieira,FC Porto,Liga Portugal,Portugal,CAM,['CM'],77,27
Patric,Lazio,Serie A Enilive,Spain,CB,,77,34
Matteo Gabbia,AC Milan,Serie A Enilive,Italy,CB,,77,14
Gonçalo Guedes,Wolves,Premier League,Portugal,ST,"['LW', 'LM']",77,75
Samuel Gigot,Lazio,Serie A Enilive,France,CB,,77,34
Angel Gomes,LOSC Lille,Ligue 1 McDonald's,England,CAM,"['CM', 'CDM']",77,49
Beto,Everton,Premier League,Portugal,ST,,77,33
Nico González,FC Porto,Liga Portugal,Spain,CDM,['CM'],77,27
Mert Günok,Beþiktaþ,Trendyol Süper Lig,Turkey,GK,,77,31
Quilindschy Hartman,Feyenoord,Eredivisie,Holland,LM,"['LB', 'LW']",77,54
Hans Hateboer,Stade Rennais FC,Ligue 1 McDonald's,Holland,RB,['RM'],77,88
Thorgan Hazard,RSC Anderlecht,1A Pro League,Belgium,LW,['LM'],77,92
Rico Henry,Brentford,Premier League,England,LB,,77,71
Bryan Heynen,KRC Genk,1A Pro League,Belgium,CM,['CDM'],77,94
Callum Hudson-Odoi,Nott'm Forest,Premier League,England,LM,['LW'],77,79
Jonathan Ikoné,Fiorentina,Serie A Enilive,France,RW,['RM'],77,68
Ivan Ili?,Torino,Serie A Enilive,Serbia,CM,['CDM'],77,37
Alex Iwobi,Fulham,Premier League,Nigeria,RM,"['LM', 'CM', 'RW']",77,44
Vincent Janssen,Royal Antwerp FC,1A Pro League,Holland,ST,['CAM'],77,62
Mathias Jensen,Brentford,Premier League,Denmark,CM,['CDM'],77,71
Filip Jörgensen,Chelsea,Premier League,Denmark,GK,,77,24
João Pedro,Brighton,Premier League,Brazil,ST,"['CAM', 'LM']",77,55
Saša Kalajd?i?,Wolves,Premier League,Austria,ST,,77,75
Arnaud Kalimuendo,Stade Rennais FC,Ligue 1 McDonald's,France,ST,,77,88
Caoimhin Kelleher,Liverpool,Premier League,Republic of Ireland,GK,,77,6
Milos Kerkez,AFC Bournemouth,Premier League,Hungary,LB,,77,65
Maximilian Kilman,West Ham,Premier League,England,CB,,77,35
Tim Kleindienst,M'gladbach,Bundesliga,Germany,ST,,77,81
Justin Kluivert,AFC Bournemouth,Premier League,Holland,CAM,['LM'],77,65
Ladislav Krej?í,Girona FC,LALIGA EA SPORTS,Czech Republic,CB,"['CDM', 'CM']",77,36
Enzo Le Fée,AS Roma,Serie A Enilive,France,CM,['CAM'],77,13
Benjamin Lecomte,Montpellier,Ligue 1 McDonald's,France,GK,,77,72
Florian Lejeune,Rayo Vallecano,LALIGA EA SPORTS,France,CB,,77,56
Lekue,Athletic Club,LALIGA EA SPORTS,Spain,RB,['LB'],77,19
Diego Llorente,Real Betis,LALIGA EA SPORTS,Spain,CB,,77,38
Bradley Locko,Stade Brestois 29,Ligue 1 McDonald's,France,LB,,77,76
Lucas Beraldo,Paris SG,Ligue 1 McDonald's,Brazil,CB,['LB'],77,5
Jhon Lucumí,Bologna,Serie A Enilive,Colombia,CB,,77,52
Sebastiano Luperto,Cagliari,Serie A Enilive,Italy,CB,,77,95
André Horta,SC Braga,Liga Portugal,Portugal,CM,['CDM'],77,48
Renato Sanches,SL Benfica,Liga Portugal,Portugal,CM,['CDM'],77,29
Darwin Machís,R. Valladolid CF,LALIGA EA SPORTS,Venezuela,LM,"['RM', 'LW']",77,96
Kobbie Mainoo,Man Utd,Premier League,England,CDM,['CM'],77,15
Rados?aw Majecki,AS Monaco,Ligue 1 McDonald's,Poland,GK,,77,53
Ruslan Malinovskyi,Genoa,Serie A Enilive,Ukraine,CM,['CAM'],77,97
Rolando Mandragora,Fiorentina,Serie A Enilive,Italy,CDM,['CM'],77,68
Guillermo Maripán,Torino,Serie A Enilive,Chile,CB,,77,37
Lucas Martínez Quarta,Fiorentina,Serie A Enilive,Argentina,CB,,77,68
Antony,Man Utd,Premier League,Brazil,RM,['RW'],77,15
Dwight McNeil,Everton,Premier League,England,LM,['LW'],77,33
Georges Mikautadze,OL,Ligue 1 McDonald's,Georgia,ST,,77,43
Vanja Milinkovi?-Savi?,Torino,Serie A Enilive,Serbia,GK,,77,37
Luis Milla,Getafe CF,LALIGA EA SPORTS,Spain,CM,['CDM'],77,59
Enzo Millot,VfB Stuttgart,Bundesliga,France,CAM,['CM'],77,60
Rafa Mir,Valencia CF,LALIGA EA SPORTS,Spain,ST,,77,22
Tyrick Mitchell,Crystal Palace,Premier League,England,LB,,77,51
Terem Moffi,OGC Nice,Ligue 1 McDonald's,Nigeria,ST,['RW'],77,64
Johan Mojica,RCD Mallorca,LALIGA EA SPORTS,Colombia,LB,['LM'],77,41
Moleiro,UD Las Palmas,LALIGA EA SPORTS,Spain,LM,"['CM', 'CAM', 'LW']",77,61
Lorenzo Montipò,Hellas Verona,Serie A Enilive,Italy,GK,,77,98
Endrick,Real Madrid,LALIGA EA SPORTS,Brazil,ST,['RW'],80,1
Mosquera,Valencia CF,LALIGA EA SPORTS,Spain,CB,,77,22
Youssoufa Moukoko,OGC Nice,Ligue 1 McDonald's,Germany,ST,,77,64
João Moutinho,SC Braga,Liga Portugal,Portugal,CM,"['CAM', 'CDM']",77,48
Mykhailo Mudryk,Chelsea,Premier League,Ukraine,LM,['LW'],77,24
Vitaliy Mykolenko,Everton,Premier League,Ukraine,LB,,77,33
Wendell,FC Porto,Liga Portugal,Brazil,LB,,77,27
Evan Ndicka,AS Roma,Serie A Enilive,Côte d'Ivoire,CB,,77,13
João Mário,Juventus,Serie A Enilive,Portugal,RB,,77,27
Felix Nmecha,Borussia Dortmund,Bundesliga,Germany,CM,"['LM', 'CDM']",77,11
Lukas Nmecha,VfL Wolfsburg,Bundesliga,Germany,ST,,77,63
Christian Nørgaard,Brentford,Premier League,Denmark,CDM,['CM'],77,71
Unai Núñez,Athletic Club,LALIGA EA SPORTS,Spain,CB,,77,19
Mathías Olivera,SSC Napoli,Serie A Enilive,Uruguay,LB,,77,20
Aitor Paredes,Athletic Club,LALIGA EA SPORTS,Spain,CB,,77,19
Kalvin Phillips,Ipswich,Premier League,England,CDM,['CM'],77,99
Alassane Plea,M'gladbach,Bundesliga,France,ST,"['CAM', 'LM']",77,81
Puado,RCD Espanyol,LALIGA EA SPORTS,Spain,LM,"['ST', 'RM', 'LW']",77,100
Arthur,Juventus,Serie A Enilive,Brazil,CDM,['CM'],77,18
Reguilón,Spurs,Premier League,Spain,LB,,77,16
André Almeida,Valencia CF,LALIGA EA SPORTS,Portugal,CM,['CAM'],77,22
Samuele Ricci,Torino,Serie A Enilive,Italy,CDM,['CM'],77,37
Ricardo Rodríguez,Real Betis,LALIGA EA SPORTS,Switzerland,CB,"['LM', 'LB']",77,38
Youssouf Sabaly,Real Betis,LALIGA EA SPORTS,Senegal,RB,['LB'],77,38
Umar Sadiq,Real Sociedad,LALIGA EA SPORTS,Nigeria,ST,,77,28
Matvey Safonov,Paris SG,Ligue 1 McDonald's,Russia,GK,,77,5
Roland Sallai,Galatasaray,Trendyol Süper Lig,Hungary,RM,"['ST', 'CAM', 'RW']",77,12
Antonio Sanabria,Torino,Serie A Enilive,Paraguay,ST,,77,37
Ibrahim Sangaré,Nott'm Forest,Premier League,Côte d'Ivoire,CDM,['CM'],77,79
Baptiste Santamaria,Stade Rennais FC,Ligue 1 McDonald's,France,CDM,['CM'],77,88
Daniel Bragança,Sporting CP,Liga Portugal,Portugal,CM,"['CDM', 'CAM']",77,26
Pablo Sarabia,Wolves,Premier League,Spain,CAM,['RW'],77,75
Nicolas Seiwald,RB Leipzig,Bundesliga,Austria,CDM,['CM'],77,23
Matz Sels,Nott'm Forest,Premier League,Belgium,GK,,77,79
Suat Serdar,Hellas Verona,Serie A Enilive,Germany,CM,['CDM'],77,98
Giovanni Simeone,SSC Napoli,Serie A Enilive,Argentina,ST,,77,20
Luis Sinisterra,AFC Bournemouth,Premier League,Colombia,LM,"['RM', 'LW']",77,65
Oliver Skipp,Leicester City,Premier League,England,CDM,['CM'],77,87
Emile Smith Rowe,Fulham,Premier League,England,LM,"['CAM', 'LW']",77,44
Florian Sotoca,RC Lens,Ligue 1 McDonald's,France,ST,,77,45
Matías Soulé,AS Roma,Serie A Enilive,Argentina,RM,"['RW', 'CAM']",77,13
Marco Sportiello,AC Milan,Serie A Enilive,Italy,GK,,77,14
Jeremiah St. Juste,Sporting CP,Liga Portugal,Holland,CB,['RB'],77,26
Anton Stach,TSG Hoffenheim,Bundesliga,Germany,CM,"['CDM', 'CAM']",77,39
Josip Staniši?,FC Bayern München,Bundesliga,Croatia,RB,['CB'],77,3
Calvin Stengs,Feyenoord,Eredivisie,Holland,CAM,['RW'],77,54
Kevin Stöger,M'gladbach,Bundesliga,Austria,CAM,['CM'],77,81
Yukinari Sugawara,Southampton,Premier League,Japan,RB,,77,57
Josip Šutalo,Ajax,Eredivisie,Croatia,CB,,77,69
Mattias Svanberg,VfL Wolfsburg,Bundesliga,Sweden,CM,['CDM'],77,63
Mathys Tel,Spurs,Premier League,France,ST,"['LM', 'RM']",77,16
Arthur Theate,Frankfurt,Bundesliga,Belgium,CB,,77,46
Malik Tillman,Leverkusen,Bundesliga,United States,CAM,"['LW', 'CM']",77,10
Lucas Torró,CA Osasuna,LALIGA EA SPORTS,Spain,CDM,['CM'],77,77
Óscar Trejo,Rayo Vallecano,LALIGA EA SPORTS,Argentina,CAM,['ST'],77,56
Adrien Truffert,Stade Rennais FC,Ligue 1 McDonald's,France,LB,['LM'],77,88
Konstantinos Tsimikas,Liverpool,Premier League,Greece,LB,,77,6
Bruma,SC Braga,Liga Portugal,Portugal,LM,"['CAM', 'RW', 'LW']",77,48
Martin Valjent,RCD Mallorca,LALIGA EA SPORTS,Slovakia,CB,,77,41
Sepp van den Berg,Brentford,Premier League,Holland,CB,,77,71
Jamie Vardy,Leicester City,Premier League,England,ST,,77,87
Vesga,Athletic Club,LALIGA EA SPORTS,Spain,CM,['CDM'],77,19
Elye Wahi,OM,Ligue 1 McDonald's,France,ST,,77,70
Wout Weghorst,Ajax,Eredivisie,Holland,ST,,77,69
Mitchell Weiser,SV Werder Bremen,Bundesliga,Germany,RB,['RM'],77,93
Joe Willock,Newcastle Utd,Premier League,England,CM,['CAM'],77,21
Patrick Wimmer,VfL Wolfsburg,Bundesliga,Austria,RM,"['ST', 'RW']",77,63
Ýsmail Yüksek,Fenerbahçe,Trendyol Süper Lig,Turkey,CDM,['CM'],75,30
Illia Zabarnyi,AFC Bournemouth,Premier League,Ukraine,CB,,77,65
Dan-Axel Zagadou,VfB Stuttgart,Bundesliga,France,CB,,77,60
Nicola Zalewski,AS Roma,Serie A Enilive,Poland,LM,"['LB', 'RM', 'LW']",77,13
Simon Adingra,Brighton,Premier League,Côte d'Ivoire,RM,"['LM', 'RW']",76,55
Michel Aebischer,Bologna,Serie A Enilive,Switzerland,CM,"['CDM', 'RM']",76,52
Kristoffer Ajer,Brentford,Premier League,Norway,CB,['RB'],76,71
Maghnes Akliouche,AS Monaco,Ligue 1 McDonald's,France,RM,"['CAM', 'RW']",76,53
Chuba Akpom,Ajax,Eredivisie,England,ST,['CAM'],76,69
Stephen Eustáquio,FC Porto,Liga Portugal,Canada,CDM,['CM'],76,27
Taiwo Awoniyi,Nott'm Forest,Premier League,Nigeria,ST,,76,79
Hernani,Parma,Serie A Enilive,Brazil,CDM,['CM'],76,101
Eric Bailly,Villarreal CF,LALIGA EA SPORTS,Côte d'Ivoire,CB,,76,32
Tommaso Baldanzi,AS Roma,Serie A Enilive,Italy,CAM,['ST'],76,13
Enis Bardhi,Konyaspor,Trendyol Süper Lig,North Macedonia,CAM,"['CM', 'LM']",76,108
Leandro Barreiro Martins,SL Benfica,Liga Portugal,Luxembourg,CM,['CDM'],76,29
Pablo Barrios,Atlético de Madrid,LALIGA EA SPORTS,Spain,CM,['CDM'],76,9
Federico Baschirotto,Lecce,Serie A Enilive,Italy,CB,,76,66
Calvin Bassey,Fulham,Premier League,Nigeria,CB,,76,44
Augusto Batalla,Rayo Vallecano,LALIGA EA SPORTS,Argentina,GK,,76,56
Altay Bayýndýr,Man Utd,Premier League,Turkey,GK,,76,15
Ihlas Bebou,TSG Hoffenheim,Bundesliga,Togo,ST,"['RM', 'RW']",76,39
Sheraldo Becker,Real Sociedad,LALIGA EA SPORTS,Suriname,ST,['RM'],76,28
Raoul Bellanova,Atalanta,Serie A Enilive,Italy,RB,['RM'],76,40
Héctor Bellerín,Real Betis,LALIGA EA SPORTS,Spain,RB,,76,38
Sander Berge,Fulham,Premier League,Norway,CM,['CDM'],76,44
Hicham Boudaoui,OGC Nice,Ligue 1 McDonald's,Algeria,CM,['CDM'],76,64
Josip Brekalo,Fiorentina,Serie A Enilive,Croatia,CAM,"['LW', 'RW']",76,68
Christian Burgess,R. Union St.-G.,1A Pro League,England,CB,,76,102
Jonathan Burkardt,1. FSV Mainz 05,Bundesliga,Germany,ST,,76,85
Rémy Cabella,LOSC Lille,Ligue 1 McDonald's,France,CAM,['LM'],76,49
Mahdi Camara,Stade Brestois 29,Ligue 1 McDonald's,France,CM,['CAM'],76,76
Franco Cervi,RC Celta,LALIGA EA SPORTS,Argentina,LM,"['RM', 'LW']",76,25
Pedro Chirivella,FC Nantes,Ligue 1 McDonald's,Spain,CDM,['CM'],76,103
Ryan Christie,AFC Bournemouth,Premier League,Scotland,CM,['CDM'],76,65
Geny Catamo,Sporting CP,Liga Portugal,Mozambique,RM,"['RB', 'RW']",76,26
Mahmoud Dahoud,Frankfurt,Bundesliga,Germany,CM,['CDM'],76,46
Ben Davies,Spurs,Premier League,Wales,CB,['LB'],76,16
Leif Davis,Ipswich,Premier League,England,LB,,76,99
Maxim De Cuyper,Club Brugge,1A Pro League,Belgium,LB,['RB'],76,74
Mattia De Sciglio,Empoli,Serie A Enilive,Italy,RB,['LB'],76,105
Johnny Cardoso,Real Betis,LALIGA EA SPORTS,United States,CDM,['CM'],76,38
Alexsandro,LOSC Lille,Ligue 1 McDonald's,Brazil,CB,,76,49
Zeno Debast,Sporting CP,Liga Portugal,Belgium,CB,,76,26
Kévin Denkey,Cercle Brugge,1A Pro League,Togo,ST,,76,106
Mouctar Diakhaby,Valencia CF,LALIGA EA SPORTS,Guinea,CB,,76,22
Junior Dina Ebimbe,Frankfurt,Bundesliga,France,RM,"['CM', 'RB', 'RW']",76,46
Eren Dinkçi,SC Freiburg,Bundesliga,Germany,RM,['RW'],76,42
Sofiane Diop,OGC Nice,Ligue 1 McDonald's,Morocco,LW,"['CAM', 'LM']",76,64
Kasper Dolberg,RSC Anderlecht,1A Pro League,Denmark,ST,,76,92
Désiré Doué,Paris SG,Ligue 1 McDonald's,France,LM,"['CM', 'LW']",76,5
Martin Dúbravka,Newcastle Utd,Premier League,Slovakia,GK,,76,21
Chidera Ejuke,Sevilla FC,LALIGA EA SPORTS,Nigeria,LM,"['RM', 'LW']",76,67
Hugo Ekitike,Frankfurt,Bundesliga,France,ST,,76,46
Bilal El Khannouss,Leicester City,Premier League,Morocco,CAM,['CM'],76,87
Anthony Elanga,Nott'm Forest,Premier League,Sweden,RM,"['LM', 'RW']",76,79
Nico Elvedi,M'gladbach,Bundesliga,Switzerland,CB,,76,81
Tiago Djaló,Juventus,Serie A Enilive,Portugal,CB,,76,18
Wout Faes,Leicester City,Premier League,Belgium,CB,,76,87
Nicolò Fagioli,Juventus,Serie A Enilive,Italy,CDM,['CM'],76,18
Abdul Fatawu,Leicester City,Premier League,Ghana,RW,['RM'],76,87
Valery,RCD Mallorca,LALIGA EA SPORTS,Spain,LM,"['RM', 'LB', 'LW']",76,41
Jordan Ferri,Montpellier,Ligue 1 McDonald's,France,CDM,['CM'],76,72
Alessandro Florenzi,AC Milan,Serie A Enilive,Italy,RB,['LB'],76,14
Michael Folorunsho,SSC Napoli,Serie A Enilive,Italy,CAM,['CM'],76,20
Pablo Fornals,Real Betis,LALIGA EA SPORTS,Spain,LM,"['CAM', 'RM', 'LW']",76,38
Morten Frendrup,Genoa,Serie A Enilive,Denmark,CM,['CDM'],76,97
Joan García,RCD Espanyol,LALIGA EA SPORTS,Spain,GK,,76,100
Yannick Gerhardt,VfL Wolfsburg,Bundesliga,Germany,CM,"['LM', 'CDM']",76,63
Bryan Gil,Girona FC,LALIGA EA SPORTS,Spain,LM,"['RM', 'LW']",76,36
Mario Gila,Lazio,Serie A Enilive,Spain,CB,,76,34
Adrià Pedrosa,Sevilla FC,LALIGA EA SPORTS,Spain,LB,,76,67
Pierluigi Gollini,Genoa,Serie A Enilive,Italy,GK,,76,97
Toti,Wolves,Premier League,Portugal,CB,['LB'],76,75
Gabriel Sara,Galatasaray,Trendyol Süper Lig,Brazil,CM,"['CAM', 'RM']",80,12
Gorosabel,Athletic Club,LALIGA EA SPORTS,Spain,RB,,76,19
Jeffrey Gouweleeuw,FC Augsburg,Bundesliga,Holland,CB,,76,107
Idrissa Gueye,Everton,Premier League,Senegal,CDM,['CM'],76,33
Robin Hack,M'gladbach,Bundesliga,Germany,LM,"['ST', 'LW']",76,81
Andreas Hanche-Olsen,1. FSV Mainz 05,Bundesliga,Norway,CB,,76,85
Amine Harit,OM,Ligue 1 McDonald's,Morocco,CM,['CAM'],76,70
Jack Harrison,Everton,Premier League,England,RM,"['CAM', 'RW']",76,33
Guilherme Sityá,Konyaspor,Trendyol Süper Lig,Brazil,LB,['LM'],76,108
Mads Hermansen,Leicester City,Premier League,Denmark,GK,,76,87
Aridane,Rayo Vallecano,LALIGA EA SPORTS,Spain,CB,,76,56
Aaron Hickey,Brentford,Premier League,Scotland,RB,['LB'],76,71
Adam Hlo?ek,TSG Hoffenheim,Bundesliga,Czech Republic,ST,['CAM'],76,39
Gustav Isaksen,Lazio,Serie A Enilive,Denmark,RW,"['LW', 'ST', 'RM']",76,34
Ko Itakura,M'gladbach,Bundesliga,Japan,CB,['CDM'],76,81
Luka Ivanušec,Feyenoord,Eredivisie,Croatia,LW,"['CAM', 'LM']",76,54
Mauro Júnior,PSV,Eredivisie,Brazil,LB,"['CM', 'RB']",76,50
Vitaly Janelt,Brentford,Premier League,Germany,CM,"['CDM', 'LB']",76,71
Adnan Januzaj,UD Las Palmas,LALIGA EA SPORTS,Belgium,RW,"['LW', 'RM']",76,61
Josip Juranovi?,Union Berlin,Bundesliga,Croatia,RB,['LB'],76,84
Ozan Kabak,TSG Hoffenheim,Bundesliga,Turkey,CB,,76,39
Pavel Kade?ábek,TSG Hoffenheim,Bundesliga,Czech Republic,RB,['RM'],76,39
Jesper Karlsson,Bologna,Serie A Enilive,Sweden,LW,['LM'],76,52
Thilo Kehrer,AS Monaco,Ligue 1 McDonald's,Germany,CB,['RB'],76,53
Jakub Kiwior,Arsenal,Premier League,Poland,LB,['CB'],76,4
Ansgar Knauff,Frankfurt,Bundesliga,Germany,RM,"['LM', 'CAM', 'RW']",76,46
Kouadio Manu Koné,AS Roma,Serie A Enilive,France,CM,['CDM'],76,13
Christian Kouamé,Fiorentina,Serie A Enilive,Côte d'Ivoire,ST,"['LW', 'RW']",76,68
Rasmus Kristensen,Frankfurt,Bundesliga,Denmark,RB,['CB'],76,46
Maxence Lacroix,Crystal Palace,Premier League,France,CB,,76,51
Alban Lafont,FC Nantes,Ligue 1 McDonald's,France,GK,,76,103
Kenny Lala,Stade Brestois 29,Ligue 1 McDonald's,France,RB,,76,76
Lee Jae Sung,1. FSV Mainz 05,Bundesliga,Korea Republic,CAM,['CM'],76,85
Emerson Royal,AC Milan,Serie A Enilive,Brazil,RB,['CB'],76,14
Clément Lenglet,Atlético de Madrid,LALIGA EA SPORTS,France,CB,,76,9
Rico Lewis,Manchester City,Premier League,England,RB,['CDM'],76,2
Sean Longstaff,Newcastle Utd,Premier League,England,CM,['CDM'],76,21
Fermín,FC Barcelona,LALIGA EA SPORTS,Spain,CM,"['LW', 'CAM']",76,8
Diego López,Valencia CF,LALIGA EA SPORTS,Spain,LM,"['RM', 'CAM', 'LW']",76,22
Deiver Machado,RC Lens,Ligue 1 McDonald's,Colombia,LB,['LM'],76,45
Tiago Silva,Vitória SC,Liga Portugal,Portugal,CM,['CAM'],76,109
Arne Maier,FC Augsburg,Bundesliga,Germany,CM,"['RM', 'CDM']",76,107
Patrick Mainka,Heidenheim,Bundesliga,Germany,CB,,76,110
Tyrell Malacia,Man Utd,Premier League,Holland,LB,,76,15
,,Trendyol Süper Lig,,,,,
Aïssa Mandi,LOSC Lille,Ligue 1 McDonald's,Algeria,CB,['RB'],76,49
Orel Mangala,Everton,Premier League,Belgium,CM,['CDM'],76,33
Marcano,FC Porto,Liga Portugal,Spain,CB,,76,27
Mika Mármol,UD Las Palmas,LALIGA EA SPORTS,Spain,CB,,76,61
Óscar Valentín,Rayo Vallecano,LALIGA EA SPORTS,Spain,CDM,['CM'],76,56
Clinton Mata,OL,Ligue 1 McDonald's,Angola,RB,['CB'],76,43
Azor Matusiwa,Stade Rennais FC,Ligue 1 McDonald's,Holland,CDM,['CM'],76,88
Stephy Mavididi,Leicester City,Premier League,England,LW,['LM'],76,87
Quentin Merlin,OM,Ligue 1 McDonald's,France,LB,['LM'],76,70
Thomas Meunier,LOSC Lille,Ligue 1 McDonald's,Belgium,RB,['RM'],76,49
Yerry Mina,Cagliari,Serie A Enilive,Colombia,CB,,76,95
Miranda,Bologna,Serie A Enilive,Spain,LB,,76,52
Gonzalo Montiel,Sevilla FC,LALIGA EA SPORTS,Argentina,RB,,76,67
Alberto Moreno,Como,Serie A Enilive,Spain,LB,,76,47
Sam Morsy,Ipswich,Premier League,Egypt,CDM,['CM'],76,99
Dany Mota,Monza,Serie A Enilive,Portugal,ST,"['CAM', 'LM']",76,82
Steve Mounié,FC Augsburg,Bundesliga,Benin,ST,,76,107
Marshall Munetsi,Stade de Reims,Ligue 1 McDonald's,Zimbabwe,CM,['CAM'],76,89
Jacob Murphy,Newcastle Utd,Premier League,England,RW,['RM'],76,21
Fran Navarro,FC Porto,Liga Portugal,Spain,ST,,76,27
Youssouf Ndayishimiye,OGC Nice,Ligue 1 McDonald's,Burundi,CDM,"['CM', 'CB']",76,64
Tanguy Ndombele,OGC Nice,Ligue 1 McDonald's,France,CM,['CDM'],76,64
Florian Neuhaus,M'gladbach,Bundesliga,Germany,CM,['CAM'],76,81
Sikou Niakaté,SC Braga,Liga Portugal,Mali,CB,['LB'],76,48
Moussa Niakhaté,OL,Ligue 1 McDonald's,Senegal,CB,,76,43
Rasmus Nicolaisen,Toulouse FC,Ligue 1 McDonald's,Denmark,CB,,76,91
Eddie Nketiah,Crystal Palace,Premier League,England,ST,,76,51
Anthony Nwakaeme,Trabzonspor,Trendyol Süper Lig,Nigeria,ST,['LW'],76,58
Ørjan Nyland,Sevilla FC,LALIGA EA SPORTS,Norway,GK,,76,67
Odriozola,Real Sociedad,LALIGA EA SPORTS,Spain,RB,,76,28
Nick Olij,Sparta Rotterdam,Eredivisie,Holland,GK,,76,112
Paul Ebere Onuachu,Trabzonspor,Trendyol Süper Lig,Nigeria,ST,,79,58
Salih Özcan,VfL Wolfsburg,Bundesliga,Turkey,CDM,['CM'],76,63
Fabiano Parisi,Fiorentina,Serie A Enilive,Italy,LB,['RB'],76,68
Strahinja Pavlovi?,AC Milan,Serie A Enilive,Serbia,CB,,76,14
Carles Pérez,Getafe CF,LALIGA EA SPORTS,Spain,RM,"['CAM', 'RW']",76,59
Portu,Girona FC,LALIGA EA SPORTS,Spain,RM,"['LM', 'RW']",76,36
Beñat Prados,Athletic Club,LALIGA EA SPORTS,Spain,CM,"['CDM', 'CB']",76,19
Grischa Prömel,TSG Hoffenheim,Bundesliga,Germany,CM,['CDM'],76,39
Eduardo Quaresma,Sporting CP,Liga Portugal,Portugal,CB,['RB'],76,26
Raíllo,RCD Mallorca,LALIGA EA SPORTS,Spain,CB,,76,41
Pepe Reina,Como,Serie A Enilive,Spain,GK,,76,47
Luiz Júnior,Villarreal CF,LALIGA EA SPORTS,Brazil,GK,,76,32
Mateo Retegui,Atalanta,Serie A Enilive,Italy,ST,,76,40
Chris Richards,Crystal Palace,Premier League,United States,CB,['CDM'],76,51
Manuel Riemann,VfL Bochum 1848,Bundesliga,Germany,GK,,76,113
Igor Thiago,Brentford,Premier League,Brazil,ST,,76,71
Morato,Nott'm Forest,Premier League,Brazil,CB,['LB'],76,79
Pedro,Lazio,Serie A Enilive,Spain,RW,"['LW', 'RM']",76,34
Dani Rodríguez,RCD Mallorca,LALIGA EA SPORTS,Spain,LM,"['RM', 'CM', 'LW']",76,41
Vitor Roque,Real Betis,LALIGA EA SPORTS,Brazil,ST,"['RW', 'LW']",76,38
Daniele Rugani,Juventus,Serie A Enilive,Italy,CB,,76,18
Aitor Ruibal,Real Betis,LALIGA EA SPORTS,Spain,RB,"['RM', 'LM']",76,38
Abel Ruiz,Girona FC,LALIGA EA SPORTS,Spain,ST,['LM'],76,36
Michal Sadílek,FC Twente,Eredivisie,Czech Republic,CDM,['CM'],76,73
Ismael Saibari,PSV,Eredivisie,Morocco,CAM,"['CM', 'RW']",76,50
Mohammed Salisu,AS Monaco,Ligue 1 McDonald's,Ghana,CB,,76,53
Philippe Sandler,N.E.C. Nijmegen,Eredivisie,Holland,CB,,76,114
Morgan Sanson,OGC Nice,Ligue 1 McDonald's,France,CM,['CAM'],76,64
Danilo,Nott'm Forest,Premier League,Brazil,CDM,['CM'],76,79
Ismaïla Sarr,Crystal Palace,Premier League,Senegal,RW,"['RM', 'LM']",76,51
Antoine Semenyo,AFC Bournemouth,Premier League,Ghana,RM,"['LM', 'RW']",76,65
Tuta,Frankfurt,Bundesliga,Brazil,CB,,76,46
Moses Simon,FC Nantes,Ligue 1 McDonald's,Nigeria,LM,"['LW', 'ST']",76,103
Riccardo Sottil,Fiorentina,Serie A Enilive,Italy,LW,['LM'],76,68
Gabriel Strefezza,Como,Serie A Enilive,Brazil,RW,['RM'],76,47
Cristhian Stuani,Girona FC,LALIGA EA SPORTS,Uruguay,ST,,76,36
Alex Suárez,UD Las Palmas,LALIGA EA SPORTS,Spain,CB,['RB'],76,61
Crysencio Summerville,West Ham,Premier League,Holland,LM,"['RM', 'LW']",76,35
Adrien Tameze,Torino,Serie A Enilive,France,CB,"['CDM', 'CM']",76,37
Marcus Tavernier,AFC Bournemouth,Premier League,England,LM,"['RM', 'LW']",76,65
Nathan Tella,Leverkusen,Bundesliga,Nigeria,RM,"['LM', 'CAM', 'RW']",76,10
Kenny Tete,Fulham,Premier League,Holland,RB,,76,44
Corentin Tolisso,OL,Ligue 1 McDonald's,France,CM,['CDM'],76,43
Lucas Tousart,Union Berlin,Bundesliga,France,CDM,['CM'],76,84
Bertrand Traoré,Ajax,Eredivisie,Burkina Faso,RW,['RM'],76,69
Cengiz Ünder,Fenerbahçe,Trendyol Süper Lig,Turkey,RW,['RM'],76,30
Branco van den Boomen,Ajax,Eredivisie,Holland,CM,['CDM'],76,69
Jan Paul van Hecke,Brighton,Premier League,Holland,CB,,76,55
Joël Veltman,Brighton,Premier League,Holland,RB,['CB'],76,55
Bart Verbruggen,Brighton,Premier League,Holland,GK,,76,55
Arthur Vermeeren,RB Leipzig,Bundesliga,Belgium,CDM,['CM'],76,23
Jannik Vestergaard,Leicester City,Premier League,Denmark,CB,,76,87
Kevin Volland,Union Berlin,Bundesliga,Germany,ST,['CAM'],76,84
Kyle Walker-Peters,Southampton,Premier League,England,RB,,76,57
Adam Webster,Brighton,Premier League,England,CB,,76,55
Danny Welbeck,Brighton,Premier League,England,ST,,76,55
Timon Wellenreuther,Feyenoord,Eredivisie,Germany,GK,,76,54
Neco Williams,Nott'm Forest,Premier League,Wales,RB,,76,79
Harry Winks,Leicester City,Premier League,England,CDM,['CM'],76,87
Chris Wood,Nott'm Forest,Premier League,New Zealand,ST,,76,79
Zaydou Youssouf,FC Famalicão,Liga Portugal,France,CM,['CDM'],76,115
Rodrigo Zalazar,SC Braga,Liga Portugal,Uruguay,CM,"['CAM', 'CDM']",76,48
Michael Zetterer,SV Werder Bremen,Bundesliga,Germany,GK,,76,93
Adem Zorgane,Sp. Charleroi,1A Pro League,Algeria,CM,['CDM'],76,116
Yunis Abdelhamid,AS Saint-Étienne,Ligue 1 McDonald's,Morocco,CB,,75,117
Zakaria Aboukhlal,Toulouse FC,Ligue 1 McDonald's,Morocco,RM,"['ST', 'RW']",75,91
Ché Adams,Torino,Serie A Enilive,Scotland,ST,,75,37
Ola Aina,Nott'm Forest,Premier League,Nigeria,LB,,75,79
Musa Al Tamari,Montpellier,Ligue 1 McDonald's,Jordan,RM,"['LM', 'ST', 'RW']",75,72
Juan Cruz,CA Osasuna,LALIGA EA SPORTS,Spain,LB,['CB'],75,77
Samu,Vitória SC,Liga Portugal,Portugal,CM,['CAM'],75,109
Mohamed Amoura,VfL Wolfsburg,Bundesliga,Algeria,ST,['RM'],75,63
Elliot Anderson,Nott'm Forest,Premier League,England,CM,['LW'],75,79
Cameron Archer,Southampton,Premier League,England,ST,,75,57
Copete,RCD Mallorca,LALIGA EA SPORTS,Spain,CB,,75,41
Adam Armstrong,Southampton,Premier League,England,ST,['RW'],75,57
Kristjan Asllani,Inter,Serie A Enilive,Albania,CDM,['CM'],75,7
Jordan Ayew,Leicester City,Premier League,Ghana,RW,"['RM', 'LW']",75,87
Kaan Ayhan,Galatasaray,Trendyol Süper Lig,Turkey,RB,"['CB', 'CDM']",75,12
Cédric Bakambu,Real Betis,LALIGA EA SPORTS,Congo DR,ST,,75,38
Dilane Bakwa,Strasbourg,Ligue 1 McDonald's,France,RM,['RW'],75,83
Michel Ange Balikwisha,Royal Antwerp FC,1A Pro League,Belgium,LM,"['LW', 'CM']",75,62
Kike Barja,CA Osasuna,LALIGA EA SPORTS,Spain,RM,"['LM', 'RW']",75,77
Barrenetxea,Real Sociedad,LALIGA EA SPORTS,Spain,LW,"['RW', 'LM']",75,28
Riechedly Bazoer,Konyaspor,Trendyol Süper Lig,Holland,CB,['CDM'],75,108
Jean-Ricner Bellegarde,Wolves,Premier League,France,CM,"['CDM', 'LW']",75,75
Lucas Beltrán,Fiorentina,Serie A Enilive,Argentina,ST,['CAM'],75,68
Adrián Bernabé,Parma,Serie A Enilive,Spain,CAM,"['CM', 'CDM']",75,101
Juan Bernat,Villarreal CF,LALIGA EA SPORTS,Spain,LB,,75,32
Jaka Bijol,Udinese,Serie A Enilive,Slovenia,CB,,75,118
Conor Bradley,Liverpool,Premier League,Northern Ireland,RB,,75,6
Marius Bülter,TSG Hoffenheim,Bundesliga,Germany,LM,"['ST', 'LW']",75,39
Jamie Bynoe-Gittens,Chelsea,Premier League,England,LM,['LW'],75,24
Tom Cairney,Fulham,Premier League,Scotland,CM,"['CDM', 'CAM']",75,44
Duje ?aleta-Car,OL,Ligue 1 McDonald's,Croatia,CB,,75,43
Sergi Cardona,Villarreal CF,LALIGA EA SPORTS,Spain,LB,['LM'],75,32
Vitinha,Genoa,Serie A Enilive,Portugal,ST,,75,97
Jean-Charles Castelletto,FC Nantes,Ligue 1 McDonald's,Cameroon,CB,,75,103
Alessio Castro-Montes,R. Union St.-G.,1A Pro League,Belgium,RM,"['LM', 'RB', 'RW']",75,102
Ricardo Batista,Casa Pia AC,Liga Portugal,Portugal,GK,,75,119
Zeki Çelik,AS Roma,Serie A Enilive,Turkey,RB,['RM'],75,13
Conor Chaplin,Ipswich,Premier League,England,CAM,['ST'],75,99
Rayan Cherki,OL,Ligue 1 McDonald's,France,CAM,"['LW', 'RW']",75,43
Joris Chotard,Montpellier,Ligue 1 McDonald's,France,CDM,['CM'],75,72
Jack Clarke,Ipswich,Premier League,England,LM,['LW'],75,99
Saúl Coco,Torino,Serie A Enilive,Equatorial Guinea,CB,,75,37
Nathan Collins,Brentford,Premier League,Republic of Ireland,CB,,75,71
Santi Comesaña,Villarreal CF,LALIGA EA SPORTS,Spain,CM,['CDM'],75,32
Maxwel Cornet,Southampton,Premier League,Côte d'Ivoire,LM,"['ST', 'LW']",75,57
Tomáš ?van?ara,M'gladbach,Bundesliga,Czech Republic,ST,,75,81
Danilo D'Ambrosio,Monza,Serie A Enilive,Italy,CB,['RB'],75,82
José Fonte,Casa Pia AC,Liga Portugal,Portugal,CB,,75,119
Otávio,FC Porto,Liga Portugal,Brazil,CB,,75,27
Andrew,Gil Vicente,Liga Portugal,Brazil,GK,,75,120
Bobby De Cordova-Reid,Leicester City,Premier League,Jamaica,RM,"['LM', 'RW']",75,87
Aderllan Santos,Rio Ave FC,Liga Portugal,Brazil,CB,,75,121
Enrico Delprato,Parma,Serie A Enilive,Italy,RB,['CB'],75,101
Leander Dendoncker,RSC Anderlecht,1A Pro League,Belgium,CM,"['CDM', 'CB']",75,92
Arthur Desmas,Havre AC,Ligue 1 McDonald's,France,GK,,75,122
Amad Diallo,Man Utd,Premier League,Côte d'Ivoire,RM,"['CAM', 'RW']",75,15
Krépin Diatta,AS Monaco,Ligue 1 McDonald's,Senegal,RM,['RW'],75,53
Niklas Dorsch,Heidenheim,Bundesliga,Germany,CDM,['CM'],75,110
Abdoulaye Doucouré,Everton,Premier League,Mali,CAM,['CM'],75,33
Flynn Downes,Southampton,Premier League,England,CDM,['CM'],75,57
Radu Dr?gu?in,Spurs,Premier League,Romania,CB,,75,16
Léo Duarte,Baþakþehir,Trendyol Süper Lig,Brazil,CB,['RB'],75,104
Odsonne Edouard,Leicester City,Premier League,France,ST,,75,87
Maximilian Eggestein,SC Freiburg,Bundesliga,Germany,CDM,['CM'],75,42
Neil El Aynaoui,RC Lens,Ligue 1 McDonald's,Morocco,CM,['CDM'],75,45
Embarba,Rayo Vallecano,LALIGA EA SPORTS,Spain,LM,"['RM', 'LW']",75,56
Giovanni Fabbian,Bologna,Serie A Enilive,Italy,CM,['CAM'],75,52
Marco Davide Faraoni,Hellas Verona,Serie A Enilive,Italy,RM,"['RB', 'RW']",75,98
Bernardo,VfL Bochum 1848,Bundesliga,Brazil,LB,['CB'],75,113
Marco Friedl,SV Werder Bremen,Bundesliga,Austria,CB,,75,93
Angelo Fulgini,RC Lens,Ligue 1 McDonald's,France,CAM,"['CM', 'LW']",75,45
James Garner,Everton,Premier League,England,CM,['CDM'],75,33
Yann Gboho,Toulouse FC,Ligue 1 McDonald's,France,CAM,['LM'],75,91
Billy Gilmour,SSC Napoli,Serie A Enilive,Scotland,CDM,['CM'],75,20
Ben Godfrey,Atalanta,Serie A Enilive,England,CB,"['RB', 'LB']",75,40
Víctor Gómez,SC Braga,Liga Portugal,Spain,RB,['LB'],75,48
Kamil Grabara,VfL Wolfsburg,Bundesliga,Poland,GK,,75,63
Jacob Greaves,Ipswich,Premier League,England,CB,['LB'],75,99
Albert Grønbæk,Stade Rennais FC,Ligue 1 McDonald's,Denmark,CAM,['CM'],75,88
Marko Gruji?,FC Porto,Liga Portugal,Serbia,CM,['CDM'],75,27
Marco Grüll,SV Werder Bremen,Bundesliga,Austria,LM,['LW'],75,93
Javi Guerra,Valencia CF,LALIGA EA SPORTS,Spain,CM,['CDM'],75,22
Ander Guevara,D. Alavés,LALIGA EA SPORTS,Spain,CM,['CDM'],75,90
Pape Gueye,Villarreal CF,LALIGA EA SPORTS,Senegal,CM,['CDM'],75,32
Frédéric Guilbert,Lecce,Serie A Enilive,France,RB,"['CB', 'LB']",75,66
Taylor Harwood-Bellis,Southampton,Premier League,England,CB,,75,57
Nicolas Höfler,SC Freiburg,Bundesliga,Germany,CDM,['CM'],75,42
Hong Hyeon Seok,1. FSV Mainz 05,Bundesliga,Korea Republic,CAM,['CM'],75,85
Franco Israel,Sporting CP,Liga Portugal,Uruguay,GK,,75,26
Kristijan Jaki?,FC Augsburg,Bundesliga,Croatia,CDM,"['CM', 'CB']",75,107
James Justin,Leicester City,Premier League,England,LB,['RB'],75,87
Atakan Karazor,VfB Stuttgart,Bundesliga,Germany,CDM,['CM'],75,60
Michael Keane,Everton,Premier League,England,CB,,75,33
Mandela Keita,Parma,Serie A Enilive,Belgium,CDM,['CM'],75,101
Lloyd Kelly,Juventus,Serie A Enilive,England,CB,['LB'],75,18
Rani Khedira,Union Berlin,Bundesliga,Germany,CDM,['CM'],75,84
Cédric Kipré,Stade de Reims,Ligue 1 McDonald's,Côte d'Ivoire,CB,,75,89
Philipp Köhn,AS Monaco,Ligue 1 McDonald's,Switzerland,GK,,75,53
Dominik Kohr,1. FSV Mainz 05,Bundesliga,Germany,CB,"['CDM', 'CM']",75,85
Victor Kristiansen,Leicester City,Premier League,Denmark,LB,,75,87
Nikola Krstovi?,Lecce,Serie A Enilive,Montenegro,ST,,75,66
Tariq Lamptey,Brighton,Premier League,Ghana,RB,,75,55
Cyle Larin,RCD Mallorca,LALIGA EA SPORTS,Canada,ST,,75,41
Jørgen Strand Larsen,Wolves,Premier League,Norway,ST,,75,75
Jamaal Lascelles,Newcastle Utd,Premier League,England,CB,,75,21
Romeo Lavia,Chelsea,Premier League,Belgium,CDM,['CM'],75,24
Jesper Lindstrøm,Everton,Premier League,Denmark,CAM,['RM'],75,33
Enzo Loiodice,UD Las Palmas,LALIGA EA SPORTS,France,CM,['CDM'],75,61
Jordan Lotomba,Feyenoord,Eredivisie,Switzerland,RB,['RM'],75,54
Jhonatan,Rio Ave FC,Liga Portugal,Brazil,GK,,75,121
Saša Luki?,Fulham,Premier League,Serbia,CM,['CDM'],75,44
Senne Lynen,SV Werder Bremen,Bundesliga,Belgium,CDM,['CM'],75,93
Giangiacomo Magnani,Hellas Verona,Serie A Enilive,Italy,CB,,75,98
Hugo Magnetti,Stade Brestois 29,Ligue 1 McDonald's,France,CDM,['CM'],75,76
Ainsley Maitland-Niles,OL,Ligue 1 McDonald's,England,RB,['CM'],75,43
Dennis Man,Parma,Serie A Enilive,Romania,RM,"['LM', 'RW']",75,101
Pablo Marí,Monza,Serie A Enilive,Spain,CB,,75,82
R?zvan Marin,Cagliari,Serie A Enilive,Romania,CM,['CDM'],75,95
Toni Martínez,D. Alavés,LALIGA EA SPORTS,Spain,ST,,75,90
Josep Martínez,Inter,Serie A Enilive,Spain,GK,,75,7
Omar Mascarell,RCD Mallorca,LALIGA EA SPORTS,Spain,CM,"['CDM', 'CB']",75,41
Alexandru Maxim,Gaziantep,Trendyol Süper Lig,Romania,CAM,"['CM', 'LM']",75,123
Brandon Mechele,Club Brugge,1A Pro League,Belgium,CB,,75,74
Nampalys Mendy,RC Lens,Ligue 1 McDonald's,Senegal,CDM,['CM'],75,45
Junior Messias,Genoa,Serie A Enilive,Brazil,RM,"['RW', 'CM']",75,97
Alexander Meyer,Borussia Dortmund,Bundesliga,Germany,GK,,75,11
James Milner,Brighton,Premier League,England,CM,"['RB', 'LB']",75,55
Mingueza,RC Celta,LALIGA EA SPORTS,Spain,RB,"['CB', 'RM']",75,25
Mostafa Mohamed,FC Nantes,Ligue 1 McDonald's,Egypt,ST,,75,103
Nikola Moro,Bologna,Serie A Enilive,Croatia,CDM,['CM'],75,52
Kevin Müller,Heidenheim,Bundesliga,Germany,GK,,75,110
Rodrigo Muniz,Fulham,Premier League,Brazil,ST,,75,44
Arijanet Muri?,Ipswich,Premier League,Kosovo,GK,,75,99
Yunus Musah,AC Milan,Serie A Enilive,United States,CM,"['CDM', 'RM']",75,14
Amath Ndiaye,R. Valladolid CF,LALIGA EA SPORTS,Senegal,LM,"['ST', 'RM', 'LW']",75,96
Iliman Ndiaye,Everton,Premier League,Senegal,ST,,75,33
Dan Ndoye,Bologna,Serie A Enilive,Switzerland,RM,"['LM', 'RW']",75,52
Reiss Nelson,Fulham,Premier League,England,RW,"['LW', 'RM']",75,44
Jota,Stade Rennais FC,Ligue 1 McDonald's,Portugal,LM,"['LW', 'RW']",75,88
Bart Nieuwkoop,Feyenoord,Eredivisie,Holland,RM,"['LM', 'RB', 'RW']",75,54
Tijjani Noslin,Lazio,Serie A Enilive,Holland,ST,"['RW', 'LW']",75,34
Jake O'Brien,Everton,Premier League,Republic of Ireland,CB,,75,33
Warmed Omari,OL,Ligue 1 McDonald's,France,CB,,75,43
Be?ir Omeragi?,Montpellier,Ligue 1 McDonald's,Switzerland,CB,['CDM'],75,72
Raphael Onyedika,Club Brugge,1A Pro League,Nigeria,CDM,['CM'],75,74
Jayden Oosterwolde,Fenerbahçe,Trendyol Süper Lig,Holland,LB,['CB'],78,30
Aimar Oroz,CA Osasuna,LALIGA EA SPORTS,Spain,CM,['CAM'],75,77
Luca Pellegrini,Lazio,Serie A Enilive,Italy,LB,['LM'],75,34
Rubén Peña,CA Osasuna,LALIGA EA SPORTS,Spain,RB,"['RM', 'LB']",75,77
David Costa,RC Lens,Ligue 1 McDonald's,Portugal,CAM,['LW'],75,45
Mathias Pereira Lage,Stade Brestois 29,Ligue 1 McDonald's,Portugal,LW,['LM'],75,76
Nehuén Pérez,FC Porto,Liga Portugal,Argentina,CB,,75,27
Jaden Philogene,Aston Villa,Premier League,England,LM,"['RM', 'LW']",75,17
Diogo Leite,Union Berlin,Bundesliga,Portugal,CB,,75,84
Joel Pohjanpalo,Venezia,Serie A Enilive,Finland,ST,,75,124
Marin Pongra?i?,Fiorentina,Serie A Enilive,Croatia,CB,,75,68
Jarell Quansah,Leverkusen,Bundesliga,England,CB,,75,10
Sandro,UD Las Palmas,LALIGA EA SPORTS,Spain,ST,['LM'],75,61
Milot Rashica,Beþiktaþ,Trendyol Süper Lig,Kosovo,RM,"['LM', 'RW']",75,31
Harrison Reed,Fulham,Premier League,England,CDM,['CM'],75,44
Giovanni Reyna,Borussia Dortmund,Bundesliga,United States,RM,"['CAM', 'LM', 'RW']",75,11
Luis Rioja,Valencia CF,LALIGA EA SPORTS,Spain,LM,"['RM', 'LW']",75,22
Joel Robles,Estoril Praia,Liga Portugal,Spain,GK,,75,125
Paulo Oliveira,SC Braga,Liga Portugal,Portugal,CB,,75,48
Morgan Rogers,Aston Villa,Premier League,England,LM,"['CAM', 'LW']",75,17
Merlin Röhl,SC Freiburg,Bundesliga,Germany,CM,['CAM'],75,42
Benjamín Rollheiser,SL Benfica,Liga Portugal,Argentina,CAM,['RM'],75,29
Zaid Romero,Club Brugge,1A Pro League,Argentina,CB,['LB'],75,74
Pablo Rosario,OGC Nice,Ligue 1 McDonald's,Holland,CDM,"['CM', 'CB']",75,64
Anthony Rouault,VfB Stuttgart,Bundesliga,France,CB,,75,60
Georginio Rutter,Brighton,Premier League,France,CAM,['ST'],75,55
Wesley Saïd,RC Lens,Ligue 1 McDonald's,France,ST,,75,45
Lazar Samard?i?,Atalanta,Serie A Enilive,Serbia,CM,"['CDM', 'CAM']",75,40
Albert Sambi Lokonga,Sevilla FC,LALIGA EA SPORTS,Belgium,CM,['CDM'],75,67
Zaidu Sanusi,FC Porto,Liga Portugal,Nigeria,LB,,75,27
Yusuf Sarý,Baþakþehir,Trendyol Süper Lig,Turkey,RM,['RW'],75,104
Martín Satriano,RC Lens,Ligue 1 McDonald's,Uruguay,ST,,75,45
Keven Schlotterbeck,FC Augsburg,Bundesliga,Germany,CB,,75,107
Romano Schmid,SV Werder Bremen,Bundesliga,Austria,CAM,"['CM', 'ST']",75,93
Rob Schoofs,KV Mechelen,1A Pro League,Belgium,CM,"['CDM', 'CAM']",75,127
Bruno Varela,Vitória SC,Liga Portugal,Cape Verde Islands,GK,,75,109
Vincent Sierro,Toulouse FC,Ligue 1 McDonald's,Switzerland,CM,"['CDM', 'CAM']",75,91
Douglas Augusto,FC Nantes,Ligue 1 McDonald's,Brazil,CM,['CDM'],75,103
Ramón Sosa,Nott'm Forest,Premier League,Paraguay,LM,"['RM', 'LW']",75,79
Borna Sosa,Torino,Serie A Enilive,Croatia,LB,,75,37
Boubakary Soumaré,Leicester City,Premier League,France,CDM,['CM'],75,87
Jens Stage,SV Werder Bremen,Bundesliga,Denmark,CM,['CDM'],75,93
Jason Steele,Brighton,Premier League,England,GK,,75,55
Sem Steijn,FC Twente,Eredivisie,Holland,CAM,['CM'],75,73
Denis Suárez,Villarreal CF,LALIGA EA SPORTS,Spain,CM,"['LM', 'RW']",75,32
Jonas Svensson,Beþiktaþ,Trendyol Süper Lig,Norway,RB,,75,31
Mile Svilar,AS Roma,Serie A Enilive,Serbia,GK,,75,13
Sammie Szmodics,Ipswich,Premier League,Republic of Ireland,CAM,['ST'],75,99
Terrats,Villarreal CF,LALIGA EA SPORTS,Spain,CM,['CDM'],75,32
Adrien Thomasson,RC Lens,Ligue 1 McDonald's,France,CAM,"['CM', 'RW']",75,45
Guus Til,PSV,Eredivisie,Holland,CAM,['CM'],75,50
Hamed Traorè,AJ Auxerre,Ligue 1 McDonald's,Côte d'Ivoire,CAM,"['CM', 'LW']",75,128
Adama Traoré,Fulham,Premier League,Spain,RM,['RW'],75,44
Christopher Trimmel,Union Berlin,Bundesliga,Austria,RB,['RM'],75,84
Christos Tzolis,Club Brugge,1A Pro League,Greece,LM,['LW'],75,74
Felix Uduokhai,Beþiktaþ,Trendyol Süper Lig,Germany,CB,,75,31
Aurélio Buta,Stade de Reims,Ligue 1 McDonald's,Portugal,RM,"['RB', 'RW']",75,89
Samuel Umtiti,LOSC Lille,Ligue 1 McDonald's,France,CB,,75,49
Josha Vagnoman,VfB Stuttgart,Bundesliga,Germany,RB,['RM'],75,60
Donny van de Beek,Girona FC,LALIGA EA SPORTS,Holland,CM,"['CAM', 'CDM']",75,36
Maarten Vandevoordt,RB Leipzig,Bundesliga,Belgium,GK,,75,23
Ruben Vargas,FC Augsburg,Bundesliga,Switzerland,LM,"['CAM', 'RM', 'LW']",75,107
Alejo Veliz,RCD Espanyol,LALIGA EA SPORTS,Argentina,ST,,75,100
Simone Verdi,Como,Serie A Enilive,Italy,CAM,['ST'],75,47
Nacho Vidal,CA Osasuna,LALIGA EA SPORTS,Spain,RB,,75,77
Kevin Vogt,Union Berlin,Bundesliga,Germany,CB,,75,84
Aster Vranckx,VfL Wolfsburg,Bundesliga,Belgium,CM,['CDM'],75,63
Harry Wilson,Fulham,Premier League,Wales,RM,['RW'],75,44
Ryan Yates,Nott'm Forest,Premier League,England,CDM,['CM'],75,79
Bryan Zaragoza,CA Osasuna,LALIGA EA SPORTS,Spain,RM,"['LM', 'CAM', 'RW']",75,77
Robin Zentner,1. FSV Mainz 05,Bundesliga,Germany,GK,,75,85
Ramiz Zerrouki,Feyenoord,Eredivisie,Algeria,CDM,['CM'],75,54
Akor Jerome Adams,Montpellier,Ligue 1 McDonald's,Nigeria,ST,,74,72
Ludovic Ajorque,Stade Brestois 29,Ligue 1 McDonald's,France,ST,,74,76
Akieme,Stade de Reims,Ligue 1 McDonald's,Spain,LB,,74,89
Kevin Akpoguma,TSG Hoffenheim,Bundesliga,Nigeria,CB,['RB'],74,39
Samú Costa,RCD Mallorca,LALIGA EA SPORTS,Portugal,CDM,['CM'],74,41
Vinícius,Fulham,Premier League,Brazil,ST,,74,44
Tiago Gouveia,SL Benfica,Liga Portugal,Portugal,RM,"['RW', 'LM']",74,29
Julian Araujo,AFC Bournemouth,Premier League,Mexico,RB,,74,65
Takuma Asano,RCD Mallorca,LALIGA EA SPORTS,Japan,RM,"['ST', 'RW']",74,41
Lorenz Assignon,Stade Rennais FC,Ligue 1 McDonald's,France,RB,,74,88
Ludwig Augustinsson,RSC Anderlecht,1A Pro League,Sweden,LB,['LM'],74,92
Ousseynou Ba,Baþakþehir,Trendyol Süper Lig,Senegal,CB,['LB'],74,104
Vasilios Barkas,FC Utrecht,Eredivisie,Greece,GK,,74,129
Toma Baši?,Lazio,Serie A Enilive,Croatia,CM,['CDM'],74,34
Jan Bednarek,Southampton,Premier League,Poland,CB,,74,57
Armel Bella Kotchap,Southampton,Premier League,Germany,CB,,74,57
László Bénes,Kayserispor,Trendyol Süper Lig,Slovakia,CM,['CAM'],74,149
Samuele Birindelli,Monza,Serie A Enilive,Italy,RB,['RM'],74,82
Antonio Blanco,D. Alavés,LALIGA EA SPORTS,Spain,CDM,['CM'],74,90
Rubén Blanco,OM,Ligue 1 McDonald's,Spain,GK,,74,70
Arnaud Bodart,Standard Liège,1A Pro League,Belgium,GK,,74,130
Sebastiaan Bornauw,VfL Wolfsburg,Bundesliga,Belgium,CB,,74,63
Edoardo Bove,Fiorentina,Serie A Enilive,Italy,CM,,74,68
David Brooks,AFC Bournemouth,Premier League,Wales,RM,['RW'],74,65
Tajon Buchanan,Villarreal CF,LALIGA EA SPORTS,Canada,RM,"['RB', 'RW']",74,32
Juan David Cabal,Juventus,Serie A Enilive,Colombia,LB,['CB'],74,18
Leandro Cabrera,RCD Espanyol,LALIGA EA SPORTS,Uruguay,CB,['LB'],74,100
Anthony Caci,1. FSV Mainz 05,Bundesliga,France,LB,"['RB', 'CB']",74,85
Nicolò Cambiaghi,Bologna,Serie A Enilive,Italy,LW,"['ST', 'LM']",74,52
Elia Caprile,SSC Napoli,Serie A Enilive,Italy,GK,,74,20
Dani Cárdenas,Rayo Vallecano,LALIGA EA SPORTS,Spain,GK,,74,56
Fábio Carvalho,Brentford,Premier League,Portugal,CAM,"['CM', 'ST']",74,71
Vitor Carvalho,SC Braga,Liga Portugal,Brazil,CDM,['CM'],74,48
Muhammed Cham,Trabzonspor,Trendyol Süper Lig,Austria,CAM,['RM'],77,58
Walid Cheddira,RCD Espanyol,LALIGA EA SPORTS,Morocco,ST,,74,100
Mohamed-Ali Cho,OGC Nice,Ligue 1 McDonald's,France,RW,"['ST', 'RM']",74,64
Pathé Ciss,Rayo Vallecano,LALIGA EA SPORTS,Senegal,CDM,['CM'],74,56
Nathaniel Clyne,Crystal Palace,Premier League,England,RB,['CB'],74,51
Conor Coady,Leicester City,Premier League,England,CB,,74,87
Séamus Coleman,Everton,Premier League,Republic of Ireland,RB,,74,33
Tomás Conechny,D. Alavés,LALIGA EA SPORTS,Argentina,LW,"['LM', 'ST']",74,90
Logan Costa,Villarreal CF,LALIGA EA SPORTS,Cape Verde Islands,CB,,74,32
Lassana Coulibaly,Lecce,Serie A Enilive,Mali,CDM,['CM'],74,66
Alessio Cragno,Monza,Serie A Enilive,Italy,GK,,74,82
Aaron Cresswell,West Ham,Premier League,England,LB,['CB'],74,35
Jorge Cuenca,Fulham,Premier League,Spain,CB,['LB'],74,44
Patrick Cutrone,Como,Serie A Enilive,Italy,ST,['CAM'],74,47
Lucas Da Cunha,Como,Serie A Enilive,France,LM,"['RM', 'CAM', 'LW']",74,47
Finn Dahmen,FC Augsburg,Bundesliga,Germany,GK,,74,107
Patson Daka,Leicester City,Premier League,Zambia,ST,,74,87
Flavius Daniliuc,Hellas Verona,Serie A Enilive,Austria,CB,['RB'],74,98
Mohamed Daramy,Stade de Reims,Ligue 1 McDonald's,Denmark,LM,"['ST', 'LW']",74,89
Maracás,Moreirense FC,Liga Portugal,Brazil,CB,,74,131
Natan,Real Betis,LALIGA EA SPORTS,Brazil,CB,,74,38
Dani de Wit,VfL Bochum 1848,Bundesliga,Holland,CAM,['CM'],74,113
Brecht Dejaegere,KV Kortrijk,1A Pro League,Belgium,CM,['CAM'],74,132
Stefano Denswil,Kayserispor,Trendyol Süper Lig,Suriname,CB,['LB'],74,149
Andy Diouf,RC Lens,Ligue 1 McDonald's,France,CM,['CDM'],74,45
Alberto Dossena,Como,Serie A Enilive,Italy,CB,,74,47
Tasos Douvikas,RC Celta,LALIGA EA SPORTS,Greece,ST,,74,25
Tommy Doyle,Wolves,Premier League,England,CM,['CDM'],74,75
Ondrej Duda,Hellas Verona,Serie A Enilive,Slovakia,CM,"['CDM', 'CAM']",74,98
Alfred Duncan,Venezia,Serie A Enilive,Ghana,CM,['CDM'],74,124
Maxime Dupé,OGC Nice,Ligue 1 McDonald's,France,GK,,74,64
Jhon Durán,Fenerbahçe,Trendyol Süper Lig,Colombia,ST,,80,30
Tyronne Ebuehi,Empoli,Serie A Enilive,Nigeria,RB,,74,105
Mateus Fernandes,Southampton,Premier League,Portugal,CM,"['CAM', 'LW']",74,57
Jonny Evans,Man Utd,Premier League,Northern Ireland,CB,,74,15
Edu Expósito,RCD Espanyol,LALIGA EA SPORTS,Spain,CM,"['CDM', 'CAM']",74,100
Abdessamad Ezzalzouli,Real Betis,LALIGA EA SPORTS,Morocco,LM,"['RM', 'LW']",74,38
Peque,Sevilla FC,LALIGA EA SPORTS,Spain,CAM,,74,67
Evan Ferguson,Brighton,Premier League,Republic of Ireland,ST,,74,55
Dimitri Foulquier,Valencia CF,LALIGA EA SPORTS,France,RB,,74,22
Roberto Gagliardini,Monza,Serie A Enilive,Italy,CDM,['CM'],74,82
Antonino Gallo,Lecce,Serie A Enilive,Italy,LB,,74,66
Raúl García,CA Osasuna,LALIGA EA SPORTS,Spain,ST,,74,77
Unai García,CA Osasuna,LALIGA EA SPORTS,Spain,CB,,74,77
Kike García,D. Alavés,LALIGA EA SPORTS,Spain,ST,,74,90
Dennis Geiger,TSG Hoffenheim,Bundesliga,Germany,CDM,['CM'],74,39
Andreas Gianniotis,Kasýmpaþa,Trendyol Süper Lig,Greece,GK,,74,86
Sergio Gómez,Real Sociedad,LALIGA EA SPORTS,Spain,LB,,74,28
Florian Grillitsch,TSG Hoffenheim,Bundesliga,Austria,CB,['CDM'],74,39
Brajan Gruda,Brighton,Premier League,Germany,CAM,['RW'],74,55
Gabriel Gudmundsson,LOSC Lille,Ligue 1 McDonald's,Sweden,LB,['LM'],74,49
Evann Guessand,OGC Nice,Ligue 1 McDonald's,Côte d'Ivoire,ST,,74,64
Rafik Guitane,SC Braga,Liga Portugal,Algeria,RW,['RM'],74,48
Guridi,D. Alavés,LALIGA EA SPORTS,Spain,CAM,"['CM', 'CDM']",74,90
Emmanuel Gyasi,Empoli,Serie A Enilive,Ghana,RM,"['LM', 'ST', 'RW']",74,105
Janik Haberer,Union Berlin,Bundesliga,Germany,CM,['CDM'],74,84
Amir Hadziahmetovic,Beþiktaþ,Trendyol Süper Lig,Bosnia and Herzegovina,CDM,['CM'],74,31
Massadio Haïdara,Stade Brestois 29,Ligue 1 McDonald's,Mali,CB,"['LB', 'LM']",74,76
Haris Hajradinovic,Kasýmpaþa,Trendyol Süper Lig,Bosnia and Herzegovina,CM,['CAM'],74,86
Hákon Arnar Haraldsson,LOSC Lille,Ligue 1 McDonald's,Iceland,LM,"['CAM', 'LW']",74,49
Mees Hilgers,FC Twente,Eredivisie,Indonesia,CB,,74,73
Emil Holm,Bologna,Serie A Enilive,Sweden,RM,"['RB', 'RW']",74,52
Lewis Holtby,Holstein Kiel,Bundesliga,Germany,CM,"['CDM', 'CAM']",74,134
Robin Hraná?,TSG Hoffenheim,Bundesliga,Czech Republic,CB,,74,39
Patrik Hrošovsk?,KRC Genk,1A Pro League,Slovakia,CDM,['CM'],74,94
Will Hughes,Crystal Palace,Premier League,England,CDM,['CM'],74,51
Omari Hutchinson,Ipswich,Premier League,England,RM,"['CAM', 'LM', 'RW']",74,99
Elseid Hysaj,Lazio,Serie A Enilive,Albania,LB,['RB'],74,34
Juan Iglesias,Getafe CF,LALIGA EA SPORTS,Spain,RB,['LB'],74,59
Kelechi Iheanacho,Sevilla FC,LALIGA EA SPORTS,Nigeria,ST,,74,67
Danny Ings,West Ham,Premier League,England,ST,,74,35
Jackson Irvine,FC St. Pauli,Bundesliga,Australia,CM,['CDM'],74,135
Armando Izzo,Monza,Serie A Enilive,Italy,CB,,74,82
Iván Jaime,FC Porto,Liga Portugal,Spain,LM,"['CAM', 'ST', 'LW']",74,27
Ismail Jakobs,Galatasaray,Trendyol Süper Lig,Senegal,LB,['LM'],74,12
Fredrik Jensen,FC Augsburg,Bundesliga,Finland,CAM,"['RM', 'CM']",74,107
Moritz Jenz,1. FSV Mainz 05,Bundesliga,Germany,CB,,74,85
Raúl Jiménez,Fulham,Premier League,Mexico,ST,,74,44
Jesse Joronen,Venezia,Serie A Enilive,Finland,GK,,74,124
Jutglà,Club Brugge,1A Pro League,Spain,ST,"['LM', 'LW']",74,74
Glen Kamara,Stade Rennais FC,Ligue 1 McDonald's,Finland,CDM,['CM'],74,88
Efecan Karaca,Alanyaspor,Trendyol Süper Lig,Turkey,CAM,"['RM', 'ST']",74,136
Naby Keïta,SV Werder Bremen,Bundesliga,Guinea,CM,"['CDM', 'CAM']",74,93
Konstantinos Koulierakis,VfL Wolfsburg,Bundesliga,Greece,CB,,74,63
Alex Král,RCD Espanyol,LALIGA EA SPORTS,Czech Republic,CDM,['CM'],74,100
Lukas Kübler,SC Freiburg,Bundesliga,Germany,RB,"['CB', 'LB']",74,42
Marash Kumbulla,RCD Espanyol,LALIGA EA SPORTS,Albania,CB,,74,100
Sven Kums,KAA Gent,1A Pro League,Belgium,CM,,74,137
Daler Kuzyaev,Havre AC,Ligue 1 McDonald's,Russia,CM,['CAM'],74,122
Adam Lallana,Southampton,Premier League,England,CAM,['CM'],74,57
Sam Lammers,FC Twente,Eredivisie,Holland,ST,,74,73
Loïc Lapoussin,R. Union St.-G.,1A Pro League,Madagascar,LM,['LW'],74,102
Gautier Larsonneur,AS Saint-Étienne,Ligue 1 McDonald's,France,GK,,74,117
Hugo Larsson,Frankfurt,Bundesliga,Sweden,CM,['CDM'],74,46
Toni Lato,RCD Mallorca,LALIGA EA SPORTS,Spain,LB,['LM'],74,41
Darko Lazovi?,Hellas Verona,Serie A Enilive,Serbia,LM,"['CAM', 'LW']",74,98
Jamie Leweling,VfB Stuttgart,Bundesliga,Germany,RM,"['RW', 'ST']",74,60
Karol Linetty,Torino,Serie A Enilive,Poland,CM,['CAM'],74,37
Gautier Lloris,Havre AC,Ligue 1 McDonald's,France,CB,,74,122
Unai López,Rayo Vallecano,LALIGA EA SPORTS,Spain,CDM,"['CM', 'CAM']",74,56
Anthony Losilla,VfL Bochum 1848,Bundesliga,France,CDM,['CM'],74,113
Dejan Lovren,OL,Ligue 1 McDonald's,Croatia,CB,,74,43
Kevin Mac Allister,R. Union St.-G.,1A Pro League,Argentina,CB,['RB'],74,102
Koki Machida,R. Union St.-G.,1A Pro League,Japan,CB,,74,102
Ryan Manning,Southampton,Premier League,Republic of Ireland,LB,,74,57
Neal Maupay,OM,Ligue 1 McDonald's,France,ST,,74,70
Mark McKenzie,Toulouse FC,Ligue 1 McDonald's,United States,CB,,74,91
Domingos Duarte,Getafe CF,LALIGA EA SPORTS,Portugal,CB,,74,59
Rony Lopes,Alanyaspor,Trendyol Süper Lig,Portugal,RM,"['RW', 'ST']",74,136
Sven Mijnans,AZ,Eredivisie,Holland,CM,"['CAM', 'RW']",74,78
Yankuba Minteh,Brighton,Premier League,Gambia,RM,['RW'],74,55
Bojan Miovski,Girona FC,LALIGA EA SPORTS,North Macedonia,ST,,74,36
Fabio Miretti,Genoa,Serie A Enilive,Italy,CM,['CDM'],74,97
Stefan Mitrovi?,KAA Gent,1A Pro League,Serbia,CB,,74,137
Stoichkov,D. Alavés,LALIGA EA SPORTS,Spain,LM,"['ST', 'CAM', 'LW']",74,90
Joni Montiel,Rayo Vallecano,LALIGA EA SPORTS,Spain,CAM,"['CM', 'LM']",74,56
Manu Morlanes,RCD Mallorca,LALIGA EA SPORTS,Spain,CM,['CDM'],74,41
Faris Pemi Moumbagna,OM,Ligue 1 McDonald's,Cameroon,ST,,74,70
Ernest Muçi,Beþiktaþ,Trendyol Süper Lig,Albania,CAM,['LW'],74,31
Mert Müldür,Fenerbahçe,Trendyol Süper Lig,Turkey,RB,,74,30
Marius Müller,VfL Wolfsburg,Bundesliga,Germany,GK,,74,63
Aihen Muñoz,Real Sociedad,LALIGA EA SPORTS,Spain,LB,,74,28
Javi Muñoz,UD Las Palmas,LALIGA EA SPORTS,Spain,CM,"['CAM', 'CDM']",74,61
Alex Muñoz,UD Las Palmas,LALIGA EA SPORTS,Spain,CB,['LB'],74,61
Amir Murillo,OM,Ligue 1 McDonald's,Panama,RB,,74,70
Phillipp Mwene,1. FSV Mainz 05,Bundesliga,Austria,LB,"['LM', 'RB']",74,85
Keito Nakamura,Stade de Reims,Ligue 1 McDonald's,Japan,LM,['LW'],74,89
Luca Netz,M'gladbach,Bundesliga,Germany,LB,['LM'],74,81
Arnaud Nordin,Montpellier,Ligue 1 McDonald's,France,RM,"['ST', 'RW']",74,72
Ernest Nuamah,OL,Ligue 1 McDonald's,Ghana,RW,"['ST', 'RM']",74,43
Juan Jesus,SSC Napoli,Serie A Enilive,Brazil,CB,,74,20
Dara O'Shea,Ipswich,Premier League,Republic of Ireland,CB,,74,99
Maduka Okoye,Udinese,Serie A Enilive,Nigeria,GK,,74,118
Joseph Okumu,Stade de Reims,Ligue 1 McDonald's,Kenya,CB,,74,89
Rogério,VfL Wolfsburg,Bundesliga,Brazil,LB,,74,63
Robin Olsen,Aston Villa,Premier League,Sweden,GK,,74,17
Christopher Operi,Baþakþehir,Trendyol Süper Lig,Côte d'Ivoire,LB,,74,104
Gift Orban,OL,Ligue 1 McDonald's,Nigeria,ST,,74,43
Ivan Ordets,VfL Bochum 1848,Bundesliga,Ukraine,CB,,74,113
Patrick Osterhage,SC Freiburg,Bundesliga,Germany,CDM,['CM'],74,42
Dango Ouattara,AFC Bournemouth,Premier League,Burkina Faso,LM,"['RM', 'LB', 'LW']",74,65
Romain Perraud,Real Betis,LALIGA EA SPORTS,France,LB,,74,38
Amos Pieper,SV Werder Bremen,Bundesliga,Germany,CB,,74,93
Tommaso Pobega,Bologna,Serie A Enilive,Italy,CM,['CDM'],74,52
Alexander Prass,TSG Hoffenheim,Bundesliga,Austria,CM,"['LB', 'LM']",74,39
Luca Ranieri,Fiorentina,Serie A Enilive,Italy,CB,['LB'],74,68
Rocco Reitz,M'gladbach,Bundesliga,Germany,CM,['CDM'],74,81
Elvis Rexhbeçaj,FC Augsburg,Bundesliga,Kosovo,CM,['CDM'],74,107
Fabian Rieder,VfB Stuttgart,Bundesliga,Switzerland,CAM,['CM'],74,60
Mats Rits,RSC Anderlecht,1A Pro League,Belgium,CDM,['CM'],74,92
Rochinha,FC Famalicão,Liga Portugal,Portugal,LW,['LM'],74,115
Óscar,CD Leganés,LALIGA EA SPORTS,Spain,CM,"['LM', 'RM']",74,80
Valentin Rosier,CD Leganés,LALIGA EA SPORTS,France,RB,,74,80
Jérôme Roussillon,Union Berlin,Bundesliga,France,LB,['LM'],74,84
Osame Sahraoui,LOSC Lille,Ligue 1 McDonald's,Morocco,LM,['LW'],74,49
Samu Sáiz,Eyüpspor,Trendyol Süper Lig,Spain,CAM,['LM'],74,138
Diadié Samassékou,TSG Hoffenheim,Bundesliga,Mali,CDM,['CM'],74,39
Francisco Moura,FC Porto,Liga Portugal,Portugal,LB,['LM'],74,27
Javi Sánchez,R. Valladolid CF,LALIGA EA SPORTS,Spain,CB,,74,96
Manu Sánchez,D. Alavés,LALIGA EA SPORTS,Spain,LB,['LM'],74,90
Nicola Sansone,Lecce,Serie A Enilive,Italy,CAM,['ST'],74,66
Saba Sazonov,Empoli,Serie A Enilive,Georgia,CB,,74,105
Joe Scally,M'gladbach,Bundesliga,United States,RB,['CB'],74,81
András Schäfer,Union Berlin,Bundesliga,Hungary,CM,['CDM'],74,84
Alex Scott,AFC Bournemouth,Premier League,England,CM,"['CAM', 'RM']",74,65
Alidu Seidu,Stade Rennais FC,Ligue 1 McDonald's,Ghana,CB,['RB'],74,88
Ryan Sessegnon,Fulham,Premier League,England,LB,,74,44
Abdallah Sima,Stade Brestois 29,Ligue 1 McDonald's,Senegal,LM,['LW'],74,76
David Simão,Arouca,Liga Portugal,Portugal,CM,['CDM'],74,139
Ibrahima Sissoko,VfL Bochum 1848,Bundesliga,Mali,CM,['CDM'],74,113
Sivera,D. Alavés,LALIGA EA SPORTS,Spain,GK,,74,90
Gijs Smal,Feyenoord,Eredivisie,Holland,LM,"['LB', 'LW']",74,54
Juan Soriano,CD Leganés,LALIGA EA SPORTS,Spain,GK,,74,80
Ricardo Esgaio,Sporting CP,Liga Portugal,Portugal,RB,['CB'],74,26
Carl Starfelt,RC Celta,LALIGA EA SPORTS,Sweden,CB,,74,25
Niklas Stark,SV Werder Bremen,Bundesliga,Germany,CB,,74,93
Luka Su?i?,Real Sociedad,LALIGA EA SPORTS,Croatia,CAM,['CM'],74,28
Tomáš Suslov,Hellas Verona,Serie A Enilive,Slovakia,RM,"['CAM', 'CM', 'RW']",74,98
Attila Szalai,Kasýmpaþa,Trendyol Süper Lig,Hungary,CB,['LB'],74,86
Matt Targett,Newcastle Utd,Premier League,England,LB,,74,21
Kenneth Taylor,Ajax,Eredivisie,Holland,CM,['CAM'],74,69
Nahuel Tenaglia,D. Alavés,LALIGA EA SPORTS,Argentina,RB,['CB'],74,90
Arnau Tenas,Paris SG,Ligue 1 McDonald's,Spain,GK,,74,5
Phillip Tietz,FC Augsburg,Bundesliga,Germany,ST,,74,107
Luis Henrique,Inter,Serie A Enilive,Brazil,LM,['LW'],76,7
Pablo Torre,FC Barcelona,LALIGA EA SPORTS,Spain,CAM,"['LM', 'CM']",74,8
Jordan Torunarigha,KAA Gent,1A Pro League,Nigeria,CB,,74,137
Cenk Tosun,Fenerbahçe,Trendyol Süper Lig,Turkey,ST,['LW'],74,30
Stefano Turati,Monza,Serie A Enilive,Italy,GK,,74,82
Matt Turner,Crystal Palace,Premier League,United States,GK,,74,51
Ayase Ueda,Feyenoord,Eredivisie,Japan,ST,['CAM'],74,54
Sven Ulreich,FC Bayern München,Bundesliga,Germany,GK,,74,3
Ricky van Wolfswinkel,FC Twente,Eredivisie,Holland,ST,,74,73
Nuno Tavares,Lazio,Serie A Enilive,Portugal,LB,['LM'],74,34
Johan Vásquez,Genoa,Serie A Enilive,Mexico,CB,,74,97
Yorbe Vertessen,Union Berlin,Bundesliga,Belgium,ST,"['LW', 'CAM']",74,84
Iván Villar,RC Celta,LALIGA EA SPORTS,Spain,GK,,74,25
Odysseas Vlachodimos,Newcastle Utd,Premier League,Greece,GK,,74,21
Tsuyoshi Watanabe,KAA Gent,1A Pro League,Japan,CB,,74,137
Timothy Weah,Juventus,Serie A Enilive,United States,RM,"['RB', 'RW']",74,18
Silvan Widmer,1. FSV Mainz 05,Bundesliga,Switzerland,RB,['RM'],74,85
Christopher Wooh,Stade Rennais FC,Ligue 1 McDonald's,Cameroon,CB,,74,88
Okay Yokuþlu,Trabzonspor,Trendyol Süper Lig,Turkey,CDM,['CM'],74,58
Arsen Zakharyan,Real Sociedad,LALIGA EA SPORTS,Russia,LM,"['RM', 'CM', 'LW']",74,28
Cédric Zesiger,VfL Wolfsburg,Bundesliga,Switzerland,CB,,74,63
Max Aarons,AFC Bournemouth,Premier League,England,RB,,73,65
Rodrigo Abascal,Boavista FC,Liga Portugal,Uruguay,CB,,73,141
Himad Abdelli,Angers SCO,Ligue 1 McDonald's,Algeria,CAM,"['CM', 'LM']",73,142
Aguado,RCD Espanyol,LALIGA EA SPORTS,Spain,CM,['CDM'],73,100
Emre Akbaba,Eyüpspor,Trendyol Süper Lig,Turkey,CAM,['CM'],73,138
Ilias,Villarreal CF,LALIGA EA SPORTS,Morocco,RW,"['RM', 'LW']",73,32
Jean-Daniel Akpa Akpro,Lazio,Serie A Enilive,Côte d'Ivoire,CM,['CDM'],73,34
Aleñá,Getafe CF,LALIGA EA SPORTS,Spain,CM,"['RM', 'CAM']",73,59
Nani,Estrela Amadora,Liga Portugal,Portugal,LM,"['LW', 'ST']",73,143
Selim Amallah,R. Valladolid CF,LALIGA EA SPORTS,Morocco,CAM,"['CM', 'LM']",73,96
Lazare Amani,R. Union St.-G.,1A Pro League,Côte d'Ivoire,CM,['CAM'],73,102
Zeki Amdouni,SL Benfica,Liga Portugal,Switzerland,ST,['CAM'],73,29
Areso,CA Osasuna,LALIGA EA SPORTS,Spain,RB,['RM'],73,77
Joe Aribo,Southampton,Premier League,Nigeria,CM,,73,57
Noah Atubolu,SC Freiburg,Bundesliga,Germany,GK,,73,42
Oðuz Aydýn,Fenerbahçe,Trendyol Süper Lig,Turkey,RM,"['LM', 'RW']",73,30
Tiago Tomás,VfL Wolfsburg,Bundesliga,Portugal,ST,['RW'],73,63
Milan Badelj,Genoa,Serie A Enilive,Croatia,CDM,['CM'],73,97
Mama Baldé,Stade Brestois 29,Ligue 1 McDonald's,Guinea-Bissau,ST,['LW'],73,76
Carlos Baleba,Brighton,Premier League,Cameroon,CDM,['CM'],73,55
Valentín Barco,Sevilla FC,LALIGA EA SPORTS,Argentina,LB,['LM'],73,67
Jelle Bataille,Royal Antwerp FC,1A Pro League,Belgium,RB,['LB'],73,62
Mohamed Bayo,LOSC Lille,Ligue 1 McDonald's,Guinea,ST,,73,49
Gavin Bazunu,Southampton,Premier League,Republic of Ireland,GK,,73,57
Thomas Beelen,Feyenoord,Eredivisie,Holland,CB,['CDM'],73,54
Kevin Behrens,VfL Wolfsburg,Bundesliga,Germany,ST,,73,63
Eliesse Ben Seghir,AS Monaco,Ligue 1 McDonald's,Morocco,CAM,"['ST', 'LM']",73,53
Dimitry Bertaud,Montpellier,Ligue 1 McDonald's,Congo DR,GK,,73,72
Leonardo Bittencourt,SV Werder Bremen,Bundesliga,Germany,CAM,['CM'],73,93
Yoan Bonny,Parma,Serie A Enilive,France,ST,,73,101
Darko Brašanac,CD Leganés,LALIGA EA SPORTS,Serbia,CM,"['CDM', 'CAM']",73,80
Ben Brereton Díaz,Southampton,Premier League,Chile,LW,"['ST', 'LM']",73,57
Armando Broja,Everton,Premier League,Albania,ST,,73,33
Facundo Buonanotte,Leicester City,Premier League,Argentina,RM,"['CAM', 'RW']",73,87
Gianluca Busio,Venezia,Serie A Enilive,United States,CM,['CDM'],73,124
Mathieu Cafaro,AS Saint-Étienne,Ligue 1 McDonald's,France,LM,"['RM', 'LW']",73,117
Jens-Lys Cajuste,Ipswich,Premier League,Sweden,CDM,['CM'],73,99
Luca Caldirola,Monza,Serie A Enilive,Italy,CB,,73,82
Calero,RCD Espanyol,LALIGA EA SPORTS,Spain,CB,"['CDM', 'RB']",73,100
Lamine Camara,AS Monaco,Ligue 1 McDonald's,Senegal,CM,['CAM'],73,53
Sergio Camello,Rayo Vallecano,LALIGA EA SPORTS,Spain,ST,,73,56
Sergi Canós,Valencia CF,LALIGA EA SPORTS,Spain,LM,"['RM', 'LW']",73,22
Irvin Cardona,RCD Espanyol,LALIGA EA SPORTS,France,ST,"['RM', 'LM']",73,100
Julián Carranza,Feyenoord,Eredivisie,Argentina,ST,,73,54
Cristian Cásseres Jr,Toulouse FC,Ligue 1 McDonald's,Venezuela,CDM,['CM'],73,91
Santiago Castro,Bologna,Serie A Enilive,Argentina,ST,['RW'],73,52
Tjaronn Chery,Royal Antwerp FC,1A Pro League,Suriname,CAM,"['RM', 'LM']",73,62
Oliver Christensen,Fiorentina,Serie A Enilive,Denmark,GK,,73,68
Alessandro Circati,Parma,Serie A Enilive,Australia,CB,,73,101
Lorenzo Colombo,Empoli,Serie A Enilive,Italy,ST,,73,105
Eray Cömert,R. Valladolid CF,LALIGA EA SPORTS,Switzerland,CB,,73,96
Diego Conde,Villarreal CF,LALIGA EA SPORTS,Spain,GK,,73,32
Nicolas Cozza,FC Nantes,Ligue 1 McDonald's,France,LB,['CB'],73,103
Miguel Crespo,Baþakþehir,Trendyol Süper Lig,Portugal,CM,['CDM'],73,104
Pejiño,UD Las Palmas,LALIGA EA SPORTS,Spain,RM,"['LM', 'RW']",73,61
Leonardo Lelo,Casa Pia AC,Liga Portugal,Portugal,LM,"['LB', 'LW']",73,119
Danny da Costa,1. FSV Mainz 05,Bundesliga,Germany,RB,['RM'],73,85
Abner Vinícius,OL,Ligue 1 McDonald's,Brazil,LB,,73,43
Mikkel Damsgaard,Brentford,Premier League,Denmark,CM,['LW'],73,71
Josh Dasilva,Brentford,Premier League,England,CM,,73,71
Pawe? Dawidowicz,Hellas Verona,Serie A Enilive,Poland,CB,,73,98
Miguel,CD Leganés,LALIGA EA SPORTS,Spain,ST,['RM'],73,80
Jeffrey de Lange,OM,Ligue 1 McDonald's,Holland,GK,,73,70
Cláudio Ramos,FC Porto,Liga Portugal,Portugal,GK,,73,27
Thibault De Smet,Stade de Reims,Ligue 1 McDonald's,Belgium,LB,,73,89
Ersin Destanoðlu,Beþiktaþ,Trendyol Süper Lig,Turkey,GK,,73,31
Habib Diarra,Strasbourg,Ligue 1 McDonald's,Senegal,CM,"['CDM', 'LM']",73,83
Sinaly Diomandé,AJ Auxerre,Ligue 1 McDonald's,Côte d'Ivoire,CB,,73,128
Matt Doherty,Wolves,Premier League,Republic of Ireland,RB,['RM'],73,75
Tomás Händel,Vitória SC,Liga Portugal,Portugal,CDM,['CM'],73,109
Carlos Miguel,Nott'm Forest,Premier League,Brazil,GK,,73,79
Kamory Doumbia,Stade Brestois 29,Ligue 1 McDonald's,Mali,CAM,['CM'],73,76
Patrick Drewes,VfL Bochum 1848,Bundesliga,Germany,GK,,73,113
Joël Drommel,PSV,Eredivisie,Holland,GK,,73,50
Omar El Hilali,RCD Espanyol,LALIGA EA SPORTS,Morocco,RB,['CB'],73,100
Emanuel Emegha,Strasbourg,Ligue 1 McDonald's,Holland,ST,,73,83
Julio César Enciso,Brighton,Premier League,Paraguay,CAM,"['LM', 'RM']",73,55
Samuel Essende,FC Augsburg,Bundesliga,France,ST,,73,107
Kiko Femenía,Villarreal CF,LALIGA EA SPORTS,Spain,RB,['RM'],73,32
Edimilson Fernandes,Stade Brestois 29,Ligue 1 McDonald's,Switzerland,CB,['RB'],73,76
Roger Fernandes,SC Braga,Liga Portugal,Portugal,LM,"['RM', 'LW']",73,48
Wes Foderingham,West Ham,Premier League,England,GK,,73,35
Thomas Foket,RSC Anderlecht,1A Pro League,Belgium,RB,,73,92
Fraser Forster,Spurs,Premier League,England,GK,,73,16
Francés,Girona FC,LALIGA EA SPORTS,Spain,CB,,73,36
Fresneda,Sporting CP,Liga Portugal,Spain,RB,"['CB', 'LB']",73,26
Marvin Friedrich,M'gladbach,Bundesliga,Germany,CB,,73,81
Kanya Fujimoto,Gil Vicente,Liga Portugal,Japan,CAM,,73,120
Manu Fuster,UD Las Palmas,LALIGA EA SPORTS,Spain,LM,"['RM', 'CM', 'LW']",73,61
Gianluca Gaetano,Cagliari,Serie A Enilive,Italy,CAM,['CM'],73,95
Gauthier Gallon,Stade Rennais FC,Ligue 1 McDonald's,France,GK,,73,88
Valentin Gendrey,TSG Hoffenheim,Bundesliga,France,RB,,73,39
,,Trendyol Süper Lig,,,,,
Benedikt Gimber,Heidenheim,Bundesliga,Germany,CB,['CDM'],73,110
Sergi Gómez,RCD Espanyol,LALIGA EA SPORTS,Spain,CB,,73,100
José Gragera,RCD Espanyol,LALIGA EA SPORTS,Spain,CDM,"['CM', 'CB']",73,100
Archie Gray,Spurs,Premier League,England,CDM,['RB'],73,16
Hugo Guillamón,Valencia CF,LALIGA EA SPORTS,Spain,CDM,"['CM', 'CB']",73,22
Manuel Gulde,SC Freiburg,Bundesliga,Germany,CB,,73,42
Gumbau,Rayo Vallecano,LALIGA EA SPORTS,Spain,CM,"['CDM', 'RM']",73,56
Günay Güvenç,Galatasaray,Trendyol Süper Lig,Turkey,GK,,73,12
Lewis Hall,Newcastle Utd,Premier League,England,LB,,73,21
Abdou Harroui,Hellas Verona,Serie A Enilive,Morocco,CM,['CDM'],73,98
Jorrel Hato,Ajax,Eredivisie,Holland,CB,['LB'],73,69
Philipp Hofmann,VfL Bochum 1848,Bundesliga,Germany,ST,,73,113
Casper Højer,Çaykur Rizespor,Trendyol Süper Lig,Denmark,LB,,73,133
Rob Holding,Crystal Palace,Premier League,England,CB,,73,51
Lucas Höler,SC Freiburg,Bundesliga,Germany,ST,['CAM'],73,42
Samuel Iling-Junior,Bologna,Serie A Enilive,England,LM,['LW'],73,52
Ardon Jashari,Club Brugge,1A Pro League,Switzerland,CDM,['CM'],73,74
Ben Johnson,Ipswich,Premier League,England,RB,['LB'],73,99
Paul Joly,AJ Auxerre,Ligue 1 McDonald's,France,RB,,73,128
Christopher Jullien,Montpellier,Ligue 1 McDonald's,France,CB,,73,72
Anthony Jung,SV Werder Bremen,Bundesliga,Germany,CB,['LB'],73,93
David Jurásek,Beþiktaþ,Trendyol Süper Lig,Czech Republic,LB,['LM'],73,31
Issa Kaboré,SL Benfica,Liga Portugal,Burkina Faso,RB,,73,29
Hassane Kamara,Udinese,Serie A Enilive,Côte d'Ivoire,LB,['LM'],73,118
Jakub Kami?ski,VfL Wolfsburg,Bundesliga,Poland,LM,['LW'],73,63
Grigoris Kastanos,Hellas Verona,Serie A Enilive,Cyprus,CAM,"['CM', 'RM']",73,98
Joris Kayembe,KRC Genk,1A Pro League,Congo DR,LB,"['LM', 'CB']",73,94
Reda Khadra,Stade de Reims,Ligue 1 McDonald's,Germany,CAM,['LM'],73,89
Hervé Koffi,RC Lens,Ligue 1 McDonald's,Burkina Faso,GK,,73,45
Boubakar Kouyaté,Montpellier,Ligue 1 McDonald's,Mali,CB,,73,72
Vladan Kovacevi?,Sporting CP,Liga Portugal,Serbia,GK,,73,26
Emil Krafth,Newcastle Utd,Premier League,Sweden,RB,['CB'],73,21
Elias Jelert,Galatasaray,Trendyol Süper Lig,Denmark,RB,['LB'],73,12
Bas Kuipers,FC Twente,Eredivisie,Holland,LB,,73,73
Daniel-Kofi Kyereh,SC Freiburg,Bundesliga,Ghana,CAM,['ST'],73,42
Nediljko Labrovi?,FC Augsburg,Bundesliga,Croatia,GK,,73,107
Stefan Lainer,M'gladbach,Bundesliga,Austria,RB,['RM'],73,81
Gianluca Lapadula,Cagliari,Serie A Enilive,Peru,ST,,73,95
Jacob Bruun Larsen,TSG Hoffenheim,Bundesliga,Denmark,LM,"['RM', 'ST', 'LW']",73,39
Latasa,R. Valladolid CF,LALIGA EA SPORTS,Spain,ST,,73,96
Valentino Lazaro,Torino,Serie A Enilive,Austria,LM,"['RM', 'LW']",73,37
Tomás Araújo,SL Benfica,Liga Portugal,Portugal,CB,,73,29
Théo Leoni,RSC Anderlecht,1A Pro League,Belgium,CM,"['CAM', 'CDM']",73,92
Johann Lepenant,FC Nantes,Ligue 1 McDonald's,France,CDM,['CM'],73,103
Keane Lewis-Potter,Brentford,Premier League,England,LW,"['ST', 'LM']",73,71
Mateusz Lis,Göztepe,Trendyol Süper Lig,Poland,GK,,75,145
Iker Losada,Real Betis,LALIGA EA SPORTS,Spain,RM,"['LM', 'CAM', 'RW']",73,38
Sandi Lovri?,Udinese,Serie A Enilive,Slovenia,CDM,['CM'],73,118
Massimo Luongo,Ipswich,Premier League,Australia,CDM,,73,99
Charalampos Lykogiannis,Bologna,Serie A Enilive,Greece,LB,['LM'],73,52
Antoine Makoumbou,Samsunspor,Trendyol Süper Lig,Congo,CDM,['CM'],73,140
Lennard Maloney,Heidenheim,Bundesliga,United States,CDM,['CM'],73,110
Braydon Manu,PEC Zwolle,Eredivisie,Ghana,RM,"['ST', 'RW']",73,146
Faitout Maouassa,Club Brugge,1A Pro League,France,LB,['LM'],73,74
Juan Carlos,Girona FC,LALIGA EA SPORTS,Spain,GK,,73,36
Erhan Mašovi?,VfL Bochum 1848,Bundesliga,Serbia,CB,['CDM'],73,113
Mata,UD Las Palmas,LALIGA EA SPORTS,Spain,ST,['LM'],73,61
Luca Mazzitelli,Como,Serie A Enilive,Italy,CM,['CDM'],73,47
Oli McBurnie,UD Las Palmas,LALIGA EA SPORTS,Scotland,ST,,73,61
Björn Meijer,Club Brugge,1A Pro League,Holland,LB,['LM'],73,74
Bamo Meïté,OM,Ligue 1 McDonald's,Côte d'Ivoire,CB,,73,70
Jubal,AJ Auxerre,Ligue 1 McDonald's,Brazil,CB,,73,128
João Mendes,Kayserispor,Trendyol Süper Lig,Portugal,LW,"['CM', 'CAM', 'LM']",73,149
Batista Mendy,Trabzonspor,Trendyol Süper Lig,France,CDM,"['CM', 'CB']",76,58
Salvador Agra,Boavista FC,Liga Portugal,Portugal,RM,"['RB', 'LM', 'RW']",73,141
Pere Milla,RCD Espanyol,LALIGA EA SPORTS,Spain,ST,"['LM', 'LB']",73,100
Jakub Moder,Brighton,Premier League,Poland,CM,"['CDM', 'CAM']",73,55
Florent Mollet,FC Nantes,Ligue 1 McDonald's,France,CAM,"['CM', 'RM']",73,103
Emre Mor,Fenerbahçe,Trendyol Süper Lig,Turkey,RM,"['LM', 'CAM', 'RW']",73,30
Tete Morente,Lecce,Serie A Enilive,Spain,LM,"['RM', 'LW']",73,66
Anthony Moris,R. Union St.-G.,1A Pro League,Luxembourg,GK,,73,102
Gabriel Moscardo,Stade de Reims,Ligue 1 McDonald's,Brazil,CDM,['CM'],73,89
Florent Muslija,SC Freiburg,Bundesliga,Kosovo,CAM,"['LM', 'CM']",73,42
Andrey Santos,Strasbourg,Ligue 1 McDonald's,Brazil,CM,['CDM'],73,83
Sebastian Nanasi,Strasbourg,Ligue 1 McDonald's,Sweden,LM,"['CAM', 'RM', 'LW']",73,83
Cyril Ngonge,SSC Napoli,Serie A Enilive,Belgium,RM,"['CAM', 'ST', 'RW']",73,20
Tanguy Nianzou,Sevilla FC,LALIGA EA SPORTS,France,CB,,73,67
Moritz Nicolas,M'gladbach,Bundesliga,Germany,GK,,73,81
Casper Nielsen,Club Brugge,1A Pro League,Denmark,CM,['CDM'],73,74
Gustaf Nilsson,Club Brugge,1A Pro League,Sweden,ST,,73,74
Justin Njinmah,SV Werder Bremen,Bundesliga,Germany,ST,['RM'],73,93
Niels Nkounkou,Frankfurt,Bundesliga,France,LB,['LM'],73,46
Andries Noppert,sc Heerenveen,Eredivisie,Holland,GK,,73,147
Armando Obispo,PSV,Eredivisie,Holland,CB,,73,50
Jens Odgaard,Bologna,Serie A Enilive,Denmark,ST,['RW'],73,52
Wilson Odobert,Spurs,Premier League,France,LM,"['RM', 'ST', 'LW']",73,16
Chiedozie Ogbene,Ipswich,Premier League,Republic of Ireland,RB,['RM'],73,99
Brian Oliván,RCD Espanyol,LALIGA EA SPORTS,Spain,LB,,73,100
Jorge Fernandes,Vitória SC,Liga Portugal,Portugal,CB,,73,109
Samu,FC Porto,Liga Portugal,Spain,ST,,73,27
Karim Onisiwo,1. FSV Mainz 05,Bundesliga,Austria,ST,,73,85
Divock Origi,AC Milan,Serie A Enilive,Belgium,ST,,73,14
Reece Oxford,FC Augsburg,Bundesliga,England,CB,,73,107
Pacheco,RCD Espanyol,LALIGA EA SPORTS,Spain,GK,,73,100
Nicolas Pallois,FC Nantes,Ligue 1 McDonald's,France,CB,,73,103
Kevin Paredes,VfL Wolfsburg,Bundesliga,United States,LM,"['LB', 'LW']",73,63
Aleksandar Pavlovi?,FC Bayern München,Bundesliga,Germany,CDM,['CM'],73,3
Martín Payero,Udinese,Serie A Enilive,Argentina,CM,['CDM'],73,118
Marcus Holmgren Pedersen,Torino,Serie A Enilive,Norway,RM,"['LM', 'RB', 'RW']",73,37
Mads Pedersen,FC Augsburg,Bundesliga,Denmark,LB,['LM'],73,107
Iñaki Peña,FC Barcelona,LALIGA EA SPORTS,Spain,GK,,73,8
Ricardo Pepi,PSV,Eredivisie,United States,ST,,73,50
Luis Pérez,R. Valladolid CF,LALIGA EA SPORTS,Spain,RB,,73,96
Fran Pérez,Valencia CF,LALIGA EA SPORTS,Spain,RM,"['LM', 'RW']",73,22
Kike Pérez,R. Valladolid CF,LALIGA EA SPORTS,Spain,CM,"['CAM', 'CDM']",73,96
Pavao Pervan,VfL Wolfsburg,Bundesliga,Austria,GK,,73,63
Andrea Petagna,Monza,Serie A Enilive,Italy,ST,,73,82
Andrea Pinamonti,Genoa,Serie A Enilive,Italy,ST,,73,97
Abdón Prats,RCD Mallorca,LALIGA EA SPORTS,Spain,ST,,73,41
Dirk Proper,N.E.C. Nijmegen,Eredivisie,Holland,CDM,['CM'],73,114
Leopold Querfeld,Union Berlin,Bundesliga,Austria,CB,,73,84
Dani Raba,CD Leganés,LALIGA EA SPORTS,Spain,RM,"['ST', 'RW']",73,80
Diant Ramaj,Ajax,Eredivisie,Germany,GK,,73,69
Juanpe,Girona FC,LALIGA EA SPORTS,Spain,CB,,73,36
Andrei Ra?iu,Rayo Vallecano,LALIGA EA SPORTS,Romania,RB,['RM'],73,56
Jason,Arouca,Liga Portugal,Spain,RM,"['LM', 'LW', 'RW']",73,139
Devyne Rensch,Ajax,Eredivisie,Holland,RB,"['CB', 'LB']",73,69
Amir Richardson,Fiorentina,Serie A Enilive,Morocco,CM,['CDM'],73,68
Mihailo Risti?,RC Celta,LALIGA EA SPORTS,Serbia,LB,,73,25
Mads Roerslev,Brentford,Premier League,Denmark,RB,,73,71
Leo Román,RCD Mallorca,LALIGA EA SPORTS,Spain,GK,,73,41
Isaac,Sevilla FC,LALIGA EA SPORTS,Spain,ST,"['LW', 'RW']",73,67
Daan Rots,FC Twente,Eredivisie,Holland,RM,['RW'],73,73
Matteo Ruggeri,Atalanta,Serie A Enilive,Italy,LM,['LW'],73,40
Alan Ruiz,Estrela Amadora,Liga Portugal,Argentina,CAM,"['CM', 'ST']",73,143
André Franco,FC Porto,Liga Portugal,Portugal,RM,"['CM', 'CAM', 'RW']",73,27
Serdar Saatçý,Trabzonspor,Trendyol Süper Lig,Turkey,CB,,73,58
Abdelhamid Sabiri,Fiorentina,Serie A Enilive,Morocco,CAM,"['CM', 'ST']",73,68
Modibo Sagnan,Çaykur Rizespor,Trendyol Süper Lig,Mali,CB,,73,133
Kike Salas,Sevilla FC,LALIGA EA SPORTS,Spain,CB,['LB'],73,67
Iván Sánchez,R. Valladolid CF,LALIGA EA SPORTS,Spain,RM,"['CM', 'CAM', 'RW']",73,96
Antonio Sánchez,RCD Mallorca,LALIGA EA SPORTS,Spain,RM,"['CM', 'RW']",73,41
Arouna Sangante,Havre AC,Ligue 1 McDonald's,Senegal,CB,['RB'],73,122
Jeffrey Schlupp,Crystal Palace,Premier League,Ghana,LW,"['CM', 'LM']",73,51
Jan Schöppner,Heidenheim,Bundesliga,Germany,CDM,['CM'],73,110
Simone Scuffet,Cagliari,Serie A Enilive,Italy,GK,,73,95
Zito Luvumbo,Cagliari,Serie A Enilive,Angola,ST,"['LM', 'RM']",73,95
Aleksandar Sedlar,D. Alavés,LALIGA EA SPORTS,Serbia,CB,['CDM'],73,90
Jordan Siebatcheu,Union Berlin,Bundesliga,United States,ST,,73,84
Kiliann Sildillia,SC Freiburg,Bundesliga,France,RB,"['CB', 'RM']",73,42
Ricardo Velho,Farense,Liga Portugal,Portugal,GK,,73,148
Tim Skarke,Union Berlin,Bundesliga,Germany,ST,"['RM', 'LM']",73,84
Will Smallbone,Southampton,Premier League,Republic of Ireland,CM,,73,57
Eric Smith,FC St. Pauli,Bundesliga,Sweden,CB,['CDM'],73,135
Adam Smith,AFC Bournemouth,Premier League,England,RB,,73,65
Fábio Silva,UD Las Palmas,LALIGA EA SPORTS,Portugal,ST,['LW'],73,61
Ola Solbakken,Empoli,Serie A Enilive,Norway,RM,"['RW', 'LW']",73,105
Thibo Somers,Cercle Brugge,1A Pro League,Belgium,RM,"['CAM', 'RW']",73,106
Jack Stephens,Southampton,Premier League,England,CB,,73,57
Gabriel Suazo,Toulouse FC,Ligue 1 McDonald's,Chile,LB,['LM'],73,91
Morlaye Sylla,Arouca,Liga Portugal,Guinea,LM,"['RM', 'CM', 'LW']",73,139
Haris Tabakovi?,TSG Hoffenheim,Bundesliga,Bosnia and Herzegovina,ST,,73,39
Oussama Targhalline,Havre AC,Ligue 1 McDonald's,Morocco,CM,['CDM'],73,122
Jackson Tchatchoua,Hellas Verona,Serie A Enilive,Cameroon,RB,"['RM', 'LM']",73,98
Álvaro Tejero,RCD Espanyol,LALIGA EA SPORTS,Spain,RB,,73,100
Dorukhan Toköz,Kayserispor,Trendyol Süper Lig,Turkey,CM,"['CDM', 'RB']",73,149
Omar Haktab Traoré,Heidenheim,Bundesliga,Germany,RB,,73,110
Mark Travers,AFC Bournemouth,Premier League,Republic of Ireland,GK,,73,65
Axel Tuanzebe,Ipswich,Premier League,England,CB,['RB'],73,99
Ozan Tufan,Trabzonspor,Trendyol Süper Lig,Turkey,CAM,['ST'],73,58
Deniz Türüç,Baþakþehir,Trendyol Süper Lig,Turkey,RM,"['CM', 'RW']",73,104
Salih Uçan,Beþiktaþ,Trendyol Süper Lig,Turkey,CM,"['CDM', 'CAM']",73,31
Lesley Ugochukwu,Southampton,Premier League,France,CDM,['CM'],73,57
Vallejo,Real Madrid,LALIGA EA SPORTS,Spain,CB,,73,1
Siebe Van der Heyden,RCD Mallorca,LALIGA EA SPORTS,Belgium,CB,,73,41
Mike van der Hoorn,FC Utrecht,Eredivisie,Holland,CB,,73,129
Miloš Veljkovi?,SV Werder Bremen,Bundesliga,Serbia,CB,,73,93
Yari Verschaeren,RSC Anderlecht,1A Pro League,Belgium,CAM,"['CM', 'RM']",73,92
Hugo Vetlesen,Club Brugge,1A Pro League,Norway,CDM,['CM'],73,74
Villalibre,D. Alavés,LALIGA EA SPORTS,Spain,ST,,73,90
Nicolas Viola,Cagliari,Serie A Enilive,Italy,CAM,,73,95
Michel Vlap,FC Twente,Eredivisie,Holland,LM,"['CAM', 'LW']",73,73
Joel Ward,Crystal Palace,Premier League,England,RB,['CB'],73,51
Owen Wijndal,Ajax,Eredivisie,Holland,LB,,73,69
Maximilian Wittek,VfL Bochum 1848,Bundesliga,Germany,LB,['LM'],73,113
Luke Woolfenden,Ipswich,Premier League,England,CB,,73,99
Ashley Young,Everton,Premier League,England,RB,['LB'],73,33
Miha Zajc,Toulouse FC,Ligue 1 McDonald's,Slovenia,CM,['CAM'],73,91
Anass Zaroury,RC Lens,Ligue 1 McDonald's,Morocco,LM,['LW'],73,45
Akim Zedadka,LOSC Lille,Ligue 1 McDonald's,Algeria,RB,['LB'],73,49
Félix Correia,Gil Vicente,Liga Portugal,Portugal,LM,"['ST', 'LW']",72,120
Abdelkabir Abqar,D. Alavés,LALIGA EA SPORTS,Morocco,CB,,72,90
Dapo Afolayan,FC St. Pauli,Bundesliga,England,RW,"['LW', 'ST', 'RM']",72,135
Lucien Agoumé,Sevilla FC,LALIGA EA SPORTS,France,CM,['CDM'],72,67
Felix Agu,SV Werder Bremen,Bundesliga,Germany,LB,['RB'],72,93
Yunus Akgün,Galatasaray,Trendyol Süper Lig,Turkey,RM,"['CAM', 'RW']",78,12
Marvin,UD Las Palmas,LALIGA EA SPORTS,Spain,RM,"['RB', 'RW']",72,61
Paul Akouokou,OL,Ligue 1 McDonald's,Côte d'Ivoire,CDM,,72,43
Ameen Al Dakhil,VfB Stuttgart,Bundesliga,Belgium,CB,,72,60
Danijel Aleksic,Konyaspor,Trendyol Süper Lig,Serbia,CM,['CAM'],72,108
Tadeo Allende,RC Celta,LALIGA EA SPORTS,Argentina,RM,"['LM', 'ST', 'RW']",72,25
Robson Bambu,SC Braga,Liga Portugal,Brazil,CB,,72,48
Kelvin Amian,FC Nantes,Ligue 1 McDonald's,France,RB,['CB'],72,103
Francis Amuzu,RSC Anderlecht,1A Pro League,Belgium,LW,"['RW', 'LM']",72,92
Dennis Appiah,AS Saint-Étienne,Ligue 1 McDonald's,France,RB,['CB'],72,117
Toluwalase Arokodare,KRC Genk,1A Pro League,Nigeria,ST,,72,94
Yáser Asprilla,Girona FC,LALIGA EA SPORTS,Colombia,RW,"['RM', 'CAM']",72,36
Tommaso Augello,Cagliari,Serie A Enilive,Italy,LB,['LM'],72,95
Gustavo Sá,FC Famalicão,Liga Portugal,Portugal,CAM,['CM'],72,115
Mitchel Bakker,LOSC Lille,Ligue 1 McDonald's,Holland,LM,"['LB', 'LW']",72,49
Lameck Banda,Lecce,Serie A Enilive,Zambia,LW,['LM'],72,66
Federico Barba,Como,Serie A Enilive,Italy,CB,,72,47
Borna Barišic,Trabzonspor,Trendyol Süper Lig,Croatia,LB,,72,58
Maximilian Bauer,FC Augsburg,Bundesliga,Germany,CB,,72,107
Timo Becker,Holstein Kiel,Bundesliga,Germany,RB,"['CB', 'RM']",72,134
Kristijan Beli?,AZ,Eredivisie,Serbia,CDM,['CM'],72,78
Stefan Bell,1. FSV Mainz 05,Bundesliga,Germany,CB,,72,85
Adrian Benedyczak,Parma,Serie A Enilive,Poland,LM,"['ST', 'RM', 'LW']",72,101
Daniel Bentley,Wolves,Premier League,England,GK,,72,75
Matúš Bero,VfL Bochum 1848,Bundesliga,Slovakia,CM,"['CAM', 'RM']",72,113
Myron Boadu,VfL Bochum 1848,Bundesliga,Holland,ST,,72,113
Oscar Bobb,Manchester City,Premier League,Norway,RW,['RM'],72,2
Bruno Gaspar,Vitória SC,Liga Portugal,Angola,RM,"['RB', 'RW']",72,109
Toni Borevkovic,Samsunspor,Trendyol Süper Lig,Croatia,CB,,72,140
Róbert Bo?eník,Boavista FC,Liga Portugal,Slovakia,ST,,72,141
Matthias Braunöder,Como,Serie A Enilive,Austria,CM,['CDM'],72,47
Nathan Broadhead,Ipswich,Premier League,Wales,LM,['LW'],72,99
Hugo Bueno,Feyenoord,Eredivisie,Spain,LB,['LM'],72,54
Cameron Burgess,Ipswich,Premier League,Australia,CB,,72,99
Wes Burns,Ipswich,Premier League,Wales,RM,['RW'],72,99
Marnon Busch,Heidenheim,Bundesliga,Germany,RB,,72,110
Jimmy Cabot,RC Lens,Ligue 1 McDonald's,France,RB,['RM'],72,45
Liberato Cacace,Empoli,Serie A Enilive,New Zealand,LB,['LM'],72,105
Matteo Cancellieri,Parma,Serie A Enilive,Italy,LW,"['CAM', 'LM']",72,101
Antonio Candela,Venezia,Serie A Enilive,Italy,RB,,72,124
Valentín Carboni,OM,Ligue 1 McDonald's,Argentina,CAM,"['ST', 'RM']",72,70
Carlos Mané,Kayserispor,Trendyol Süper Lig,Guinea-Bissau,LM,"['RW', 'RM', 'LW']",72,149
Carmona,Sevilla FC,LALIGA EA SPORTS,Spain,RM,"['RB', 'RW']",72,67
Dário Essugo,UD Las Palmas,LALIGA EA SPORTS,Portugal,CDM,['CM'],72,61
Jhoanner Chávez,RC Lens,Ligue 1 McDonald's,Ecuador,LB,['LM'],72,45
Leandro Chichizola,Parma,Serie A Enilive,Argentina,GK,,72,101
Hamza Choudhury,Leicester City,Premier League,England,RB,"['CDM', 'CM']",72,87
Carney Chukwuemeka,Chelsea,Premier League,England,CAM,['CM'],72,24
Derek Cornelius,OM,Ligue 1 McDonald's,Canada,CB,,72,70
Ayrton Costa,Royal Antwerp FC,1A Pro League,Argentina,LB,['CB'],72,62
Charlie Cresswell,Toulouse FC,Ligue 1 McDonald's,England,CB,,72,91
Pau Cubarsí,FC Barcelona,LALIGA EA SPORTS,Spain,CB,,72,8
Carlos Cuesta,Galatasaray,Trendyol Süper Lig,Colombia,CB,,72,12
Nuno da Costa,Baþakþehir,Trendyol Süper Lig,Cape Verde Islands,ST,,72,104
Zé Pedro,FC Porto,Liga Portugal,Portugal,CB,,72,27
Riccieli,FC Famalicão,Liga Portugal,Brazil,CB,,72,115
Zuriko Davitashvili,AS Saint-Étienne,Ligue 1 McDonald's,Georgia,LM,"['RM', 'LW']",72,117
Luca de la Torre,RC Celta,LALIGA EA SPORTS,United States,CM,['LM'],72,25
Lorenzo De Silvestri,Bologna,Serie A Enilive,Italy,RB,['RM'],72,52
Tiago Esgaio,Arouca,Liga Portugal,Portugal,RB,"['LB', 'CB']",72,139
Alan,Moreirense FC,Liga Portugal,Brazil,CAM,,72,131
Koni De Winter,Genoa,Serie A Enilive,Belgium,CB,['RB'],72,97
Thomas Delaine,Strasbourg,Ligue 1 McDonald's,France,LB,['LM'],72,83
Olivier Deman,SV Werder Bremen,Bundesliga,Belgium,LB,['LM'],72,93
Emmanuel Dennis,Nott'm Forest,Premier League,Nigeria,LM,"['ST', 'LW']",72,79
Gianluca Di Chiara,Parma,Serie A Enilive,Italy,LB,,72,101
Oumar Diakité,Stade de Reims,Ligue 1 McDonald's,Côte d'Ivoire,ST,,72,89
Bamba Dieng,Angers SCO,Ligue 1 McDonald's,Senegal,ST,,72,142
Loïs Diony,Angers SCO,Ligue 1 McDonald's,France,ST,,72,142
Jaume,Valencia CF,LALIGA EA SPORTS,Spain,GK,,72,22
Aron Dønnum,Toulouse FC,Ligue 1 McDonald's,Norway,RM,"['LM', 'RW']",72,91
Guéla Doué,Strasbourg,Ligue 1 McDonald's,Côte d'Ivoire,RB,,72,83
Ismaël Doukouré,Strasbourg,Ligue 1 McDonald's,France,CDM,"['CM', 'CB']",72,83
Carel Eiting,FC Twente,Eredivisie,Holland,CM,['CDM'],72,73
Jurgen Ekkelenkamp,Udinese,Serie A Enilive,Holland,CAM,"['CM', 'CDM']",72,118
Martin Erli?,Bologna,Serie A Enilive,Croatia,CB,,72,52
Sebastiano Esposito,Empoli,Serie A Enilive,Italy,ST,['CAM'],72,105
Nahuel Estévez,Parma,Serie A Enilive,Argentina,CDM,['CM'],72,101
Cláudio Falcão,Farense,Liga Portugal,Brazil,CDM,"['CM', 'CB']",72,148
Zinedine Ferhat,Angers SCO,Ligue 1 McDonald's,Algeria,RM,"['LM', 'RW']",72,142
Álvaro Carreras,SL Benfica,Liga Portugal,Spain,LB,['LM'],72,29
Frederico Venâncio,Santa Clara,Liga Portugal,Portugal,CB,,72,150
Kilian Fischer,VfL Wolfsburg,Bundesliga,Germany,RB,"['CM', 'RM']",72,63
Ryan Flamingo,PSV,Eredivisie,Holland,CB,['CDM'],72,50
Alexis Flips,Sp. Charleroi,1A Pro League,France,LM,"['CAM', 'RM', 'LW']",72,116
David Datro Fofana,Chelsea,Premier League,Côte d'Ivoire,ST,,72,24
Malick Fofana,OL,Ligue 1 McDonald's,Belgium,LW,['LM'],72,43
Yahia Fofana,Angers SCO,Ligue 1 McDonald's,Côte d'Ivoire,GK,,72,142
Jonas Föhrenbach,Heidenheim,Bundesliga,Germany,LB,,72,110
Ryan Fraser,Southampton,Premier League,Scotland,LW,['LM'],72,57
Ignatius Ganago,FC Nantes,Ligue 1 McDonald's,Cameroon,ST,['LM'],72,103
Ulisses Garcia,OM,Ligue 1 McDonald's,Switzerland,LB,,72,70
Kialonda Gaspar,Lecce,Serie A Enilive,Angola,CB,,72,66
Lautaro Giannetti,Antalyaspor,Trendyol Süper Lig,Argentina,CB,,72,152
Dimitris Giannoulis,FC Augsburg,Bundesliga,Greece,LB,,72,107
Edoardo Goldaniga,Como,Serie A Enilive,Italy,CB,,72,47
Rodrigo Gomes,Wolves,Premier League,Portugal,RW,"['LW', 'RM']",72,75
Unai Gómez,Athletic Club,LALIGA EA SPORTS,Spain,CAM,"['CM', 'LM']",72,19
Sergio,CD Leganés,LALIGA EA SPORTS,Spain,CB,,72,80
Morgan Guilavogui,FC St. Pauli,Bundesliga,Guinea,ST,['RM'],72,135
Serdar Gürler,Eyüpspor,Trendyol Süper Lig,Turkey,LM,"['RM', 'LW']",72,138
Kortney Hause,Aston Villa,Premier League,England,CB,,72,17
Javi Hernández,CD Leganés,LALIGA EA SPORTS,Spain,LB,['CB'],72,80
Ki-Jana Hoever,AJ Auxerre,Ligue 1 McDonald's,Holland,RB,['RM'],72,128
Benedict Hollerbach,Union Berlin,Bundesliga,Germany,ST,"['CAM', 'RM']",72,84
Timo Horn,VfL Bochum 1848,Bundesliga,Germany,GK,,72,113
Hwang Ui Jo,Alanyaspor,Trendyol Süper Lig,Korea Republic,ST,,72,136
Jeong Woo Yeong,Union Berlin,Bundesliga,Korea Republic,CAM,['ST'],72,84
Zanka,RSC Anderlecht,1A Pro League,Denmark,CB,,72,92
Tino Kadewere,FC Nantes,Ligue 1 McDonald's,Zimbabwe,ST,['RM'],72,103
Abdelkahar Kadri,KV Kortrijk,1A Pro League,Algeria,CAM,['CM'],72,132
Yann Karamoh,Torino,Serie A Enilive,France,LM,"['ST', 'RM', 'LW']",72,37
Yassine Kechta,Havre AC,Ligue 1 McDonald's,Morocco,CM,['CDM'],72,122
Olivier Kemen,Baþakþehir,Trendyol Süper Lig,Cameroon,CM,"['CAM', 'CDM']",72,104
Marc-Oliver Kempf,Como,Serie A Enilive,Germany,CB,,72,47
Wahbi Khazri,Montpellier,Ligue 1 McDonald's,Tunisia,ST,['LM'],72,72
Abdukodir Khusanov,RC Lens,Ligue 1 McDonald's,Uzbekistan,CB,,72,45
Semih Kýlýçsoy,Cagliari,Serie A Enilive,Turkey,ST,"['LW', 'RM']",72,95
Joshua Kitolano,Sparta Rotterdam,Eredivisie,Norway,CM,['CDM'],72,112
Mats Köhlert,sc Heerenveen,Eredivisie,Germany,LB,,72,147
Ismaël Koné,OM,Ligue 1 McDonald's,Canada,CM,,72,70
Tobias Lauritsen,Sparta Rotterdam,Eredivisie,Norway,ST,,72,112
Maxim Leitsch,1. FSV Mainz 05,Bundesliga,Germany,CB,,72,85
Warleson,Cercle Brugge,1A Pro League,Brazil,GK,,72,106
Roberto López,CD Leganés,LALIGA EA SPORTS,Spain,CAM,"['RM', 'ST']",72,80
Lorenzo Lucca,Udinese,Serie A Enilive,Italy,ST,,72,118
Tomás Ribeiro,Vitória SC,Liga Portugal,Portugal,CB,,72,109
Soungoutou Magassa,AS Monaco,Ligue 1 McDonald's,France,CB,,72,53
Frank Magri,Toulouse FC,Ligue 1 McDonald's,Cameroon,ST,['LM'],72,91
Gaius Makouta,Alanyaspor,Trendyol Süper Lig,Congo,CDM,"['CM', 'CAM']",72,136
Youssef Maleh,Empoli,Serie A Enilive,Morocco,CM,,72,105
Christos Mandas,Lazio,Serie A Enilive,Greece,GK,,72,34
Vito Mannone,LOSC Lille,Ligue 1 McDonald's,Italy,GK,,72,49
Jonas Martin,Stade Brestois 29,Ligue 1 McDonald's,France,CDM,['CM'],72,76
Aarón,Genoa,Serie A Enilive,Spain,LB,['LM'],72,97
Adam Masina,Torino,Serie A Enilive,Morocco,CB,['LB'],72,37
Eliot Matazo,AS Monaco,Ligue 1 McDonald's,Belgium,CDM,['CM'],72,53
Christian Mawissa,AS Monaco,Ligue 1 McDonald's,France,CB,"['RB', 'LB']",72,53
Youssef Maziz,OH Leuven,1A Pro League,France,CAM,,72,153
Pasquale Mazzocchi,SSC Napoli,Serie A Enilive,Italy,RM,"['LM', 'RB', 'RW']",72,20
Levent Mercan,Fenerbahçe,Trendyol Süper Lig,Turkey,LB,['LM'],72,30
Valentin Mihaila,Çaykur Rizespor,Trendyol Süper Lig,Romania,LM,['LW'],72,133
Lewis Miley,Newcastle Utd,Premier League,England,CM,,72,21
Ilaix Moriba,RC Celta,LALIGA EA SPORTS,Guinea,CM,['CAM'],72,25
Tyler Morton,Liverpool,Premier League,England,CDM,['CM'],72,6
Kerim Mrabti,KV Mechelen,1A Pro League,Sweden,LW,"['CAM', 'LM']",72,127
Florian Müller,SC Freiburg,Bundesliga,Germany,GK,,72,42
Junior Mwanga,Strasbourg,Ligue 1 McDonald's,France,CDM,['CM'],72,83
Robert Navarro,RCD Mallorca,LALIGA EA SPORTS,Spain,LM,"['CM', 'LW']",72,41
Umut Nayir,Konyaspor,Trendyol Süper Lig,Turkey,ST,,72,108
Loïc Négo,Havre AC,Ligue 1 McDonald's,Hungary,RM,['RW'],72,122
Nathan Ngoumou,M'gladbach,Bundesliga,France,RM,"['RW', 'LM']",72,81
Stanley Nsoki,TSG Hoffenheim,Bundesliga,France,CB,['LB'],72,39
Kenedy,R. Valladolid CF,LALIGA EA SPORTS,Brazil,LM,"['RM', 'ST', 'LW']",72,96
Antonio Nusa,RB Leipzig,Bundesliga,Norway,LM,"['LW', 'RM']",72,23
Bram Nuytinck,N.E.C. Nijmegen,Eredivisie,Holland,CB,,72,114
Caleb Okoli,Leicester City,Premier League,Italy,CB,,72,87
João Gonçalves,Boavista FC,Liga Portugal,Portugal,GK,,72,141
Kewin,Moreirense FC,Liga Portugal,Brazil,GK,,72,131
Jean Onana,Beþiktaþ,Trendyol Süper Lig,Cameroon,CM,['CDM'],72,31
Frank Onyeka,FC Augsburg,Bundesliga,Nigeria,CM,['CDM'],72,107
Gabriel Osho,AJ Auxerre,Ligue 1 McDonald's,Nigeria,CB,,72,128
Yordan Osorio,Parma,Serie A Enilive,Venezuela,CB,,72,101
Leo Østigård,Stade Rennais FC,Ligue 1 McDonald's,Norway,CB,,72,88
Rémi Oudin,Lecce,Serie A Enilive,France,RW,"['LW', 'CAM', 'RM']",72,66
Berat Özdemir,Baþakþehir,Trendyol Süper Lig,Turkey,CM,['CDM'],72,104
Renato Veiga,Chelsea,Premier League,Portugal,CDM,"['CB', 'LB']",72,24
Remko Pasveer,Ajax,Eredivisie,Holland,GK,,72,69
Alexandre Penetra,AZ,Eredivisie,Portugal,CB,['RB'],72,78
Sebastián Pérez,Boavista FC,Liga Portugal,Colombia,CDM,['CM'],72,141
Gaëtan Perrin,AJ Auxerre,Ligue 1 McDonald's,France,LM,"['RM', 'LW']",72,128
Marvin Pieringer,Heidenheim,Bundesliga,Germany,ST,,72,110
Carlo Pinsoglio,Juventus,Serie A Enilive,Italy,GK,,72,18
Samuel Portugal,FC Porto,Liga Portugal,Brazil,GK,,72,27
Matteo Prati,Cagliari,Serie A Enilive,Italy,CDM,['CM'],72,95
Ionu? Andrei Radu,RC Celta,LALIGA EA SPORTS,Romania,GK,,72,25
Youri Regeer,FC Twente,Eredivisie,Holland,RB,"['LB', 'CM']",72,73
Chadi Riad,Crystal Palace,Premier League,Morocco,CB,,72,51
Kiko Bondoso,Rio Ave FC,Liga Portugal,Portugal,LW,"['RW', 'LM']",72,121
Omar Richards,Rio Ave FC,Liga Portugal,England,LB,,72,121
Davy Roef,KAA Gent,1A Pro League,Belgium,GK,,72,137
Luka Romero,D. Alavés,LALIGA EA SPORTS,Argentina,RM,['RW'],72,90
Tom Rothe,Union Berlin,Bundesliga,Germany,LB,['LM'],72,84
Falaye Sacko,Montpellier,Ligue 1 McDonald's,Mali,RB,,72,72
Mujaid,KRC Genk,1A Pro League,Spain,CB,,72,94
Manolis Saliakas,FC St. Pauli,Bundesliga,Greece,RB,['RM'],72,135
Matisse Samoise,KAA Gent,1A Pro League,Belgium,RM,"['RB', 'RW']",72,137
Juanlu Sánchez,Sevilla FC,LALIGA EA SPORTS,Spain,RB,,72,67
Philipp Sander,M'gladbach,Bundesliga,Germany,CM,['CDM'],72,81
Ivo Rodrigues,Arouca,Liga Portugal,Portugal,CM,['CAM'],72,139
Killian Sardella,RSC Anderlecht,1A Pro League,Belgium,RB,['LB'],72,92
Kevin Schade,Brentford,Premier League,Germany,LW,"['ST', 'RW', 'LM']",72,71
Andreas Schjelderup,SL Benfica,Liga Portugal,Norway,LW,"['RW', 'CAM', 'LM']",72,29
Niklas Schmidt,Toulouse FC,Ligue 1 McDonald's,Germany,CM,['CAM'],72,91
Lasse Schøne,N.E.C. Nijmegen,Eredivisie,Denmark,CM,['CDM'],72,114
Siebe Schrijvers,OH Leuven,1A Pro League,Belgium,CM,"['CAM', 'CDM']",72,153
Eldor Shomurodov,Baþakþehir,Trendyol Süper Lig,Uzbekistan,ST,,72,104
Djibril Sidibé,Toulouse FC,Ligue 1 McDonald's,France,RB,['LB'],72,91
Giuliano Simeone,Atlético de Madrid,LALIGA EA SPORTS,Argentina,ST,,72,9
Daley Sinkgraven,UD Las Palmas,LALIGA EA SPORTS,Holland,LB,['LM'],72,61
Hugo Siquet,Club Brugge,1A Pro League,Belgium,RM,"['RB', 'RW']",72,74
Ibrahim Sissoko,AS Saint-Étienne,Ligue 1 McDonald's,Mali,ST,,72,117
Micha? Skóra?,Club Brugge,1A Pro League,Poland,RM,"['LM', 'RW']",72,74
Steven Skrzybski,Holstein Kiel,Bundesliga,Germany,ST,['CAM'],72,134
Brenner,Udinese,Serie A Enilive,Brazil,ST,,72,118
Ali Sowe,Çaykur Rizespor,Trendyol Süper Lig,Gambia,ST,,77,133
Djed Spence,Spurs,Premier League,England,RB,,72,16
Jarne Steuckers,KRC Genk,1A Pro League,Belgium,CAM,['RW'],72,94
Nikola Storm,Antalyaspor,Trendyol Süper Lig,Belgium,LM,['LW'],72,152
Mario Stroeykens,RSC Anderlecht,1A Pro League,Belgium,CAM,"['CM', 'LW']",72,92
Serhiy Sydorchuk,KVC Westerlo,1A Pro League,Ukraine,CDM,['CM'],72,154
Mamadou Sylla,R. Valladolid CF,LALIGA EA SPORTS,Senegal,ST,"['RM', 'LM']",72,96
Issiaga Sylla,Montpellier,Ligue 1 McDonald's,Guinea,LB,,72,72
Abakar Sylla,Strasbourg,Ligue 1 McDonald's,Côte d'Ivoire,CB,,72,83
Shogo Taniguchi,STVV,1A Pro League,Japan,CB,,72,155
Florian Tardieu,AS Saint-Étienne,Ligue 1 McDonald's,France,CDM,['CM'],72,117
Chiquinho,RCD Mallorca,LALIGA EA SPORTS,Portugal,LW,"['RW', 'LM']",72,41
Charlie Taylor,Southampton,Premier League,England,LB,,72,57
Casper Tengstedt,Hellas Verona,Serie A Enilive,Denmark,ST,,72,98
Florian Thauvin,Udinese,Serie A Enilive,France,ST,,72,118
Morten Thorsby,Genoa,Serie A Enilive,Norway,CM,,72,97
Harry Toffolo,Nott'm Forest,Premier League,England,LB,,72,79
Isaak Touré,Udinese,Serie A Enilive,France,CB,,72,118
El Bilal Touré,VfB Stuttgart,Bundesliga,Mali,ST,,72,60
Abdoulaye Touré,Havre AC,Ligue 1 McDonald's,Guinea,CDM,['CM'],72,122
Can Uzun,Frankfurt,Bundesliga,Turkey,CAM,"['ST', 'CM']",72,46
Emanuele Valeri,Parma,Serie A Enilive,Italy,LB,['LM'],72,101
Mattia Valoti,Monza,Serie A Enilive,Italy,CM,['CAM'],72,82
Hendrik Van Crombrugge,KRC Genk,1A Pro League,Belgium,GK,,72,94
Charles Vanhoutte,R. Union St.-G.,1A Pro League,Belgium,CM,['CDM'],72,102
Denis Vavro,VfL Wolfsburg,Bundesliga,Slovakia,CB,,72,63
Nick Viergever,FC Utrecht,Eredivisie,Holland,CB,['LB'],72,129
Marios Vrousai,Rio Ave FC,Liga Portugal,Greece,LM,"['CAM', 'RM', 'LW']",72,121
Hauke Wahl,FC St. Pauli,Bundesliga,Germany,CB,,72,135
Danny Ward,Leicester City,Premier League,Wales,GK,,72,87
Noah Weißhaupt,SC Freiburg,Bundesliga,Germany,LM,"['RM', 'CAM', 'LW']",72,42
Mateusz Wieteska,Cagliari,Serie A Enilive,Poland,CB,,72,95
Cláudio Winck,Kasýmpaþa,Trendyol Süper Lig,Brazil,RB,,72,86
Étienne Youté Kinkoué,Havre AC,Ligue 1 McDonald's,France,CB,,72,122
Francesco Zampano,Venezia,Serie A Enilive,Italy,LB,['RB'],72,124
Alessandro Zanoli,Genoa,Serie A Enilive,Italy,RB,['RM'],72,97
Zarraga,Udinese,Serie A Enilive,Spain,CM,['CDM'],72,118
Nermin Zoloti?,Casa Pia AC,Liga Portugal,Bosnia and Herzegovina,CB,,72,119
Szymon ?urkowski,Empoli,Serie A Enilive,Poland,CM,['CAM'],72,105
Ali Abdi,OGC Nice,Ligue 1 McDonald's,Tunisia,LB,,71,64
Matthis Abline,FC Nantes,Ligue 1 McDonald's,France,ST,['LM'],71,103
Jean-Eudes Aholou,Angers SCO,Ligue 1 McDonald's,Côte d'Ivoire,CM,['CDM'],71,142
Halil Akbunar,Eyüpspor,Trendyol Süper Lig,Turkey,RM,"['LM', 'RW']",71,138
Gonçalo Borges,FC Porto,Liga Portugal,Portugal,LM,"['RM', 'LW']",71,27
Sotiris Alexandropoulos,Standard Liège,1A Pro League,Greece,CDM,['CM'],71,130
Jim Allevinah,Angers SCO,Ligue 1 McDonald's,Gabon,RM,"['LM', 'RW']",71,142
Altimira,Real Betis,LALIGA EA SPORTS,Spain,CM,['CDM'],71,38
Tiago Araújo,KAA Gent,1A Pro League,Portugal,LM,"['LB', 'LW']",71,137
Mattia Bani,Genoa,Serie A Enilive,Italy,CB,,71,97
Aymen Barkok,1. FSV Mainz 05,Bundesliga,Morocco,CAM,"['ST', 'CM']",71,85
João Novais,Rio Ave FC,Liga Portugal,Portugal,CM,['CDM'],71,121
Enzo Barrenechea,Valencia CF,LALIGA EA SPORTS,Argentina,CDM,['CM'],71,22
Dylan Batubinsika,AS Saint-Étienne,Ligue 1 McDonald's,Congo DR,CB,,71,117
Daniel Batz,1. FSV Mainz 05,Bundesliga,Germany,GK,,71,85
Finn Ole Becker,TSG Hoffenheim,Bundesliga,Germany,CM,['CDM'],71,39
Carlos Benavídez,D. Alavés,LALIGA EA SPORTS,Uruguay,CDM,['CM'],71,90
Pawe? Bochniewicz,sc Heerenveen,Eredivisie,Poland,CB,,71,147
Sinan Bolat,KVC Westerlo,1A Pro League,Turkey,GK,,71,154
Flavien-Enzo Boyomo,CA Osasuna,LALIGA EA SPORTS,Cameroon,CB,['RB'],71,77
Umut Bozok,Eyüpspor,Trendyol Süper Lig,Turkey,ST,,71,138
Fabian Bredlow,VfB Stuttgart,Bundesliga,Germany,GK,,71,60
Anthony Briançon,AS Saint-Étienne,Ligue 1 McDonald's,France,CB,,71,117
Ezequiel Bullaude,Fortuna Sittard,Eredivisie,Argentina,CAM,['CM'],71,156
Pierrick Capelle,Angers SCO,Ligue 1 McDonald's,France,CDM,['CM'],71,142
Marc Cardona,UD Las Palmas,LALIGA EA SPORTS,Spain,ST,,71,61
Cesare Casadei,Chelsea,Premier League,Italy,CM,"['CAM', 'CDM']",71,24
Josué Casimir,Havre AC,Ligue 1 McDonald's,France,RM,"['ST', 'RW']",71,122
Nélson Oliveira,Vitória SC,Liga Portugal,Portugal,ST,,71,109
Maximiliano Caufriez,Valencia CF,LALIGA EA SPORTS,Belgium,CB,,71,22
Fabien Centonze,FC Nantes,Ligue 1 McDonald's,France,RB,,71,103
Ricardo Mangas,Vitória SC,Liga Portugal,Portugal,LM,"['LB', 'LW']",71,109
Timmy Chandler,Frankfurt,Bundesliga,United States,RB,['RM'],71,46
Youssef Chermiti,Everton,Premier League,Portugal,ST,,71,33
Marcus Coco,FC Nantes,Ligue 1 McDonald's,France,RM,"['RB', 'RW']",71,103
Diego Coppola,Hellas Verona,Serie A Enilive,Italy,CB,,71,98
Fábio Ronaldo,Rio Ave FC,Liga Portugal,Portugal,LW,"['LB', 'LM']",71,121
Soumaila Coulibaly,Stade Brestois 29,Ligue 1 McDonald's,France,CB,,71,76
Woyo Coulibaly,Parma,Serie A Enilive,France,RB,['LB'],71,101
Wylan Cyprien,Parma,Serie A Enilive,France,CDM,['CM'],71,101
Oday Dabbagh,Sp. Charleroi,1A Pro League,Palestine,ST,,71,116
Keinan Davis,Udinese,Serie A Enilive,England,ST,,71,118
Fabiano Souza,Moreirense FC,Liga Portugal,Brazil,RB,['RM'],71,131
Liam Delap,Ipswich,Premier League,England,ST,['RW'],71,99
Mathias Delorge,KAA Gent,1A Pro League,Belgium,CM,['CDM'],71,137
Assane Diao Diaoune,Real Betis,LALIGA EA SPORTS,Spain,RM,"['LM', 'RW']",71,38
Moussa Diarra,D. Alavés,LALIGA EA SPORTS,Mali,LB,['CB'],71,90
Pedro Díaz,Rayo Vallecano,LALIGA EA SPORTS,Spain,CM,"['CDM', 'CAM']",71,56
Lucas Piazón,AVS Futebol SAD,Liga Portugal,Brazil,CAM,"['RW', 'CM']",71,157
Benjamín Domínguez,Bologna,Serie A Enilive,Argentina,LM,"['CAM', 'LW']",71,52
Denis Dr?gu?,Eyüpspor,Trendyol Süper Lig,Romania,ST,['LM'],74,138
Jean-Kévin Duverne,FC Nantes,Ligue 1 McDonald's,Haiti,LB,"['RB', 'CB']",71,103
Enzo Ebosse,Udinese,Serie A Enilive,Cameroon,CB,,71,118
Souffian El Karouani,FC Utrecht,Eredivisie,Morocco,LB,,71,129
Zakaria El Ouahdi,KRC Genk,1A Pro League,Morocco,RB,['RM'],71,94
Eren Elmalý,Galatasaray,Trendyol Süper Lig,Turkey,LB,['CB'],77,12
Ivo Pinto,Fortuna Sittard,Eredivisie,Portugal,RB,,71,156
Mamadou Fall,Kasýmpaþa,Trendyol Süper Lig,Senegal,ST,['RM'],71,86
Clayton,Rio Ave FC,Liga Portugal,Brazil,ST,,71,121
Miguel Maga,Vitória SC,Liga Portugal,Portugal,RB,['RM'],71,109
Daam Foulon,KV Mechelen,1A Pro League,Belgium,LM,"['LB', 'LW']",71,127
Martin Frese,Hellas Verona,Serie A Enilive,Denmark,LB,,71,98
Omri Gandelman,KAA Gent,1A Pro League,Israel,CDM,"['CB', 'CM']",71,137
Joan González,Lecce,Serie A Enilive,Spain,CM,,71,66
Mario González,FC Famalicão,Liga Portugal,Spain,ST,"['LW', 'RW']",71,115
Jay Gorter,Ajax,Eredivisie,Holland,GK,,71,69
Alberto Grassi,Empoli,Serie A Enilive,Italy,CM,['CDM'],71,105
Robert Gumny,FC Augsburg,Bundesliga,Poland,RB,['CB'],71,107
Rodrigo Guth,Fortuna Sittard,Eredivisie,Brazil,CB,,71,156
Alen Halilovi?,Fortuna Sittard,Eredivisie,Croatia,CAM,['CM'],71,156
Isaac Hayden,Newcastle Utd,Premier League,England,CDM,"['CM', 'CB']",71,21
George Hirst,Ipswich,Premier League,England,ST,,71,99
Cédric Hountondji,Angers SCO,Ligue 1 McDonald's,Benin,CB,,71,142
Alessio Iovine,Como,Serie A Enilive,Italy,RB,['RM'],71,47
Andy Irving,West Ham,Premier League,Scotland,CM,['CAM'],71,35
Ardian Ismajli,Empoli,Serie A Enilive,Albania,CB,,71,105
Ryotaro Ito,STVV,1A Pro League,Japan,CM,,71,155
Daniel Iversen,Leicester City,Premier League,Denmark,GK,,71,87
Jakub Jankto,Cagliari,Serie A Enilive,Czech Republic,CM,"['LM', 'RM']",71,95
Christian Kabasele,Udinese,Serie A Enilive,Belgium,CB,,71,118
Warren Kamanzi,Toulouse FC,Ligue 1 McDonald's,Norway,RB,['RM'],71,91
Ahmetcan Kaplan,Ajax,Eredivisie,Turkey,CB,,71,69
Michael Kayode,Fiorentina,Serie A Enilive,Italy,RB,,71,68
Yannik Keitel,VfB Stuttgart,Bundesliga,Germany,CDM,"['CM', 'CB']",71,60
Gyrano Kerk,Royal Antwerp FC,1A Pro League,Suriname,RM,"['ST', 'RW']",71,62
Emre Kýlýnç,Samsunspor,Trendyol Süper Lig,Turkey,RM,"['LM', 'RW']",73,140
Mathias Kjølø,FC Twente,Eredivisie,Norway,CDM,['CM'],71,73
Markus Kolke,SV Werder Bremen,Bundesliga,Germany,GK,,71,93
Saël Kumbedi,OL,Ligue 1 McDonald's,France,RB,,71,43
Berkan Kutlu,Galatasaray,Trendyol Süper Lig,Turkey,CM,['CDM'],74,12
Grejohn Kyei,Sp. Charleroi,1A Pro League,France,ST,,71,116
Giorgos Kyriakopoulos,Monza,Serie A Enilive,Greece,LB,['LM'],71,82
Jordan Lefort,Angers SCO,Ligue 1 McDonald's,France,LB,['CB'],71,142
Félix Lemaréchal,Strasbourg,Ligue 1 McDonald's,France,CAM,"['CM', 'RM']",71,83
Luis Guilherme,West Ham,Premier League,Brazil,RM,"['LM', 'CAM', 'RW']",71,35
Pol Lirola,OM,Ligue 1 McDonald's,Spain,RB,['CB'],71,70
Danny Loader,FC Porto,Liga Portugal,England,ST,['CAM'],71,27
Sayfallah Ltaief,FC Twente,Eredivisie,Tunisia,LM,['LW'],71,73
Yvann Maçon,AS Saint-Étienne,Ligue 1 McDonald's,France,RB,['LB'],71,117
Mathieu Maertens,OH Leuven,1A Pro League,Belgium,CAM,,71,153
Daniel Maldini,Monza,Serie A Enilive,Italy,CAM,,71,82
Eliaquim Mangala,Estoril Praia,Liga Portugal,France,CB,,71,125
Manquillo,RC Celta,LALIGA EA SPORTS,Spain,RB,['RM'],71,25
Adrián Marín,SC Braga,Liga Portugal,Spain,LB,,71,48
Rafa Marín,SSC Napoli,Serie A Enilive,Spain,CB,,71,20
João Marques,SC Braga,Liga Portugal,Portugal,LW,"['CAM', 'CM', 'LM']",71,48
Bruno Martins Indi,AZ,Eredivisie,Holland,CB,,71,78
Igor Matanovi?,Frankfurt,Bundesliga,Croatia,ST,,71,46
Isaac Mbenza,Sp. Charleroi,1A Pro League,Belgium,LM,"['ST', 'RM', 'LW']",71,116
Kasey McAteer,Leicester City,Premier League,Republic of Ireland,RW,"['CAM', 'RM']",71,87
Alex McCarthy,Southampton,Premier League,England,GK,,71,57
Scott McKenna,UD Las Palmas,LALIGA EA SPORTS,Scotland,CB,,71,61
Meseguer,R. Valladolid CF,LALIGA EA SPORTS,Spain,CM,"['CAM', 'ST']",71,96
Mateu Morey,RCD Mallorca,LALIGA EA SPORTS,Spain,RB,['RM'],71,41
Raúl Moro,R. Valladolid CF,LALIGA EA SPORTS,Spain,LM,"['RM', 'LW']",71,96
Arbnor Muja,Samsunspor,Trendyol Süper Lig,Albania,RM,"['LM', 'RW']",71,140
Mickaël Nadé,AS Saint-Étienne,Ligue 1 McDonald's,France,CB,,71,117
Adamo Nagalo,PSV,Eredivisie,Burkina Faso,CB,,71,50
Paul Nebel,1. FSV Mainz 05,Bundesliga,Germany,CAM,"['CM', 'RM']",71,85
João Virgínia,Everton,Premier League,Portugal,GK,,71,33
Yvan Neyou,CD Leganés,LALIGA EA SPORTS,Cameroon,CDM,['CM'],71,80
Olivier Ntcham,Samsunspor,Trendyol Süper Lig,Cameroon,CM,"['CAM', 'RW']",74,140
Randy Nteka,Rayo Vallecano,LALIGA EA SPORTS,France,ST,['CAM'],71,56
Miguel Cardoso,Kayserispor,Trendyol Süper Lig,Portugal,LM,"['CAM', 'CM', 'LW']",71,149
Denis Odoi,Royal Antwerp FC,1A Pro League,Ghana,RB,"['CDM', 'CB']",71,62
Lawrence Ofori,Moreirense FC,Liga Portugal,Ghana,CM,['CDM'],71,131
Masaya Okugawa,FC Augsburg,Bundesliga,Japan,LM,"['CAM', 'LW']",71,107
Andrew Omobamidele,Nott'm Forest,Premier League,Republic of Ireland,CB,,71,79
Jacob Ondrejka,Royal Antwerp FC,1A Pro League,Sweden,LM,"['RM', 'CAM', 'LW']",71,62
Bruno Onyemaechi,Boavista FC,Liga Portugal,Nigeria,LB,['CB'],71,141
Jerome Opoku,Baþakþehir,Trendyol Süper Lig,Ghana,CB,,71,104
Gaetano Oristanio,Venezia,Serie A Enilive,Italy,CAM,['ST'],71,124
Aiham Ousou,Sp. Charleroi,1A Pro League,Syria,CB,,71,116
Elisha Owusu,AJ Auxerre,Ligue 1 McDonald's,Ghana,CDM,['CM'],71,128
Pacheco,Real Sociedad,LALIGA EA SPORTS,Spain,CB,,71,28
Alberto Paleari,Torino,Serie A Enilive,Italy,GK,,71,37
Nathan Patterson,Everton,Premier League,Scotland,RB,,71,33
Andy Pelmard,Lecce,Serie A Enilive,France,CB,['RB'],71,66
Máximo Perrone,Como,Serie A Enilive,Argentina,CM,['CDM'],71,47
Giuseppe Pezzella,Empoli,Serie A Enilive,Italy,LB,['LM'],71,105
Maximilian Philipp,SC Freiburg,Bundesliga,Germany,ST,['CAM'],71,42
Roberto Piccoli,Cagliari,Serie A Enilive,Italy,ST,,71,95
Jackson Porozo,CD Leganés,LALIGA EA SPORTS,Ecuador,CB,,71,80
Mateus Quaresma,Arouca,Liga Portugal,Brazil,LB,,71,139
Benito Raman,KV Mechelen,1A Pro League,Belgium,ST,"['RW', 'LW']",71,127
Mathias Rasmussen,R. Union St.-G.,1A Pro League,Norway,CM,['CAM'],71,102
Rayan Raveloson,AJ Auxerre,Ligue 1 McDonald's,Madagascar,CDM,,71,128
Bryan Reynolds,KVC Westerlo,1A Pro League,United States,RB,,71,154
Federico Ricca,OH Leuven,1A Pro League,Uruguay,CB,['LB'],71,153
Jonny Rowe,OM,Ligue 1 McDonald's,England,RM,"['LM', 'RW']",71,70
John Ruddy,Newcastle Utd,Premier League,England,GK,,71,21
Elias Saad,FC St. Pauli,Bundesliga,Tunisia,LW,"['LM', 'CAM']",71,135
Emmanuel Sabbi,Havre AC,Ligue 1 McDonald's,United States,LM,"['ST', 'LW']",71,122
Jorge Sáenz,CD Leganés,LALIGA EA SPORTS,Spain,CB,,71,80
Ramzi Safuri,Antalyaspor,Trendyol Süper Lig,Israel,CAM,['CM'],71,152
Yoann Salmier,Havre AC,Ligue 1 McDonald's,France,CB,['RB'],71,122
Malang Sarr,RC Lens,Ligue 1 McDonald's,France,CB,['LB'],71,45
Nico Serrano,Athletic Club,LALIGA EA SPORTS,Spain,LM,"['CAM', 'RM', 'LW']",71,19
Armindo Sieb,1. FSV Mainz 05,Bundesliga,Germany,ST,['RW'],71,85
Tim Siersleben,Heidenheim,Bundesliga,Germany,CB,,71,110
Miguel Reisinho,Boavista FC,Liga Portugal,Portugal,CM,"['CAM', 'CDM']",71,141
Matte Smets,KRC Genk,1A Pro League,Belgium,CB,,71,94
Simon Sohm,Parma,Serie A Enilive,Switzerland,CAM,"['CM', 'CDM']",71,101
Álex Sola,Getafe CF,LALIGA EA SPORTS,Spain,RM,"['RB', 'RW']",71,59
Jhon Solís,Girona FC,LALIGA EA SPORTS,Colombia,CDM,['CM'],71,36
Brandon Soppy,Atalanta,Serie A Enilive,France,RB,['RM'],71,40
Yira Sor,KRC Genk,1A Pro League,Nigeria,ST,['RM'],71,94
Hélder Costa,Estoril Praia,Liga Portugal,Angola,RM,"['LM', 'CAM', 'RW']",71,125
Pascal Stenzel,VfB Stuttgart,Bundesliga,Germany,RB,['CB'],71,60
Leonidas Stergiou,VfB Stuttgart,Bundesliga,Switzerland,CB,['RB'],71,60
Ross Stewart,Southampton,Premier League,Scotland,ST,,71,57
Kamaldeen Sulemana,Southampton,Premier League,Ghana,LW,"['ST', 'LM']",71,57
Ibrahim Sulemana,Atalanta,Serie A Enilive,Ghana,CDM,['CM'],71,40
Zion Suzuki,Parma,Serie A Enilive,Japan,GK,,71,101
César Tárrega,Valencia CF,LALIGA EA SPORTS,Spain,CB,,71,22
Filippo Terracciano,AC Milan,Serie A Enilive,Italy,RM,"['RB', 'LB', 'RW']",71,14
Tanner Tessmann,OL,Ligue 1 McDonald's,United States,CDM,['CM'],71,43
Norman Theuerkauf,Heidenheim,Bundesliga,Germany,CDM,['LB'],71,110
Sorba Thomas,FC Nantes,Ligue 1 McDonald's,Wales,RM,"['ST', 'RW']",71,103
Luke Thomas,Leicester City,Premier League,England,LB,,71,87
Jens Toornstra,FC Utrecht,Eredivisie,Holland,CAM,"['RM', 'CM']",71,129
Conor Townsend,Ipswich,Premier League,England,LB,,71,99
Boubacar Traoré,Wolves,Premier League,Mali,CDM,['CM'],71,75
Etienne Vaessen,FC Groningen,Eredivisie,Suriname,GK,,71,158
Nuno Santos,Vitória SC,Liga Portugal,Portugal,CM,,71,109
Zeno Van Den Bosch,Royal Antwerp FC,1A Pro League,Belgium,CB,,71,62
Hannes Van Der Bruggen,Cercle Brugge,1A Pro League,Belgium,CM,['CDM'],71,106
Zinho Vanheusden,KV Mechelen,1A Pro League,Belgium,CB,,71,127
Calvin Verdonk,N.E.C. Nijmegen,Eredivisie,Indonesia,LB,['CB'],71,114
Arno Verschueren,Sparta Rotterdam,Eredivisie,Belgium,CAM,['CM'],71,112
Birger Verstraete,OH Leuven,1A Pro League,Belgium,CM,['CDM'],71,153
Carlos Vicente,D. Alavés,LALIGA EA SPORTS,Spain,RM,['RW'],71,90
Mikel Villanueva,Vitória SC,Liga Portugal,Venezuela,CB,,71,109
Mattia Viti,Empoli,Serie A Enilive,Italy,CB,,71,105
Mërgim Vojvoda,Torino,Serie A Enilive,Kosovo,LM,"['CB', 'LW']",71,37
Timon Weiner,Holstein Kiel,Bundesliga,Germany,GK,,71,134
Mert Hakan Yandaþ,Fenerbahçe,Trendyol Süper Lig,Turkey,CM,['CAM'],71,30
Alessio Zerbin,SSC Napoli,Serie A Enilive,Italy,LW,['LM'],71,20
Jeroen Zoet,AZ,Eredivisie,Holland,GK,,71,78
Junior Adamu,SC Freiburg,Bundesliga,Austria,ST,,70,42
Anouar Ait El Hadj,R. Union St.-G.,1A Pro League,Belgium,CAM,"['CM', 'LM']",70,102
Doðan Alemdar,Stade Rennais FC,Ligue 1 McDonald's,Turkey,GK,,70,88
Bruno Costa,Nacional,Liga Portugal,Portugal,CM,['CDM'],70,159
Miguel Lopes,Estrela Amadora,Liga Portugal,Portugal,CB,['RB'],70,143
Giorgio Altare,Venezia,Serie A Enilive,Italy,CB,,70,124
Viti Rozada,UD Las Palmas,LALIGA EA SPORTS,Spain,RM,"['LM', 'RB', 'RW']",70,61
Kikas,Estrela Amadora,Liga Portugal,Portugal,ST,"['RW', 'LW']",70,143
Jordan Amavi,Stade Brestois 29,Ligue 1 McDonald's,France,LB,,70,76
Thierry Ambrose,KV Kortrijk,1A Pro League,France,ST,,70,132
Aurèle Amenda,Frankfurt,Bundesliga,Switzerland,CB,,70,46
Fabrizio Angileri,Getafe CF,LALIGA EA SPORTS,Argentina,LB,,70,59
José Arnáiz,CA Osasuna,LALIGA EA SPORTS,Spain,LM,"['ST', 'LW']",70,77
Majeed Ashimeru,RSC Anderlecht,1A Pro League,Ghana,CM,"['CDM', 'CAM']",70,92
Gastón Ávila,Ajax,Eredivisie,Argentina,CB,['LB'],70,69
Volkan Babacan,Baþakþehir,Trendyol Süper Lig,Turkey,GK,,70,104
Fodé Ballo-Touré,AC Milan,Serie A Enilive,Senegal,LB,['LM'],70,14
Abdoulaye Bamba,Angers SCO,Ligue 1 McDonald's,Côte d'Ivoire,CB,,70,142
Samuel Bastien,Fortuna Sittard,Eredivisie,Congo DR,CM,['LM'],70,156
David Bates,Standard Liège,1A Pro League,Scotland,CB,,70,130
Gabriel Batista,Santa Clara,Liga Portugal,Brazil,GK,,70,150
Bilal Bayazýt,Kayserispor,Trendyol Süper Lig,Turkey,GK,,70,149
Emin Bayram,KVC Westerlo,1A Pro League,Turkey,CB,,70,154
Adrian Beck,Heidenheim,Bundesliga,Germany,CM,['CAM'],70,110
Jeanuël Belocian,Leverkusen,Bundesliga,France,CB,['LB'],70,10
Berrocal,Getafe CF,LALIGA EA SPORTS,Spain,CB,,70,59
Marcus Bettinelli,Chelsea,Premier League,England,GK,,70,24
Emil Bohinen,Genoa,Serie A Enilive,Norway,CM,['CDM'],70,97
Kevin Bonifazi,Lecce,Serie A Enilive,Italy,CB,,70,66
Taylor Booth,FC Utrecht,Eredivisie,United States,RM,"['LM', 'RW']",70,129
Billal Brahimi,STVV,1A Pro League,Algeria,RW,"['ST', 'RM']",70,155
Mattijs Branderhorst,Fortuna Sittard,Eredivisie,Holland,GK,,70,156
James Bree,Southampton,Premier League,England,RB,['LB'],70,57
Abel Bretones,CA Osasuna,LALIGA EA SPORTS,Spain,LB,,70,77
Bruno Brígido,Estrela Amadora,Liga Portugal,Brazil,GK,,70,143
Archie Brown,Fenerbahçe,Trendyol Süper Lig,England,LM,"['LB', 'CB', 'LW']",77,30
Maxime Busi,Stade de Reims,Ligue 1 McDonald's,Belgium,RB,,70,89
Jofre,RCD Espanyol,LALIGA EA SPORTS,Spain,RM,"['LM', 'RW']",70,100
Martim Neto,Rio Ave FC,Liga Portugal,Portugal,CM,['CDM'],70,121
Pep Chavarría,Rayo Vallecano,LALIGA EA SPORTS,Spain,LB,['LM'],70,56
Leo Cordeiro,Estrela Amadora,Liga Portugal,Brazil,CM,,70,143
Pedro Álvaro,Estoril Praia,Liga Portugal,Portugal,CB,,70,125
Luís Silva,AVS Futebol SAD,Liga Portugal,Portugal,CM,['CDM'],70,157
Tanguy Coulibaly,Montpellier,Ligue 1 McDonald's,France,LM,"['RM', 'LW']",70,72
Lukas Daschner,VfL Bochum 1848,Bundesliga,Germany,ST,"['CAM', 'RW']",70,113
Marcos André,R. Valladolid CF,LALIGA EA SPORTS,Brazil,ST,,70,96
Madson,Moreirense FC,Liga Portugal,Brazil,RM,"['LM', 'RW']",70,131
Fisayo Dele-Bashiru,Lazio,Serie A Enilive,Nigeria,CAM,['CM'],70,34
Raffaele Di Gennaro,Inter,Serie A Enilive,Italy,GK,,70,7
Davide Diaw,Monza,Serie A Enilive,Italy,ST,,70,82
Juan Cruz,CD Leganés,LALIGA EA SPORTS,Spain,LM,"['CAM', 'RM', 'LW']",70,80
Sokratis Dioudis,Gaziantep,Trendyol Süper Lig,Greece,GK,,70,123
Carlos Domínguez,RC Celta,LALIGA EA SPORTS,Spain,CB,,70,25
Álex Domínguez,Toulouse FC,Ligue 1 McDonald's,Spain,GK,,70,91
Daniel Penha,Nacional,Liga Portugal,Brazil,CAM,"['RM', 'ST']",70,159
Couhaib Driouech,PSV,Eredivisie,Morocco,LW,['LM'],70,50
Milan ?uri?,Monza,Serie A Enilive,Bosnia and Herzegovina,ST,,70,82
Dennis Eckert Ayensa,Standard Liège,1A Pro League,Germany,ST,,70,130
Samuel Edozie,RSC Anderlecht,1A Pro League,England,LW,['LM'],70,92
Victor Edvardsen,Go Ahead Eagles,Eredivisie,Sweden,ST,,70,160
Johannes Eggestein,FC St. Pauli,Bundesliga,Germany,ST,,70,135
Ýrfan Can Eðribayat,Fenerbahçe,Trendyol Süper Lig,Turkey,GK,,70,30
Kingsley Ehizibue,Udinese,Serie A Enilive,Nigeria,RM,"['RB', 'RW']",70,118
Caleb Ekuban,Genoa,Serie A Enilive,Ghana,ST,"['RW', 'RM']",70,97
Oussama El Azzouzi,Bologna,Serie A Enilive,Morocco,CDM,['CM'],70,52
Oualid El Hajjam,Havre AC,Ligue 1 McDonald's,Morocco,RB,,70,122
Farid El Melali,Angers SCO,Ligue 1 McDonald's,Algeria,LM,"['RM', 'LW']",70,142
Yannik Engelhardt,Como,Serie A Enilive,Germany,CDM,['CM'],70,47
Patrick Erras,Holstein Kiel,Bundesliga,Germany,CB,['CDM'],70,134
Alieu Fadera,Como,Serie A Enilive,Gambia,LM,['LW'],70,47
Lamine Fomba,AS Saint-Étienne,Ligue 1 McDonald's,France,CDM,['CM'],70,117
Carlos Forbs,Wolves,Premier League,Portugal,LW,"['RW', 'LM']",70,75
Marlon Fossey,Standard Liège,1A Pro League,United States,RM,"['RB', 'RW']",70,130
Christian Früchtl,Lecce,Serie A Enilive,Germany,GK,,70,66
Cristian Gamboa,VfL Bochum 1848,Bundesliga,Costa Rica,RB,,70,113
Diego García,CD Leganés,LALIGA EA SPORTS,Spain,ST,['LM'],70,80
Denis Genreau,Toulouse FC,Ligue 1 McDonald's,Australia,CM,['CAM'],70,91
Pieter Gerkens,KAA Gent,1A Pro League,Belgium,CM,"['CAM', 'CDM']",70,137
Andrés Gómez,Stade Rennais FC,Ligue 1 McDonald's,Colombia,RM,['RW'],70,88
Josué Sá,Gil Vicente,Liga Portugal,Portugal,CB,,70,120
Dominik Greif,RCD Mallorca,LALIGA EA SPORTS,Slovakia,GK,,70,41
Semih Güler,Gaziantep,Trendyol Süper Lig,Turkey,CB,,72,123
Christian Gytkjær,Venezia,Serie A Enilive,Denmark,ST,,70,124
Geoffry Hairemans,KV Mechelen,1A Pro League,Belgium,RW,"['CAM', 'RM']",70,127
Ridgeciano Haps,Venezia,Serie A Enilive,Suriname,LM,"['LB', 'LW']",70,124
Liam Henderson,Empoli,Serie A Enilive,Scotland,CM,['CAM'],70,105
Lucas Áfrico,Farense,Liga Portugal,Brazil,CB,,70,148
Andrew Hjulsager,KAA Gent,1A Pro League,Denmark,CAM,['CM'],70,137
Mees Hoedemakers,N.E.C. Nijmegen,Eredivisie,Holland,CDM,['CM'],70,114
Carlo Holse,Samsunspor,Trendyol Süper Lig,Denmark,RM,"['CM', 'RW']",76,140
Mathias Honsak,Heidenheim,Bundesliga,Austria,LM,"['CAM', 'LW']",70,110
Pablo Ibáñez,CA Osasuna,LALIGA EA SPORTS,Spain,CM,['CDM'],70,77
George Ilenikhena,AS Monaco,Ligue 1 McDonald's,France,ST,,70,53
Marco John,TSG Hoffenheim,Bundesliga,Germany,LB,['LM'],70,39
Stanko Juri?,R. Valladolid CF,LALIGA EA SPORTS,Croatia,CDM,['CM'],70,96
Mohamed Kaba,Lecce,Serie A Enilive,France,CDM,['CM'],70,66
Takuro Kaneko,KV Kortrijk,1A Pro League,Japan,RW,"['CAM', 'RM']",70,132
Jesper Karlström,Udinese,Serie A Enilive,Sweden,CDM,['CM'],70,118
Mikkel Kaufmann,Heidenheim,Bundesliga,Denmark,ST,,70,110
Viktor Kovalenko,Atalanta,Serie A Enilive,Ukraine,CM,['CAM'],70,40
Joris Kramer,Go Ahead Eagles,Eredivisie,Holland,CB,,70,160
Thomas Thiesson Kristensen,Udinese,Serie A Enilive,Denmark,CB,,70,118
Larrazabal,Casa Pia AC,Liga Portugal,Spain,RM,"['RB', 'RW']",70,119
Julien Le Cardinal,Stade Brestois 29,Ligue 1 McDonald's,France,CB,['RB'],70,76
Donovan Léon,AJ Auxerre,Ligue 1 McDonald's,France,GK,,70,128
Pedro Pereira,Monza,Serie A Enilive,Portugal,RM,"['RB', 'LM', 'RW']",70,82
Javi López,Real Sociedad,LALIGA EA SPORTS,Spain,LB,,70,28
Pol Lozano,RCD Espanyol,LALIGA EA SPORTS,Spain,CDM,['CM'],70,100
Joe Lumley,Southampton,Premier League,England,GK,,70,57
André Ferreira,R. Valladolid CF,LALIGA EA SPORTS,Portugal,GK,,70,96
Seiya Maikuma,AZ,Eredivisie,Japan,RB,,70,78
Jordy Makengo,SC Freiburg,Bundesliga,France,LB,['CB'],70,42
Alejandro Marqués,Estoril Praia,Liga Portugal,Venezuela,ST,,70,125
Javi Martínez,CA Osasuna,LALIGA EA SPORTS,Spain,CM,['RM'],70,77
Chrislain Matsima,FC Augsburg,Bundesliga,France,CB,,70,107
Brice Maubleu,AS Saint-Étienne,Ligue 1 McDonald's,France,GK,,70,117
James McAtee,Manchester City,Premier League,England,RW,"['CM', 'CAM', 'RM']",70,2
Jakov Medi?,VfL Bochum 1848,Bundesliga,Croatia,CB,,70,113
Gideon Mensah,AJ Auxerre,Ligue 1 McDonald's,Ghana,LB,,70,128
John Mercado,AVS Futebol SAD,Liga Portugal,Ecuador,LW,"['LM', 'RM']",70,157
Karol Mets,FC St. Pauli,Bundesliga,Estonia,CB,,70,135
Enea Mihaj,FC Famalicão,Liga Portugal,Albania,CB,,70,115
Lucas Mincarelli,Montpellier,Ligue 1 McDonald's,France,LB,,70,72
Alan Minda,Cercle Brugge,1A Pro League,Ecuador,RM,"['ST', 'RW']",70,106
Koji Miyoshi,VfL Bochum 1848,Bundesliga,Japan,RM,"['CAM', 'RW']",70,113
Thomas Monconduit,AS Saint-Étienne,Ligue 1 McDonald's,France,CDM,['CM'],70,117
Weverson,Arouca,Liga Portugal,Brazil,LB,['LM'],70,139
Daniel Mosquera,Hellas Verona,Serie A Enilive,Colombia,ST,,70,98
Yerson Mosquera,Wolves,Premier League,Colombia,CB,['RB'],70,75
Santiago Mouriño,D. Alavés,LALIGA EA SPORTS,Uruguay,CB,['RB'],70,90
Abdul Mumin,Rayo Vallecano,LALIGA EA SPORTS,Ghana,CB,,70,56
Abdoulaye Ndiaye,Stade Brestois 29,Ligue 1 McDonald's,Senegal,CB,,70,76
Kiki,AVS Futebol SAD,Liga Portugal,Portugal,LB,"['CB', 'LM']",70,157
Aiden O'Neill,Standard Liège,1A Pro League,Australia,CDM,['CM'],70,130
Lucas Rosa,R. Valladolid CF,LALIGA EA SPORTS,Brazil,RB,"['RM', 'LB']",70,96
Ado Onaiwu,AJ Auxerre,Ligue 1 McDonald's,Japan,ST,['LM'],70,128
Amine Oudrhiri,Rio Ave FC,Liga Portugal,France,CM,['CDM'],70,121
Cenk Özkacar,R. Valladolid CF,LALIGA EA SPORTS,Turkey,CB,['LB'],70,96
Alex Paulsen,AFC Bournemouth,Premier League,New Zealand,GK,,70,65
Leonardo Pavoletti,Cagliari,Serie A Enilive,Italy,ST,,70,95
Alisson Safira,Santa Clara,Liga Portugal,Brazil,ST,,70,150
Rodrigo Pinho,Estrela Amadora,Liga Portugal,Brazil,ST,,70,143
Bruno Almeida,Santa Clara,Liga Portugal,Portugal,CAM,['LW'],70,150
Léo Pétrot,AS Saint-Étienne,Ligue 1 McDonald's,France,LB,['CB'],70,117
Patrick Pflücke,KV Mechelen,1A Pro League,Germany,LM,"['RM', 'LW']",70,127
Benedikt Pichler,Holstein Kiel,Bundesliga,Austria,ST,,70,134
Finn Porath,Holstein Kiel,Bundesliga,Germany,RM,"['CM', 'RW']",70,134
Ivan Prtajin,Union Berlin,Bundesliga,Croatia,ST,,70,84
Tymoteusz Puchacz,Holstein Kiel,Bundesliga,Poland,LB,['LM'],70,134
Ylber Ramadani,Lecce,Serie A Enilive,Albania,CDM,['CM'],70,66
Jesús Ramírez,Vitória SC,Liga Portugal,Venezuela,ST,,70,109
Benito,UD Las Palmas,LALIGA EA SPORTS,Spain,LB,"['LM', 'RM']",70,61
Federico Ravaglia,Bologna,Serie A Enilive,Italy,GK,,70,52
Abderrahman Rebbach,D. Alavés,LALIGA EA SPORTS,Algeria,LM,"['RM', 'CAM', 'LW']",70,90
Nuno Moreira,Casa Pia AC,Liga Portugal,Portugal,RM,['RW'],70,119
Loreintz Rosier,Fortuna Sittard,Eredivisie,France,CDM,['CM'],70,156
Kyriani Sabbe,Club Brugge,1A Pro League,Belgium,RB,['LB'],70,74
Stefano Sabelli,Genoa,Serie A Enilive,Italy,RB,['RM'],70,97
Marco Sala,Como,Serie A Enilive,Italy,LB,['LM'],70,47
Ibrahim Salah,Stade Brestois 29,Ligue 1 McDonald's,Morocco,ST,['LM'],70,76
Adrián,Real Betis,LALIGA EA SPORTS,Spain,GK,,70,38
Salvi Sánchez,RCD Espanyol,LALIGA EA SPORTS,Spain,RM,"['LM', 'RW']",70,100
Rúben Fernandes,Gil Vicente,Liga Portugal,Portugal,CB,,70,120
Carlos Ponck,Moreirense FC,Liga Portugal,Cape Verde Islands,CB,,70,131
Daniel Schmidt,KAA Gent,1A Pro League,Japan,GK,,70,137
Alexander Schwolow,Union Berlin,Bundesliga,Germany,GK,,70,84
Léo Scienza,Heidenheim,Bundesliga,Brazil,LM,"['LW', 'ST']",70,110
Marvin Senaya,Strasbourg,Ligue 1 McDonald's,France,RB,['RM'],70,83
Kaj Sierhuis,Fortuna Sittard,Eredivisie,Holland,ST,,70,156
Manu Silva,Vitória SC,Liga Portugal,Portugal,CB,['CDM'],70,109
Gabriel Silva,Santa Clara,Liga Portugal,Brazil,RM,"['LM', 'ST', 'RW']",70,150
Lassine Sinayoko,AJ Auxerre,Ligue 1 McDonald's,Mali,RM,"['LM', 'RW']",70,128
Rafa Soares,FC Famalicão,Liga Portugal,Portugal,LB,,70,115
Lucas Soares,Santa Clara,Liga Portugal,Brazil,RB,,70,150
Eduard Sobol,Strasbourg,Ligue 1 McDonald's,Ukraine,LB,['LM'],70,83
Jorne Spileers,Club Brugge,1A Pro League,Belgium,CB,,70,74
Filip Stankovi?,Venezia,Serie A Enilive,Serbia,GK,,70,124
Williot Swedberg,RC Celta,LALIGA EA SPORTS,Sweden,CM,['LW'],70,25
Ross Sykes,R. Union St.-G.,1A Pro League,England,CB,,70,102
Benjamin Tahirovi?,Ajax,Eredivisie,Bosnia and Herzegovina,CDM,['CM'],70,69
Loum Tchaouna,Lazio,Serie A Enilive,France,RW,"['ST', 'CAM', 'RM']",70,34
Enzo Tchato,Montpellier,Ligue 1 McDonald's,Cameroon,RB,,70,72
Umut Tohumcu,TSG Hoffenheim,Bundesliga,Germany,CAM,['CM'],70,39
Mirko Topi?,FC Famalicão,Liga Portugal,Serbia,CDM,,70,115
Ahmed Touba,KV Mechelen,1A Pro League,Algeria,CB,,70,127
Ignace Van der Brempt,Como,Serie A Enilive,Belgium,RB,['CB'],70,47
Rick van Drongelen,Samsunspor,Trendyol Süper Lig,Holland,CB,['LB'],75,140
Stijn van Gassel,N.E.C. Nijmegen,Eredivisie,Holland,GK,,70,114
Nikola Vasilj,FC St. Pauli,Bundesliga,Bosnia and Herzegovina,GK,,70,135
Luis Vázquez,RSC Anderlecht,1A Pro League,Argentina,ST,,70,92
Jesús Vázquez,Valencia CF,LALIGA EA SPORTS,Spain,LB,['LM'],70,22
Güray Vural,Antalyaspor,Trendyol Süper Lig,Turkey,LB,['LM'],70,152
Robert Wagner,FC St. Pauli,Bundesliga,Germany,CM,['CDM'],70,135
Sebastian Walukiewicz,Torino,Serie A Enilive,Poland,CB,,70,37
David Møller Wolfe,AZ,Eredivisie,Norway,LB,,70,78
Güven Yalçýn,Alanyaspor,Trendyol Süper Lig,Turkey,ST,"['RM', 'LM']",70,136
Kenan Yýldýz,Juventus,Serie A Enilive,Turkey,LW,"['ST', 'LM']",70,18
Gabriele Zappa,Cagliari,Serie A Enilive,Italy,RB,['RM'],70,95
Oskar Zawada,RKC Waalwijk,Eredivisie,Poland,ST,,70,161
Andi Zeqiri,Standard Liège,1A Pro League,Switzerland,ST,,70,130
Nadir Zortea,Cagliari,Serie A Enilive,Italy,RB,['RM'],70,95
Paxten Aaronson,FC Utrecht,Eredivisie,United States,CAM,['CM'],69,129
Afonso Freitas,Nacional,Liga Portugal,Portugal,LB,['LM'],69,159
Aceves,R. Valladolid CF,LALIGA EA SPORTS,Spain,GK,,69,96
Shawn Adewoye,Fortuna Sittard,Eredivisie,Belgium,CB,,69,156
Saad Agouzoul,AJ Auxerre,Ligue 1 McDonald's,Morocco,CB,,69,128
Naouirou Ahamada,Stade Rennais FC,Ligue 1 McDonald's,France,CM,"['CAM', 'RM']",69,88
Samet Akaydýn,Çaykur Rizespor,Trendyol Süper Lig,Turkey,CB,,72,133
Faride Alidou,Hellas Verona,Serie A Enilive,Germany,RM,"['LW', 'RW']",69,98
Skelly Alvero,SV Werder Bremen,Bundesliga,France,CDM,['CM'],69,93
Magnus Kofod Andersen,Venezia,Serie A Enilive,Denmark,CM,['CDM'],69,124
Stelios Andreou,Sp. Charleroi,1A Pro League,Cyprus,CB,,69,116
Oliver Antman,Go Ahead Eagles,Eredivisie,Finland,RW,"['ST', 'CAM', 'RM']",69,160
Bright Akwo Arrey-Mbi,SC Braga,Liga Portugal,Germany,CB,['LB'],69,48
Gustavo Assunção,AVS Futebol SAD,Liga Portugal,Brazil,CDM,['CM'],69,157
Florian Ayé,AJ Auxerre,Ligue 1 McDonald's,France,ST,,69,128
Paulo Azzi,Cagliari,Serie A Enilive,Brazil,LB,['LM'],69,95
Miguel Baeza,Nacional,Liga Portugal,Spain,RW,"['CM', 'CAM', 'RM']",69,159
Theo Bair,AJ Auxerre,Ligue 1 McDonald's,Canada,ST,,69,128
Bünyamin Balcý,Antalyaspor,Trendyol Süper Lig,Turkey,RB,['RM'],69,152
Botond Balogh,Parma,Serie A Enilive,Hungary,CB,,69,101
Dani Silva,Hellas Verona,Serie A Enilive,Portugal,CM,['CDM'],69,98
Fran Vieites,Real Betis,LALIGA EA SPORTS,Spain,GK,,69,38
Filipe Soares,Farense,Liga Portugal,Portugal,CM,,69,148
Thierno Barry,Villarreal CF,LALIGA EA SPORTS,France,ST,,69,32
Daniele Baselli,Como,Serie A Enilive,Italy,CM,['CDM'],69,47
Mortadha Ben Ouanes,Kasýmpaþa,Trendyol Süper Lig,Tunisia,LB,"['RM', 'LM']",69,86
Álex Bermejo,Farense,Liga Portugal,Spain,LM,"['ST', 'RM', 'LW']",69,148
Augustine Boakye,AS Saint-Étienne,Ligue 1 McDonald's,Ghana,RM,"['CAM', 'RW']",69,117
Christopher Bonsu Baah,KRC Genk,1A Pro League,Ghana,RM,"['LM', 'RW']",69,94
Jordan Bos,KVC Westerlo,1A Pro League,Australia,LB,['LM'],69,154
Badredine Bouanani,OGC Nice,Ligue 1 McDonald's,Algeria,RW,['RM'],69,64
Dedryck Boyata,Club Brugge,1A Pro League,Belgium,CB,,69,74
Can Bozdoðan,FC Utrecht,Eredivisie,Germany,CM,['CDM'],69,129
Domagoj Bradari?,Hellas Verona,Serie A Enilive,Croatia,LM,"['LB', 'LW']",69,98
Tim Breithaupt,FC Augsburg,Bundesliga,Germany,CDM,['CM'],69,107
Marco Brescianini,Atalanta,Serie A Enilive,Italy,CM,['CDM'],69,40
Benny,Moreirense FC,Liga Portugal,Portugal,CAM,"['RM', 'LM']",69,131
Moritz Broschinski,VfL Bochum 1848,Bundesliga,Germany,ST,,69,113
Michael Brouwer,FC Utrecht,Eredivisie,Holland,GK,,69,129
Nathaniel Brown,Frankfurt,Bundesliga,Germany,LB,['CM'],69,46
Marko Bulat,Standard Liège,1A Pro League,Croatia,CM,['CDM'],69,130
Onur Bulut,Baþakþehir,Trendyol Süper Lig,Turkey,RB,['RM'],69,104
Diego Callai,Sporting CP,Liga Portugal,Brazil,GK,,69,26
Andrea Carboni,Monza,Serie A Enilive,Italy,CB,['LB'],69,82
Carreira,RC Celta,LALIGA EA SPORTS,Spain,RB,['RM'],69,25
Pedro Santos,Arouca,Liga Portugal,Portugal,CM,"['RM', 'CDM']",69,139
Seydouba Cisse,CD Leganés,LALIGA EA SPORTS,Guinea,CM,"['RM', 'CDM']",69,80
Harry Clarke,Ipswich,Premier League,England,RB,['CB'],69,99
João Aurélio,Nacional,Liga Portugal,Portugal,RB,,69,159
Pastor,Farense,Liga Portugal,Brazil,RB,,69,148
Charles,Vitória SC,Liga Portugal,Brazil,GK,,69,109
Colin Dagba,K. Beerschot VA,1A Pro League,France,RB,,69,162
Samuel Dahl,AS Roma,Serie A Enilive,Sweden,LB,,69,13
André Geraldes,Casa Pia AC,Liga Portugal,Portugal,RB,,69,119
Jonathan de Guzmán,Sparta Rotterdam,Eredivisie,Holland,CM,['CDM'],69,112
Justin de Haas,FC Famalicão,Liga Portugal,Holland,CB,,69,115
De La Hoz,R. Valladolid CF,LALIGA EA SPORTS,Spain,CDM,"['CB', 'CM']",69,96
Arthur,Leverkusen,Bundesliga,Brazil,RB,"['RM', 'LM']",69,10
Deivid Washington,Chelsea,Premier League,Brazil,ST,"['LM', 'CAM']",69,24
Alessandro Deiola,Cagliari,Serie A Enilive,Italy,CM,['CDM'],69,95
Amadou Diawara,RSC Anderlecht,1A Pro League,Guinea,CDM,['CM'],69,92
Mitchell Dijks,Fortuna Sittard,Eredivisie,Holland,LB,,69,156
Landry Dimata,Samsunspor,Trendyol Süper Lig,Belgium,ST,,69,140
Assane Dioussé,AJ Auxerre,Ligue 1 McDonald's,Senegal,CDM,['CM'],69,128
Pablo Roberto,Casa Pia AC,Liga Portugal,Brazil,CM,['LW'],69,119
Souleyman Doumbia,Standard Liège,1A Pro League,Côte d'Ivoire,LB,"['CB', 'LM']",69,130
Vetle Dragsnes,Sp. Charleroi,1A Pro League,Norway,LM,"['LB', 'LW']",69,116
Oliver Valaker Edvardsen,Go Ahead Eagles,Eredivisie,Norway,LM,"['RM', 'LW']",69,160
Mike Eerdhuijzen,Sparta Rotterdam,Eredivisie,Holland,CB,,69,112
Úmaro Embaló,Fortuna Sittard,Eredivisie,Portugal,LM,"['RM', 'LW']",69,156
Björn Engels,Royal Antwerp FC,1A Pro League,Belgium,CB,,69,62
Khalil Fayad,Montpellier,Ligue 1 McDonald's,Morocco,CM,['CDM'],69,72
Mattia Felici,Cagliari,Serie A Enilive,Italy,LM,['LW'],69,95
Tomané,Farense,Liga Portugal,Portugal,ST,,69,148
Luca Fiordilino,Venezia,Serie A Enilive,Italy,CDM,['CM'],69,124
Kian Fitz-Jim,Ajax,Eredivisie,Holland,CM,['CDM'],69,69
Sherel Floranus,PEC Zwolle,Eredivisie,Curaçao,RB,"['CB', 'LB']",69,146
Tiago Morais,Rio Ave FC,Liga Portugal,Portugal,LM,['LW'],69,121
Matheus França,Crystal Palace,Premier League,Brazil,CAM,"['LW', 'RW']",69,51
Franquesa,CD Leganés,LALIGA EA SPORTS,Spain,LB,['LM'],69,80
Matija Frigan,KVC Westerlo,1A Pro League,Croatia,ST,,69,154
Alessandro Gabrielloni,Como,Serie A Enilive,Italy,ST,,69,47
Pedro Amaral,Estoril Praia,Liga Portugal,Portugal,LB,,69,125
Daniele Ghilardi,Hellas Verona,Serie A Enilive,Italy,CB,,69,98
Óscar Gil,OH Leuven,1A Pro League,Spain,RB,['LB'],69,153
Bruno Godeau,STVV,1A Pro League,Belgium,CB,,69,155
Mika Godts,Ajax,Eredivisie,Belgium,LW,"['RW', 'LM']",69,69
Wouter Goes,AZ,Eredivisie,Holland,CB,,69,78
Dani Gómez,Valencia CF,LALIGA EA SPORTS,Spain,ST,,69,22
Rober,N.E.C. Nijmegen,Eredivisie,Spain,RM,"['CAM', 'RW']",69,114
Peter,Getafe CF,LALIGA EA SPORTS,Dominican Republic,RM,"['LM', 'RW']",69,59
Fabio González,UD Las Palmas,LALIGA EA SPORTS,Spain,CDM,['CM'],69,61
Samuel Grandsir,Havre AC,Ligue 1 McDonald's,France,LM,['LW'],69,122
Parfait Guiagon,Sp. Charleroi,1A Pro League,Côte d'Ivoire,RM,"['RW', 'LM']",69,116
Patrik Gunnarsson,KV Kortrijk,1A Pro League,Iceland,GK,,69,132
Nicolas Haas,Empoli,Serie A Enilive,Switzerland,CM,,69,105
Florent Hadergjonaj,Alanyaspor,Trendyol Süper Lig,Kosovo,RB,,69,136
Doðucan Haspolat,KVC Westerlo,1A Pro League,Turkey,CDM,['CM'],69,154
Herzog,UD Las Palmas,LALIGA EA SPORTS,Spain,CB,,69,61
James Hill,AFC Bournemouth,Premier League,England,CB,['RB'],69,65
Jack Hinshelwood,Brighton,Premier League,England,CDM,['RB'],69,55
Kristian Hlynsson,Ajax,Eredivisie,Iceland,CAM,"['CM', 'RW']",69,69
Gerrit Holtmann,VfL Bochum 1848,Bundesliga,Philippines,LM,"['LW', 'RM']",69,113
Majid Hosseini,Kayserispor,Trendyol Süper Lig,Iran,CB,,69,149
Johan Hove,FC Groningen,Eredivisie,Norway,CM,['CAM'],69,158
Jannik Huth,SC Freiburg,Bundesliga,Germany,GK,,69,42
Chukwubuikem Ikwuemesi,OH Leuven,1A Pro League,Nigeria,ST,,69,153
Tim Iroegbunam,Everton,Premier League,England,CDM,['CM'],69,33
Nordin Jackers,Club Brugge,1A Pro League,Belgium,GK,,69,74
Dominik Janošek,NAC Breda,Eredivisie,Czech Republic,CAM,"['LM', 'CM']",69,163
Victor Jensen,FC Utrecht,Eredivisie,Denmark,CAM,['CM'],69,129
Marko Jevtovic,Konyaspor,Trendyol Süper Lig,Serbia,CDM,['CM'],69,108
Yalçýn Kayan,Eyüpspor,Trendyol Süper Lig,Turkey,CM,"['CDM', 'CAM']",69,138
Check Keita,Sp. Charleroi,1A Pro League,France,CB,,69,116
Luca Kerber,Heidenheim,Bundesliga,Germany,CM,['CDM'],69,110
Okan Kocuk,Samsunspor,Trendyol Süper Lig,Turkey,GK,,73,140
Peer Koopmeiners,AZ,Eredivisie,Holland,CDM,['CM'],69,78
Michiel Kramer,RKC Waalwijk,Eredivisie,Holland,ST,,69,161
Roman Kv?t,FCV Dender EH,1A Pro League,Czech Republic,CM,['CDM'],69,164
Moritz-Broni Kwarteng,VfL Bochum 1848,Bundesliga,Germany,RW,"['CAM', 'ST', 'RM']",69,113
Mayckel Lahdo,AZ,Eredivisie,Sweden,RW,['RM'],69,78
Nicola Leali,Genoa,Serie A Enilive,Italy,GK,,69,97
Tobe Leysen,OH Leuven,1A Pro League,Belgium,GK,,69,153
Krisztián Lisztes,Frankfurt,Bundesliga,Hungary,CAM,['ST'],69,46
Dailon Rocha Livramento,Hellas Verona,Serie A Enilive,Cape Verde Islands,ST,['RM'],69,98
Javi Llabrés,RCD Mallorca,LALIGA EA SPORTS,Spain,LM,"['RM', 'LW']",69,41
Joseph Lopy,Angers SCO,Ligue 1 McDonald's,Senegal,CDM,['CM'],69,142
Shuto Machino,Holstein Kiel,Bundesliga,Japan,ST,,69,134
Tiago Sá,SC Braga,Liga Portugal,Portugal,GK,,69,48
Nico Mantl,Arouca,Liga Portugal,Germany,GK,,69,139
Sékou Mara,Strasbourg,Ligue 1 McDonald's,France,ST,,69,83
Filip Marchwi?ski,Lecce,Serie A Enilive,Poland,CAM,"['ST', 'RW']",69,66
Mirko Mari?,Monza,Serie A Enilive,Croatia,ST,,69,82
Jaílson,RC Celta,LALIGA EA SPORTS,Brazil,CB,"['CDM', 'CM']",69,25
Carlos Martín,D. Alavés,LALIGA EA SPORTS,Spain,ST,,69,90
Ringo Meerveld,Willem II,Eredivisie,Holland,CAM,"['LM', 'CM']",69,165
Antoine Mendy,OGC Nice,Ligue 1 McDonald's,France,CB,['RB'],69,64
Connor Metcalfe,FC St. Pauli,Bundesliga,Australia,CM,"['CDM', 'RW']",69,135
Anuar,R. Valladolid CF,LALIGA EA SPORTS,Morocco,CM,"['CAM', 'LM']",69,96
Marius Mouandilmadji,Samsunspor,Trendyol Süper Lig,Chad,ST,,73,140
Rassoul Ndiaye,Havre AC,Ligue 1 McDonald's,Senegal,CDM,['CM'],69,122
Cher Ndour,Fiorentina,Serie A Enilive,Italy,CM,['CAM'],69,68
Filipe Ferreira,Boavista FC,Liga Portugal,Portugal,LB,['CB'],69,141
Hugo Novoa,D. Alavés,LALIGA EA SPORTS,Spain,RM,"['RB', 'RW']",69,90
Adam Obert,Cagliari,Serie A Enilive,Slovakia,CB,['LB'],69,95
Tim Oermann,VfL Bochum 1848,Bundesliga,Germany,CB,['RB'],69,113
Koki Ogawa,N.E.C. Nijmegen,Eredivisie,Japan,ST,,69,114
Oh Hyeon Gyu,KRC Genk,1A Pro League,Korea Republic,ST,,69,94
Ricardinho,Santa Clara,Liga Portugal,Portugal,LM,"['CAM', 'LW']",69,150
Jan Olschowsky,M'gladbach,Bundesliga,Germany,GK,,69,81
Joel Ordoñez,Club Brugge,1A Pro League,Ecuador,CB,,69,74
Orri Óskarsson,Real Sociedad,LALIGA EA SPORTS,Iceland,ST,,69,28
Kassoum Ouattara,AS Monaco,Ligue 1 McDonald's,France,LB,,69,53
Assan Ouédraogo,RB Leipzig,Bundesliga,Germany,CAM,['CM'],69,23
Godfried Ayesu Owusu Frimpong,Kasýmpaþa,Trendyol Süper Lig,Holland,LB,,69,86
Rome-Jayden Owusu-Oduro,AZ,Eredivisie,Holland,GK,,69,78
Daniele Padelli,Udinese,Serie A Enilive,Italy,GK,,69,118
Jonathan Panzo,Rio Ave FC,Liga Portugal,England,CB,,69,121
Felix Passlack,VfL Bochum 1848,Bundesliga,Germany,RB,['RM'],69,113
Nico Paz,Como,Serie A Enilive,Argentina,CAM,['CM'],69,47
Timothée Pembélé,Havre AC,Ligue 1 McDonald's,France,RB,,69,122
Óscar Perea,Strasbourg,Ligue 1 McDonald's,Colombia,LM,['LW'],69,83
Matheus Pereira,Santa Clara,Liga Portugal,Brazil,LB,,69,150
Samuele Perisan,Empoli,Serie A Enilive,Italy,GK,,69,105
Rafael Barbosa,Farense,Liga Portugal,Portugal,LW,"['CAM', 'LM']",69,148
Ewoud Pletinckx,OH Leuven,1A Pro League,Belgium,CB,,69,153
Ole Pohlmann,Rio Ave FC,Liga Portugal,Germany,CM,"['CAM', 'ST']",69,121
Boris Popovi?,Arouca,Liga Portugal,Serbia,CB,,69,139
Antonio Raimondo,Venezia,Serie A Enilive,Italy,ST,,69,124
Zé Carlos,Gil Vicente,Liga Portugal,Portugal,RB,,69,120
Alex Pinto,Arouca,Liga Portugal,Portugal,RB,,69,139
Rodrigo Ribeiro,AVS Futebol SAD,Liga Portugal,Portugal,ST,"['CAM', 'LW']",69,157
Carlos Romero,RCD Espanyol,LALIGA EA SPORTS,Spain,LB,['LM'],69,100
Ibrahim Sadiq,AZ,Eredivisie,Ghana,RW,"['LW', 'RM']",69,78
Moïse Sahi,Strasbourg,Ligue 1 McDonald's,Côte d'Ivoire,ST,['CAM'],69,83
Théo Sainte-Luce,Montpellier,Ligue 1 McDonald's,France,LB,,69,72
Junior Sambia,Empoli,Serie A Enilive,France,RB,['RM'],69,105
Derick Poloni,Farense,Liga Portugal,Brazil,LB,['RB'],69,148
Tayyip Talha Sanuç,Beþiktaþ,Trendyol Süper Lig,Turkey,CB,,69,31
Ryan Sanusi,K. Beerschot VA,1A Pro League,Belgium,CDM,['CM'],69,162
Lubomír Šatka,Samsunspor,Trendyol Süper Lig,Slovakia,CB,,69,140
R?zvan Sava,Udinese,Serie A Enilive,Romania,GK,,69,118
Jasper Schendelaar,PEC Zwolle,Eredivisie,Holland,GK,,69,146
Guilherme Schettine,Moreirense FC,Liga Portugal,Brazil,ST,,69,131
Deian Sorescu,Gaziantep,Trendyol Süper Lig,Romania,RM,"['RB', 'RW']",69,123
Saïdou Sow,Strasbourg,Ligue 1 McDonald's,Guinea,CB,,69,83
Kamal Sowah,Club Brugge,1A Pro League,Ghana,ST,['CAM'],69,74
Michael Svoboda,Venezia,Serie A Enilive,Austria,CB,,69,124
Denis Thomalla,Heidenheim,Bundesliga,Germany,CAM,['CM'],69,110
Emirhan Topçu,Beþiktaþ,Trendyol Süper Lig,Turkey,CB,,69,31
Philipp Treu,FC St. Pauli,Bundesliga,Germany,LB,"['LM', 'RB']",69,135
Alfonso Trezza,Arouca,Liga Portugal,Uruguay,RM,"['LM', 'RW']",69,139
Leonardo Buta,Moreirense FC,Liga Portugal,Portugal,LB,,69,131
Kacper Urba?ski,Bologna,Serie A Enilive,Poland,CAM,"['CM', 'LM']",69,52
Edgaras Utkus,Cercle Brugge,1A Pro League,Lithuania,CB,"['CDM', 'RB']",69,106
Necip Uysal,Beþiktaþ,Trendyol Süper Lig,Turkey,CB,"['CDM', 'RB']",69,31
Lautaro Valenti,Parma,Serie A Enilive,Argentina,CB,['LB'],69,101
Mitchell van Bergen,FC Twente,Eredivisie,Holland,RM,"['LM', 'RW']",69,73
Ruben van Bommel,AZ,Eredivisie,Holland,LW,['LM'],69,78
Sander van de Streek,Antalyaspor,Trendyol Süper Lig,Holland,CAM,['CM'],69,152
Rein Van Helden,STVV,1A Pro League,Belgium,CB,,69,155
Bart van Rooij,FC Twente,Eredivisie,Holland,RB,,69,73
Alessandro Vogliacco,Genoa,Serie A Enilive,Italy,CB,,69,97
Nick Woltemade,VfB Stuttgart,Bundesliga,Germany,ST,['CAM'],69,60
Nathan Wood,Southampton,Premier League,England,CB,,69,57
John Yeboah,Venezia,Serie A Enilive,Ecuador,RW,"['CAM', 'RM']",69,124
Leopold Zingerle,RB Leipzig,Bundesliga,Germany,GK,,69,23
Simon Zoller,FC St. Pauli,Bundesliga,Germany,ST,"['RW', 'RM']",69,135
Bobby Adekanye,Go Ahead Eagles,Eredivisie,Holland,RM,['RW'],68,160
Kaio César,Vitória SC,Liga Portugal,Brazil,RW,"['LW', 'RM']",68,109
João Silva,KV Kortrijk,1A Pro League,Portugal,CB,,68,132
Óscar Aranda,FC Famalicão,Liga Portugal,Spain,LM,"['RM', 'LW']",68,115
Carlens Arcus,Angers SCO,Ligue 1 McDonald's,Haiti,RB,,68,142
Jann-Fiete Arp,Holstein Kiel,Bundesliga,Germany,ST,['RM'],68,134
Valentin Atangana,Stade de Reims,Ligue 1 McDonald's,France,CDM,['CM'],68,89
Arthur Atta,Udinese,Serie A Enilive,France,CAM,['CM'],68,118
Soner Aydoðdu,Samsunspor,Trendyol Süper Lig,Turkey,CDM,['CM'],68,140
Leandro Bacuna,FC Groningen,Eredivisie,Curaçao,RB,"['RM', 'CM']",68,158
Nordin Bakker,Almere City FC,Eredivisie,Holland,GK,,68,166
Aliou Baldé,VfL Bochum 1848,Bundesliga,Guinea,RW,['RM'],68,113
William Balikwisha,OH Leuven,1A Pro League,Congo DR,CAM,"['CM', 'RM']",68,153
Afonso Moreira,Sporting CP,Liga Portugal,Portugal,RM,"['LM', 'LW', 'RW']",68,26
Gil Dias,FC Famalicão,Liga Portugal,Portugal,LM,"['RM', 'LW']",68,115
Yanis Begraoui,Estoril Praia,Liga Portugal,Morocco,ST,"['RM', 'LM']",68,125
Alaa Bellaarouch,Strasbourg,Ligue 1 McDonald's,Morocco,GK,,68,83
Lucas Bergvall,Spurs,Premier League,Sweden,CM,,68,16
Alexander Bernhardsson,Holstein Kiel,Bundesliga,Sweden,RM,"['RW', 'ST']",68,134
Tom Bischof,FC Bayern München,Bundesliga,Germany,CAM,['CM'],68,3
El Chadaille Bitshiabu,RB Leipzig,Bundesliga,France,CB,,68,23
Massimo Bruno,KV Kortrijk,1A Pro League,Belgium,CAM,"['LM', 'CM']",68,132
Calegari,Eyüpspor,Trendyol Süper Lig,Brazil,RB,['CDM'],73,138
Richard,Alanyaspor,Trendyol Süper Lig,Brazil,CDM,['CM'],68,136
Pedro Lima,Wolves,Premier League,Brazil,RB,['RM'],68,75
Facundo Agustín Cáseres,Gil Vicente,Liga Portugal,Argentina,CDM,['CM'],68,120
Gabriel Charpentier,Parma,Serie A Enilive,Congo,ST,,68,101
Julián Chicco,CD Leganés,LALIGA EA SPORTS,Argentina,CM,"['CDM', 'CB']",68,80
Pelle Clement,Sparta Rotterdam,Eredivisie,Holland,CM,"['CDM', 'RM']",68,112
Amara Condé,sc Heerenveen,Eredivisie,Germany,CM,['CDM'],68,147
Lasso Coulibaly,AJ Auxerre,Ligue 1 McDonald's,Côte d'Ivoire,RM,['RW'],68,128
Thomas Dähne,Holstein Kiel,Bundesliga,Germany,GK,,68,134
Amadou Dante,Arouca,Liga Portugal,Mali,LB,,68,139
Diogo Pinto,Sporting CP,Liga Portugal,Portugal,GK,,68,26
Mees de Wit,AZ,Eredivisie,Holland,LB,,68,78
Théo Defourny,Sp. Charleroi,1A Pro League,Belgium,GK,,68,116
Mats Deijl,Go Ahead Eagles,Eredivisie,Holland,RB,,68,160
Cristian Devenish,AVS Futebol SAD,Liga Portugal,Colombia,CB,,68,157
Soner Dikmen,Antalyaspor,Trendyol Süper Lig,Turkey,CM,['CDM'],68,152
Adam D?wiga?a,FC St. Pauli,Bundesliga,Poland,CB,['RB'],68,135
Ronnie Edwards,Southampton,Premier League,England,CB,,68,57
Pierre Ekwah,AS Saint-Étienne,Ligue 1 McDonald's,France,CM,['CDM'],68,117
Mounaïm El Idrissy,KV Kortrijk,1A Pro League,France,ST,['RM'],68,132
Jacopo Fazzini,Empoli,Serie A Enilive,Italy,CM,['CAM'],68,105
Volnei Feltes,Estoril Praia,Liga Portugal,Brazil,CB,['RB'],68,125
João Ferreira,SC Braga,Liga Portugal,Portugal,RB,['CB'],68,48
Rúben Macedo,Nacional,Liga Portugal,Portugal,LW,"['RW', 'LM']",68,159
Oscar Luigi Fraulo,FC Utrecht,Eredivisie,Denmark,CDM,['CM'],68,129
Haruya Fujii,KV Kortrijk,1A Pro League,Japan,CB,,68,132
Nino Galovi?,Arouca,Liga Portugal,Croatia,CB,,68,139
Joe Gauci,Aston Villa,Premier League,Australia,GK,,68,17
Ismaël Gharbi,SC Braga,Liga Portugal,Spain,LW,"['CAM', 'LM']",68,48
Iván Gil,UD Las Palmas,LALIGA EA SPORTS,Spain,CM,"['LM', 'LW']",68,61
Antonio Gomis,Atlético de Madrid,LALIGA EA SPORTS,Spain,GK,,68,9
Bryan Goncalves,FCV Dender EH,1A Pro League,France,LB,['CB'],68,164
Bruninho,Cercle Brugge,1A Pro League,Brazil,LW,"['RW', 'CAM', 'LM']",68,106
Mathieu Gorgelin,Havre AC,Ligue 1 McDonald's,France,GK,,68,122
Andri Lucas Gu?johnsen,KAA Gent,1A Pro League,Iceland,ST,,68,137
Baptiste Guillaume,Almere City FC,Eredivisie,Belgium,ST,,68,166
Umut Güneþ,Baþakþehir,Trendyol Süper Lig,Turkey,CM,['CDM'],68,104
Florent Hanin,Angers SCO,Ligue 1 McDonald's,France,LB,,68,142
Sontje Hansen,N.E.C. Nijmegen,Eredivisie,Holland,RM,"['LM', 'RW']",68,114
?órir Jóhann Helgason,Lecce,Serie A Enilive,Iceland,CM,,68,66
Herrando,CA Osasuna,LALIGA EA SPORTS,Spain,CB,,68,77
Justin Hoogma,Heracles Almelo,Eredivisie,Holland,CB,,68,167
Siebe Horemans,FC Utrecht,Eredivisie,Belgium,RB,['CB'],68,129
Jizz Hornkamp,Heracles Almelo,Eredivisie,Holland,ST,,68,167
Dean Huijsen,AFC Bournemouth,Premier League,Spain,CB,,68,65
Jay Idzes,Venezia,Serie A Enilive,Indonesia,CB,,68,124
Ahmed Ildýz,Göztepe,Trendyol Süper Lig,Turkey,CM,"['CAM', 'CDM']",70,145
Mihajlo Ili?,Bologna,Serie A Enilive,Serbia,CB,,68,52
Rare? Ilie,OGC Nice,Ligue 1 McDonald's,Romania,LM,"['LW', 'CAM']",68,64
Marko Ivezi?,Holstein Kiel,Bundesliga,Serbia,CB,['CDM'],68,134
Diego Moreira,Strasbourg,Ligue 1 McDonald's,Portugal,LM,"['RM', 'LW']",68,83
Jordan James,Stade Rennais FC,Ligue 1 McDonald's,Wales,CM,"['CAM', 'CDM']",68,88
Nicolas Janvier,Alanyaspor,Trendyol Süper Lig,France,CM,,68,136
Vít?zslav Jaroš,Liverpool,Premier League,Czech Republic,GK,,68,6
Gaby Jean,Lecce,Serie A Enilive,France,CB,,68,66
Ulisses Wilson,Nacional,Liga Portugal,Brazil,CB,,68,159
Carl Johansson,Holstein Kiel,Bundesliga,Sweden,CB,,68,134
Samuel Soares,SL Benfica,Liga Portugal,Portugal,GK,,68,29
Marco Kana,RSC Anderlecht,1A Pro League,Belgium,CDM,"['CB', 'CM']",68,92
Aljoscha Kemlein,Union Berlin,Bundesliga,Germany,CM,['CDM'],68,84
Sam Kersten,sc Heerenveen,Eredivisie,Holland,CB,,68,147
Colin Kleine-Bekel,Holstein Kiel,Bundesliga,Germany,CB,,68,134
Magnus Knudsen,Holstein Kiel,Bundesliga,Norway,CM,"['CDM', 'LM']",68,134
Marco Komenda,Holstein Kiel,Bundesliga,Germany,CB,['LB'],68,134
Mory Konaté,KV Mechelen,1A Pro League,Guinea,CDM,['CM'],68,127
Eboue Kouassi,Arouca,Liga Portugal,Côte d'Ivoire,CDM,['CM'],68,139
Kacper Kozlowski,Gaziantep,Trendyol Süper Lig,Poland,LM,"['CAM', 'LW']",68,123
Filip Krastev,PEC Zwolle,Eredivisie,Bulgaria,CAM,['CM'],68,146
Lion Lauberbach,KV Mechelen,1A Pro League,Germany,ST,,68,127
Tom Louchet,OGC Nice,Ligue 1 McDonald's,France,LW,"['CM', 'RM', 'LM']",68,64
Julián Malatini,SV Werder Bremen,Bundesliga,Argentina,CB,['RB'],68,93
Sivert Heggheim Mannsverk,Ajax,Eredivisie,Norway,CDM,['CM'],68,69
Iván Márquez,N.E.C. Nijmegen,Eredivisie,Spain,CB,,68,114
Mario Martín,R. Valladolid CF,LALIGA EA SPORTS,Spain,CM,,68,96
Núrio Fortuna,KAA Gent,1A Pro League,Angola,CB,['LM'],68,137
Danilo Veiga,Estrela Amadora,Liga Portugal,Portugal,RB,['CM'],68,143
Hamza Mendyl,OH Leuven,1A Pro League,Morocco,LM,"['LB', 'LW']",68,153
Mehdi Merghem,Farense,Liga Portugal,France,RM,['RW'],68,148
Billal Messaoudi,KV Kortrijk,1A Pro League,Algeria,ST,['RW'],68,132
Metinho,Sparta Rotterdam,Eredivisie,Brazil,CDM,['CM'],68,112
Stefan Mitrovi?,OH Leuven,1A Pro League,Serbia,LM,"['RM', 'LW']",68,153
Aimen Moueffek,AS Saint-Étienne,Ligue 1 McDonald's,Morocco,CM,['CDM'],68,117
Rui Modesto,Udinese,Serie A Enilive,Angola,RM,"['RB', 'RW']",68,118
Ngal'ayel Mukau,LOSC Lille,Ligue 1 McDonald's,Congo DR,CDM,['CM'],68,49
Beni,Casa Pia AC,Liga Portugal,Angola,CM,['CDM'],68,119
Moussa N'Diaye,RSC Anderlecht,1A Pro League,Senegal,LB,['LM'],68,92
Nikolas Nartey,VfB Stuttgart,Bundesliga,Denmark,CM,"['CDM', 'LB']",68,60
João Muniz,Rio Ave FC,Liga Portugal,Portugal,CB,['LB'],68,121
Alassane Ndao,Konyaspor,Trendyol Süper Lig,Senegal,RM,['RW'],68,108
Roman Neustädter,KVC Westerlo,1A Pro League,Russia,CB,['CDM'],68,154
Ibrahima Niane,Angers SCO,Ligue 1 McDonald's,Senegal,ST,,68,142
Julian Niehues,Heidenheim,Bundesliga,Germany,CDM,['CM'],68,110
Samuel Obeng,Casa Pia AC,Liga Portugal,Ghana,ST,,68,119
Alexandre Olliero,Stade de Reims,Ligue 1 McDonald's,France,GK,,68,89
Simon Olsson,sc Heerenveen,Eredivisie,Sweden,CM,"['RM', 'CDM']",68,147
Jérôme Onguéné,Frankfurt,Bundesliga,Cameroon,CB,,68,46
Thijs Oosting,FC Groningen,Eredivisie,Holland,ST,"['LM', 'CAM']",68,158
Pedro Ortiz,Sevilla FC,LALIGA EA SPORTS,Spain,CM,['CDM'],68,67
Yassin Oukili,RKC Waalwijk,Eredivisie,Morocco,CDM,['CM'],68,161
Luca Oyen,KRC Genk,1A Pro League,Belgium,LM,['LW'],68,94
Berke Özer,LOSC Lille,Ligue 1 McDonald's,Turkey,GK,,68,49
Renato Pantalon,Rio Ave FC,Liga Portugal,Croatia,CB,,68,121
Troy Parrott,AZ,Eredivisie,Republic of Ireland,ST,['RW'],68,78
Louis Patris,STVV,1A Pro League,Belgium,RB,['CB'],68,155
Marvin Peersman,FC Groningen,Eredivisie,Belgium,CB,['LB'],68,158
Pietro Pellegri,Empoli,Serie A Enilive,Italy,ST,,68,105
Théo Pellenard,AJ Auxerre,Ligue 1 McDonald's,France,CB,,68,128
Henrique Araújo,Arouca,Liga Portugal,Portugal,ST,,68,139
Santiago Pierotti,Lecce,Serie A Enilive,Argentina,RW,"['ST', 'CAM', 'RM']",68,66
Balthazar Pierret,Lecce,Serie A Enilive,France,CDM,"['CM', 'CB']",68,66
Guilherme Ramos,Santa Clara,Liga Portugal,Portugal,CB,,68,150
Gianluca Prestianni,SL Benfica,Liga Portugal,Argentina,RM,"['CAM', 'CM', 'RW']",68,29
Maxence Prévot,OH Leuven,1A Pro League,France,GK,,68,153
Ruben Providence,Almere City FC,Eredivisie,France,LM,['LW'],68,166
Christiaan Ravych,Cercle Brugge,1A Pro League,Belgium,CB,['LB'],68,106
Ferro,Estrela Amadora,Liga Portugal,Portugal,CB,,68,143
Nicolai Remberg,Holstein Kiel,Bundesliga,Germany,CM,['CDM'],68,134
Thomas Robinet,Almere City FC,Eredivisie,France,ST,['CAM'],68,166
Thiago Rodrigues,Arouca,Liga Portugal,Brazil,GK,,68,139
Kevin Rodríguez,R. Union St.-G.,1A Pro League,Ecuador,ST,['LW'],68,102
Miguel Rodríguez,FC Utrecht,Eredivisie,Spain,RM,"['LM', 'RW']",68,129
?an Rogelj,Sp. Charleroi,1A Pro League,Slovenia,RM,['RW'],68,116
Sandro Cruz,Gil Vicente,Liga Portugal,Angola,LB,"['LM', 'CB']",68,120
Patrick William,Rio Ave FC,Liga Portugal,Brazil,CB,,68,121
Ömer Ali Þahiner,Baþakþehir,Trendyol Süper Lig,Turkey,RB,"['RM', 'CM']",68,104
João Graça,Rio Ave FC,Liga Portugal,Portugal,CM,['RW'],68,121
Nazim Sangaré,Gaziantep,Trendyol Süper Lig,Turkey,RB,['RM'],68,123
Kaish? Sano,1. FSV Mainz 05,Bundesliga,Japan,CM,['CDM'],68,85
Kodai Sano,N.E.C. Nijmegen,Eredivisie,Japan,LM,"['CAM', 'CM', 'LW']",68,114
Amin Sarr,Hellas Verona,Serie A Enilive,Sweden,ST,['LW'],68,98
Nikolas Sattlberger,KRC Genk,1A Pro League,Austria,CDM,,68,94
Allahyar Sayyadmanesh,KVC Westerlo,1A Pro League,Iran,LM,"['RM', 'ST', 'LW']",68,154
Stefan Schimmer,Heidenheim,Bundesliga,Germany,ST,,68,110
Marvin Schulz,Holstein Kiel,Bundesliga,Germany,CB,"['CDM', 'CM']",68,134
Rubin Seigers,KVC Westerlo,1A Pro League,Belgium,CB,,68,154
Marco Matias,Farense,Liga Portugal,Portugal,LM,"['LW', 'RM']",68,148
Roko Šimi?,KV Kortrijk,1A Pro League,Croatia,ST,,68,132
Danel Sinani,FC St. Pauli,Bundesliga,Luxembourg,RM,"['RW', 'CAM']",68,135
Tobias Sippel,M'gladbach,Bundesliga,Germany,GK,,68,81
Abdoulaye Sissako,KV Kortrijk,1A Pro League,France,CM,['CDM'],68,132
Issa Soumaré,Havre AC,Ligue 1 McDonald's,Senegal,LM,"['ST', 'LW']",68,122
Furkan Soyalp,Gaziantep,Trendyol Süper Lig,Turkey,CM,"['CDM', 'CAM']",68,123
Lucas Stassin,AS Saint-Étienne,Ligue 1 McDonald's,Belgium,ST,,68,117
Boško Šutalo,Standard Liège,1A Pro League,Croatia,CB,,68,130
Jack Taylor,Ipswich,Premier League,Republic of Ireland,CDM,['CM'],68,99
Duplexe Tchamba,Casa Pia AC,Liga Portugal,Cameroon,CB,,68,119
Tidjany Touré,Gil Vicente,Liga Portugal,France,LM,['LW'],68,120
Turrientes,Real Sociedad,LALIGA EA SPORTS,Spain,CM,['CDM'],68,28
Naci Ünüvar,RCD Espanyol,LALIGA EA SPORTS,Turkey,LW,"['CAM', 'LM']",68,100
Hakon Valdimarsson,Brentford,Premier League,Iceland,GK,,68,71
Valera,Valencia CF,LALIGA EA SPORTS,Spain,RM,"['LM', 'RW']",68,22
Jules Van Cleemput,KV Mechelen,1A Pro League,Belgium,CB,['RB'],68,127
Tom van de Looi,FC Famalicão,Liga Portugal,Holland,CDM,['CM'],68,115
Davy van den Berg,PEC Zwolle,Eredivisie,Holland,CM,"['CDM', 'LM']",68,146
Jan Van den Bergh,NAC Breda,Eredivisie,Belgium,CB,['LB'],68,163
Djevencio van der Kust,Sparta Rotterdam,Eredivisie,Suriname,LB,,68,112
Tom Vandenberghe,KV Kortrijk,1A Pro League,Belgium,GK,,68,132
Dal Varešanovic,Çaykur Rizespor,Trendyol Süper Lig,Bosnia and Herzegovina,CAM,['CM'],70,133
Devis Vásquez,Empoli,Serie A Enilive,Colombia,GK,,68,105
Dylan Vente,PEC Zwolle,Eredivisie,Suriname,ST,,68,146
Gabriel Vidovi?,1. FSV Mainz 05,Bundesliga,Croatia,LW,"['LM', 'ST']",68,85
Sandy Walsh,KV Mechelen,1A Pro League,Indonesia,RB,['RM'],68,127
Christian Walton,Ipswich,Premier League,England,GK,,68,99
Paul Wanner,FC Bayern München,Bundesliga,Germany,CAM,['RM'],68,3
Caleb Wiley,Strasbourg,Ligue 1 McDonald's,United States,LB,,68,83
Yehor Yarmoliuk,Brentford,Premier League,Ukraine,CAM,"['CM', 'RW']",68,71
Kartal Yýlmaz,Beþiktaþ,Trendyol Süper Lig,Turkey,CDM,['CM'],68,31
Jordan Zemura,Udinese,Serie A Enilive,Zimbabwe,LB,['LM'],68,118
Altin Zeqiri,Çaykur Rizespor,Trendyol Süper Lig,Kosovo,LW,"['RW', 'LM']",70,133
Nathan Zézé,FC Nantes,Ligue 1 McDonald's,France,CB,,68,103
Shiloh 't Zand,Heracles Almelo,Eredivisie,Holland,CAM,"['CM', 'LM']",67,167
Giorgi Aburjania,AVS Futebol SAD,Liga Portugal,Georgia,CM,['CDM'],67,157
Faisal Al Ghamdi,K. Beerschot VA,1A Pro League,Saudi Arabia,CM,"['LM', 'CDM']",67,162
Andreas Albers,FC St. Pauli,Bundesliga,Denmark,ST,,67,135
Fidan Aliti,Alanyaspor,Trendyol Süper Lig,Kosovo,CB,['LB'],67,136
Iker Álvarez,Villarreal CF,LALIGA EA SPORTS,Andorra,GK,,67,32
Gustavo Henrique,Estrela Amadora,Liga Portugal,Brazil,RW,"['LW', 'RM']",67,143
Jamal Amofa,Go Ahead Eagles,Eredivisie,Holland,CB,,67,160
Nilson Angulo,RSC Anderlecht,1A Pro League,Ecuador,LW,"['RW', 'LM']",67,92
Jon Mikel Aramburu,Real Sociedad,LALIGA EA SPORTS,Venezuela,RB,,67,28
Julian Baas,Sparta Rotterdam,Eredivisie,Holland,CM,['CDM'],67,112
Youri Baas,Ajax,Eredivisie,Holland,LB,['CB'],67,69
Isaac Babadi,PSV,Eredivisie,Holland,CAM,"['CM', 'LW']",67,50
Felix Bacher,Estoril Praia,Liga Portugal,Austria,CB,['RB'],67,125
Jean-Mattéo Bahoya,Frankfurt,Bundesliga,France,LM,"['CAM', 'LW']",67,46
Saïd Bakari,Sparta Rotterdam,Eredivisie,Netherlands,RB,,67,112
Max Balard,NAC Breda,Eredivisie,Australia,CM,['CDM'],67,163
Ezechiel Banzuzi,RB Leipzig,Bundesliga,Holland,CM,['CAM'],67,23
Raffael Behounek,Willem II,Eredivisie,Austria,CB,,67,165
Zineddine Belaïd,STVV,1A Pro League,Algeria,CB,,67,155
Luca Belardinelli,Empoli,Serie A Enilive,Italy,CDM,['CM'],67,105
Steven Benda,Fulham,Premier League,Germany,GK,,67,44
Antoine Bernier,Sp. Charleroi,1A Pro League,Belgium,ST,"['LM', 'RM']",67,116
Adriano Bertaccini,STVV,1A Pro League,Belgium,ST,"['RW', 'LW']",67,155
Tayfur Bingöl,Beþiktaþ,Trendyol Süper Lig,Turkey,LB,"['LM', 'CM']",67,31
Moïse Bombito,OGC Nice,Ligue 1 McDonald's,Canada,CB,['LB'],67,64
Benjamin Bouchouari,AS Saint-Étienne,Ligue 1 McDonald's,Morocco,CM,,67,117
Luuk Brouwers,sc Heerenveen,Eredivisie,Holland,CAM,"['CM', 'CDM']",67,147
Buatu,Gil Vicente,Liga Portugal,Angola,CB,,67,120
Sascha Burchert,FC St. Pauli,Bundesliga,Germany,GK,,67,135
Oliver Burke,SV Werder Bremen,Bundesliga,Scotland,RM,"['ST', 'RW']",67,93
Oriol Busquets,Arouca,Liga Portugal,Spain,CDM,"['CM', 'CB']",67,139
Butzke,Nacional,Liga Portugal,Spain,ST,,67,159
Zico Buurmeester,AZ,Eredivisie,Holland,CM,['CDM'],67,78
Ibrahima Camará,Boavista FC,Liga Portugal,Guinea,CDM,['CM'],67,141
Ousmane Camara,Angers SCO,Ligue 1 McDonald's,France,CB,,67,142
Wagner Pina,Estoril Praia,Liga Portugal,Cape Verde Islands,RM,"['RB', 'RW']",67,125
André Sousa,Nacional,Liga Portugal,Portugal,CM,,67,159
Jesús Castillo,Gil Vicente,Liga Portugal,Peru,CDM,['CM'],67,120
Yoann Cathline,FC Utrecht,Eredivisie,France,LM,"['ST', 'LW']",67,129
Alberto Cerri,Como,Serie A Enilive,Italy,ST,,67,47
Moutir Chajia,Como,Serie A Enilive,Belgium,LM,"['CAM', 'LW']",67,47
Denilho Cleonise,RKC Waalwijk,Eredivisie,Holland,RM,"['LM', 'RW']",67,161
Sirlord Conteh,Heidenheim,Bundesliga,Germany,ST,['RM'],67,110
Nikita Contini,SSC Napoli,Serie A Enilive,Ukraine,GK,,67,20
Domen ?rnigoj,Venezia,Serie A Enilive,Slovenia,CM,,67,124
Iván Cuéllar,RCD Mallorca,LALIGA EA SPORTS,Spain,GK,,67,41
Alessio Da Cruz,Fortuna Sittard,Eredivisie,Cape Verde Islands,ST,['CAM'],67,156
Felipe Augusto,Trabzonspor,Trendyol Süper Lig,Brazil,ST,"['LM', 'CAM']",67,58
Pedro Trigueira,AVS Futebol SAD,Liga Portugal,Portugal,GK,,67,157
Brian De Keersmaecker,Heracles Almelo,Eredivisie,Belgium,CDM,['CM'],67,167
Fabian de Keijzer,Heracles Almelo,Eredivisie,Holland,GK,,67,167
Dion De Neve,KV Kortrijk,1A Pro League,Belgium,LM,"['LB', 'RM', 'LW']",67,132
Yusuf Demir,Galatasaray,Trendyol Süper Lig,Austria,RM,"['CAM', 'RW']",67,12
Will Dennis,AFC Bournemouth,Premier League,England,GK,,67,65
Halil Ýbrahim Derviþoðlu,Çaykur Rizespor,Trendyol Süper Lig,Turkey,ST,['CAM'],67,133
Mahamadou Diawara,OL,Ligue 1 McDonald's,France,CM,,67,43
Matisse Didden,FC Utrecht,Eredivisie,Belgium,CB,,67,129
Thomas Didillon-Hödl,Willem II,Eredivisie,France,GK,,67,165
Guillaume Dietsch,FCV Dender EH,1A Pro League,France,GK,,67,164
Amine El Ouazzani,SC Braga,Liga Portugal,Morocco,ST,['RM'],67,48
Onur Ergün,Baþakþehir,Trendyol Süper Lig,Turkey,CDM,['CM'],67,104
Mustafa Eskihellaç,Trabzonspor,Trendyol Süper Lig,Turkey,RM,"['RB', 'LM', 'RW']",67,58
Noah Fadiga,KAA Gent,1A Pro League,Senegal,RB,['RM'],67,137
Gonçalo Costa,Estoril Praia,Liga Portugal,Portugal,LB,['LM'],67,125
Matias Fernandez-Pardo,LOSC Lille,Ligue 1 McDonald's,Belgium,CAM,,67,49
Miguel Sousa,Casa Pia AC,Liga Portugal,Portugal,CAM,"['CM', 'RM']",67,119
Rafael Nel,Sporting CP,Liga Portugal,Portugal,ST,"['RW', 'CAM']",67,26
Kolbeinn Birgir Finnsson,FC Utrecht,Eredivisie,Iceland,LB,,67,129
José Fontán,Arouca,Liga Portugal,Spain,CB,['LB'],67,139
Iver Fossum,KV Kortrijk,1A Pro League,Norway,CM,,67,132
Abu Francis,Cercle Brugge,1A Pro League,Ghana,CM,,67,106
Joel Chima Fujita,STVV,1A Pro League,Japan,CDM,['CM'],67,155
Anton Gaaei,Ajax,Eredivisie,Denmark,RB,,67,69
Anselmo García MacNulty,PEC Zwolle,Eredivisie,Republic of Ireland,CB,['LB'],67,146
Yarek,Valencia CF,LALIGA EA SPORTS,Spain,CB,['LB'],67,22
Armin Gigovi?,Holstein Kiel,Bundesliga,Bosnia and Herzegovina,CM,['CDM'],67,134
Caio Secco,Moreirense FC,Liga Portugal,Brazil,GK,,67,131
Vítor Gomes,Rio Ave FC,Liga Portugal,Portugal,CM,['CDM'],67,121
Diego González,Lazio,Serie A Enilive,Paraguay,LW,"['RW', 'LM']",67,34
Pablo Gozálbez,Arouca,Liga Portugal,Spain,CAM,"['LM', 'RM']",67,139
Jaume Grau,AVS Futebol SAD,Liga Portugal,Spain,CM,,67,157
Leo Greiml,NAC Breda,Eredivisie,Austria,CB,,67,163
Marc Guiu,Chelsea,Premier League,Spain,ST,,67,24
Anis Hadj-Moussa,Feyenoord,Eredivisie,Algeria,RW,"['CAM', 'RM']",67,54
Ramon Hendriks,VfB Stuttgart,Bundesliga,Holland,CB,['LB'],67,60
Daan Heymans,Sp. Charleroi,1A Pro League,Belgium,CAM,['CM'],67,116
André Luiz,Estrela Amadora,Liga Portugal,Brazil,ST,"['LW', 'RW']",67,143
Hidde Jurjus,FC Groningen,Eredivisie,Holland,GK,,67,158
Yusuf Kabadayi,FC Augsburg,Bundesliga,Germany,RM,"['CM', 'RW']",67,107
Ali Karimi,Kayserispor,Trendyol Süper Lig,Iran,CM,['CDM'],67,149
Mads Kikkenborg,RSC Anderlecht,1A Pro League,Denmark,GK,,67,92
Arda Kýzýldað,Gaziantep,Trendyol Süper Lig,Turkey,CB,['RB'],70,123
Carl Klaus,Union Berlin,Bundesliga,Germany,GK,,67,84
Ilias Kostis,Atlético de Madrid,LALIGA EA SPORTS,Greece,CB,['LB'],67,9
Ýsmail Köybaþý,Göztepe,Trendyol Süper Lig,Turkey,LB,['LM'],69,145
Ahmed Kutucu,Galatasaray,Trendyol Süper Lig,Turkey,LW,,74,12
Gustaf Lagerbielke,FC Twente,Eredivisie,Sweden,CB,,67,73
Senne Lammens,Royal Antwerp FC,1A Pro League,Belgium,GK,,67,62
Nikolai Laursen,Heracles Almelo,Eredivisie,Denmark,RM,['RW'],67,167
Richard Ledezma,PSV,Eredivisie,United States,CAM,['CM'],67,50
Clint Leemans,NAC Breda,Eredivisie,Holland,CM,['CDM'],67,163
Julian Lelieveld,RKC Waalwijk,Eredivisie,Holland,RB,,67,161
Evert Linthorst,Go Ahead Eagles,Eredivisie,Holland,CDM,['CM'],67,160
Noah Loosli,VfL Bochum 1848,Bundesliga,Switzerland,CB,,67,113
Salem M'Bakata,Gaziantep,Trendyol Süper Lig,France,RB,['LB'],67,123
Paris Maghoma,Brentford,Premier League,England,CM,['CDM'],67,71
Kristiyan Malinov,KV Kortrijk,1A Pro League,Bulgaria,CDM,['CM'],67,132
Mark Mampassi,KV Kortrijk,1A Pro League,Russia,CB,,67,132
Artur Jorge,Farense,Liga Portugal,Portugal,CB,,67,148
Félix,Real Betis,LALIGA EA SPORTS,Spain,CB,['LB'],67,38
Gabri Martínez,SC Braga,Liga Portugal,Spain,RM,"['LM', 'RW']",67,48
Henrique Pereira,Casa Pia AC,Liga Portugal,Portugal,LW,"['RW', 'LM']",67,119
Diogo Travassos,Estrela Amadora,Liga Portugal,Portugal,RB,"['LB', 'RM']",67,143
Nayel Mehssatou,KV Kortrijk,1A Pro League,Chile,RB,"['RM', 'CDM']",67,132
Umut Meraþ,Eyüpspor,Trendyol Süper Lig,Turkey,LB,['LM'],67,138
David Min,FC Utrecht,Eredivisie,Holland,ST,,67,129
Novatus Miroshi,Göztepe,Trendyol Süper Lig,Tanzania,LB,"['CB', 'CDM']",69,145
Shunsuke Mito,Sparta Rotterdam,Eredivisie,Japan,RM,['RW'],67,112
Martim Fernandes,FC Porto,Liga Portugal,Portugal,RB,['LB'],67,27
Gerrit Nauber,Go Ahead Eagles,Eredivisie,Germany,CB,,67,160
David Nemeth,FC St. Pauli,Bundesliga,Austria,CB,,67,135
Julien Ngoy,KV Mechelen,1A Pro League,Belgium,ST,['LM'],67,127
Nathan Ngoy,Standard Liège,1A Pro League,Belgium,CB,['RB'],67,130
Ken Nkuba,KRC Genk,1A Pro League,Belgium,RM,"['RB', 'RW']",67,94
Brooke Norton-Cuffy,Genoa,Serie A Enilive,England,RB,,67,97
Lucas Noubi,Standard Liège,1A Pro League,Belgium,CB,['RB'],67,130
Ché Nunnely,sc Heerenveen,Eredivisie,Suriname,RM,['RW'],67,147
Ryoya Ogawa,STVV,1A Pro League,Japan,LB,['RB'],67,155
Yllan Okou,Hellas Verona,Serie A Enilive,France,CB,,67,98
Olasagasti,Real Sociedad,LALIGA EA SPORTS,Spain,CM,['CDM'],67,28
Ibrahim Olawoyin,Çaykur Rizespor,Trendyol Süper Lig,Nigeria,CAM,"['CM', 'CDM']",70,133
Ben Old,AS Saint-Étienne,Ligue 1 McDonald's,New Zealand,LM,"['CAM', 'CM', 'LW']",67,117
Aimé Omgba,KAA Gent,1A Pro League,Holland,CAM,['CM'],67,137
Baþar Önal,N.E.C. Nijmegen,Eredivisie,Turkey,LM,"['RM', 'LW']",67,114
William Osula,Newcastle Utd,Premier League,Denmark,ST,,67,21
Zinédine Ould Khaled,Angers SCO,Ligue 1 McDonald's,France,CDM,['CM'],67,142
Giannis Papanikolaou,Çaykur Rizespor,Trendyol Süper Lig,Greece,CM,['CB'],67,133
Pablo Felipe,Gil Vicente,Liga Portugal,Brazil,RM,"['ST', 'RW']",67,120
Simone Perilli,Hellas Verona,Serie A Enilive,Italy,GK,,67,98
Kristoffer Peterson,Fortuna Sittard,Eredivisie,Sweden,LM,"['RM', 'LW']",67,156
Jeremy Petris,Sp. Charleroi,1A Pro League,France,RB,,67,116
Lucas Pirard,KV Kortrijk,1A Pro League,Belgium,GK,,67,132
Damián Pizarro,Udinese,Serie A Enilive,Chile,ST,,67,118
Ernest Poku,Leverkusen,Bundesliga,Holland,RW,"['LW', 'RM']",67,10
Romano Postema,FC Groningen,Eredivisie,Holland,ST,,67,158
Isaac Price,Standard Liège,1A Pro League,Northern Ireland,CM,['RM'],67,130
Hamza Rafia,Lecce,Serie A Enilive,Tunisia,CM,['CAM'],67,66
Nuno Lima,Alanyaspor,Trendyol Süper Lig,Portugal,CB,,67,136
Marco Rente,FC Groningen,Eredivisie,Germany,CB,,67,158
Robin Risser,Strasbourg,Ligue 1 McDonald's,France,GK,,67,83
Lars Ritzka,FC St. Pauli,Bundesliga,Germany,LB,['LM'],67,135
Matías Rocha,Arouca,Liga Portugal,Uruguay,CB,['RB'],67,139
Rúben Lima,Estrela Amadora,Liga Portugal,Portugal,CB,['LB'],67,143
Luís Rocha,Santa Clara,Liga Portugal,Portugal,CB,,67,150
Ignacio Rodríguez,AVS Futebol SAD,Liga Portugal,Uruguay,CB,,67,157
Tuur Rommens,KVC Westerlo,1A Pro League,Belgium,LB,['LM'],67,154
Noah Sadiki,R. Union St.-G.,1A Pro League,Congo DR,CDM,"['CM', 'RB']",67,102
Loret Sadiku,Kasýmpaþa,Trendyol Süper Lig,Albania,CDM,"['CB', 'CM']",67,86
Anass Salah-Eddine,FC Twente,Eredivisie,Holland,LB,['CM'],67,73
Amine Salama,Stade de Reims,Ligue 1 McDonald's,France,ST,['LM'],67,89
Veysel Sarý,Antalyaspor,Trendyol Süper Lig,Turkey,CB,,67,152
Aurélien Scheidler,FCV Dender EH,1A Pro League,France,ST,,67,164
Joël Schingtienne,Venezia,Serie A Enilive,Belgium,CB,['RB'],67,124
Kenneth Schmidt,SC Freiburg,Bundesliga,Germany,CB,,67,42
Ilias Sebaoui,sc Heerenveen,Eredivisie,Morocco,LM,"['CAM', 'LW']",67,147
Muhammed Þengezer,Baþakþehir,Trendyol Süper Lig,Turkey,GK,,73,104
Patrick Gilmar Sequeira,Casa Pia AC,Liga Portugal,Costa Rica,GK,,67,119
Marin Šverko,Venezia,Serie A Enilive,Croatia,CB,,67,124
Younes Taha,FC Twente,Eredivisie,Morocco,RM,"['LM', 'RW']",67,73
Ertuðrul Taþkýran,Alanyaspor,Trendyol Süper Lig,Turkey,GK,,67,136
Geovany Quenda,Sporting CP,Liga Portugal,Portugal,RW,"['LW', 'RM']",67,26
Mickaël Tirpan,Willem II,Eredivisie,Turkey,RB,['CDM'],67,165
Keke Topp,SV Werder Bremen,Bundesliga,Germany,ST,,67,93
David Torres,R. Valladolid CF,LALIGA EA SPORTS,Spain,CB,,67,96
Derrick Katuku Tshimanga,K. Beerschot VA,1A Pro League,Belgium,LB,"['CB', 'LM']",67,162
Kyan Vaesen,Willem II,Eredivisie,Belgium,ST,,67,165
Dario Van den Buijs,RKC Waalwijk,Eredivisie,Belgium,CB,,67,161
Thomas Van Den Keybus,KVC Westerlo,1A Pro League,Belgium,LM,"['CM', 'RM', 'LW']",67,154
Mickey van der Hart,sc Heerenveen,Eredivisie,Holland,GK,,67,147
Alec Van Hoorenbeeck,FC Twente,Eredivisie,Belgium,CB,['LB'],67,73
Yanick van Osch,RKC Waalwijk,Eredivisie,Holland,GK,,67,161
Nilton Varela,Estrela Amadora,Liga Portugal,Portugal,LB,['LM'],67,143
Odysseus Velanas,PEC Zwolle,Eredivisie,Holland,LM,"['CAM', 'LW']",67,146
Nikolas Veratschnig,1. FSV Mainz 05,Bundesliga,Austria,RB,['RM'],67,85
Hobie Verhulst,AZ,Eredivisie,Holland,GK,,67,78
Ilija Vukoti?,Boavista FC,Liga Portugal,Montenegro,CM,['CDM'],67,141
Joshua Wilson-Esbrand,Manchester City,Premier League,England,LB,,67,2
Robin Yalçýn,Eyüpspor,Trendyol Süper Lig,Germany,RB,"['CB', 'CDM']",67,138
Kahveh Zahiroleslam,STVV,1A Pro League,United States,ST,,67,155
Ivan Zlobin,FC Famalicão,Liga Portugal,Russia,GK,,67,115
Talys,Farense,Liga Portugal,Brazil,LB,,66,148
Yaw Ackah,Kayserispor,Trendyol Süper Lig,Ghana,CDM,['CM'],66,149
Takahiro Akimoto,OH Leuven,1A Pro League,Japan,LB,"['LM', 'ST']",66,153
Babatunde Akinsola,AVS Futebol SAD,Liga Portugal,Nigeria,RM,"['LM', 'LW', 'RW']",66,157
Ufuk Akyol,Konyaspor,Trendyol Süper Lig,Turkey,CDM,['CM'],66,108
Ali Al Hamadi,Ipswich,Premier League,Iraq,ST,,66,99
Danilo Al Saed,sc Heerenveen,Eredivisie,Iraq,LM,['LW'],66,147
Altimira,CD Leganés,LALIGA EA SPORTS,Spain,RB,['RM'],66,80
Frederic Ananou,STVV,1A Pro League,Togo,RB,['RM'],66,155
Jeremy Antonisse,Moreirense FC,Liga Portugal,Curaçao,LM,['LW'],66,131
Zé Ricardo,AVS Futebol SAD,Liga Portugal,Brazil,LB,['LM'],66,157
Yasin Ayari,Brighton,Premier League,Sweden,CM,['CAM'],66,55
Nazinho,Cercle Brugge,1A Pro League,Portugal,LB,['LM'],66,106
Elves Baldé,Farense,Liga Portugal,Portugal,RW,"['LW', 'RM']",66,148
Théo Barbet,Almere City FC,Eredivisie,France,CB,,66,166
Iker Benito,CA Osasuna,LALIGA EA SPORTS,Spain,LM,"['LW', 'RM']",66,77
Bartosz Bia?ek,VfL Wolfsburg,Bundesliga,Poland,ST,,66,63
Alessandro Bianco,Monza,Serie A Enilive,Italy,CM,,66,82
Daniel Bielica,NAC Breda,Eredivisie,Poland,GK,,66,163
Jeremy Bokila,Willem II,Eredivisie,Congo DR,ST,['LW'],66,165
Boli Bolingoli,Standard Liège,1A Pro League,Belgium,LB,['LM'],66,130
Warren Bondo,Monza,Serie A Enilive,France,CM,['CDM'],66,82
Carlo Boukhalfa,FC St. Pauli,Bundesliga,Germany,CAM,"['CM', 'CDM']",66,135
Jakob Breum,Go Ahead Eagles,Eredivisie,Denmark,RM,"['LM', 'RW']",66,160
Maximilian Breunig,Heidenheim,Bundesliga,Germany,ST,,66,110
Jordy Bruijn,Heracles Almelo,Eredivisie,Holland,CAM,"['CM', 'CDM']",66,167
Thomas Bruns,Heracles Almelo,Eredivisie,Holland,CAM,['CM'],66,167
Max Bruns,FC Twente,Eredivisie,Holland,CB,['CDM'],66,73
Charles-Andreas Brym,Sparta Rotterdam,Eredivisie,Canada,ST,['LM'],66,112
Thomas Buitink,PEC Zwolle,Eredivisie,Holland,ST,['CAM'],66,146
Ludovic Butelle,Stade de Reims,Ligue 1 McDonald's,France,GK,,66,89
Cihan Çanak,Trabzonspor,Trendyol Süper Lig,Turkey,CAM,"['CM', 'RM']",66,58
Cañizares,Farense,Liga Portugal,Spain,GK,,66,148
Tarýk Çetin,Fenerbahçe,Trendyol Süper Lig,Turkey,GK,,66,30
Ramazan Civelek,Kayserispor,Trendyol Süper Lig,Turkey,RM,"['RB', 'LM', 'RW']",66,149
Aloïs Confais,Havre AC,Ligue 1 McDonald's,France,CDM,"['CM', 'RB']",66,122
Colin Coosemans,RSC Anderlecht,1A Pro League,Belgium,GK,,66,92
Grégoire Coudert,Stade Brestois 29,Ligue 1 McDonald's,France,GK,,66,76
Juan Manuel Cruz,Hellas Verona,Serie A Enilive,Argentina,ST,,66,98
Luke Cundle,Wolves,Premier League,England,CM,"['CAM', 'CDM']",66,75
Kayky,Sparta Rotterdam,Eredivisie,Brazil,RW,['RM'],66,112
Ataberk Dadakdeniz,Antalyaspor,Trendyol Süper Lig,Turkey,GK,,66,152
Ortwin De Wolf,KV Mechelen,1A Pro League,Belgium,GK,,66,127
Maxim Dekker,AZ,Eredivisie,Holland,CB,,66,78
Adil Demirbað,Konyaspor,Trendyol Süper Lig,Turkey,CB,,66,108
Gilles Dewaele,KV Kortrijk,1A Pro League,Belgium,RB,['RM'],66,132
Pedro Ferreira,Santa Clara,Liga Portugal,Portugal,CDM,['CM'],66,150
Edan Diop,AS Monaco,Ligue 1 McDonald's,France,RM,"['CAM', 'RW']",66,53
Viktor Djukanovi?,Standard Liège,1A Pro League,Montenegro,LW,"['ST', 'LM']",66,130
Matheus Dias,Nacional,Liga Portugal,Brazil,CDM,['CM'],66,159
Stefan Drlja?a,VfB Stuttgart,Bundesliga,Germany,GK,,66,60
Julien Duranville,Borussia Dortmund,Bundesliga,Belgium,LM,"['RM', 'LW']",66,11
Vitus Eicher,Heidenheim,Bundesliga,Germany,GK,,66,110
Jacques Ekomié,Angers SCO,Ligue 1 McDonald's,Gabon,LB,['CB'],66,142
Bartuð Elmaz,Fenerbahçe,Trendyol Süper Lig,Turkey,CDM,['CM'],66,30
Ante Erceg,Fortuna Sittard,Eredivisie,Croatia,ST,,66,156
Wahid Faghir,VfB Stuttgart,Bundesliga,Denmark,ST,,66,60
Roberto,SC Braga,Liga Portugal,Spain,ST,,66,48
Fernando Fonseca,AVS Futebol SAD,Liga Portugal,Portugal,RB,['LB'],66,157
Karol Fila,FCV Dender EH,1A Pro League,Poland,RB,['CB'],66,164
Mathias Fixelles,KVC Westerlo,1A Pro League,Belgium,CDM,"['CM', 'RM']",66,154
Théo Fonseca,FC Famalicão,Liga Portugal,Portugal,ST,['RM'],66,115
Taichi Fukui,Arouca,Liga Portugal,Japan,CM,"['CAM', 'RW']",66,139
Mohammed Fuseini,R. Union St.-G.,1A Pro League,Ghana,ST,,66,102
Nick Gillekens,KVC Westerlo,1A Pro League,Belgium,GK,,66,154
Soner Gönül,Samsunspor,Trendyol Süper Lig,Turkey,LB,,66,140
Urko González,Real Sociedad,LALIGA EA SPORTS,Spain,CB,['CDM'],66,28
Jean Baptiste Gorby,SC Braga,Liga Portugal,France,CDM,['CM'],66,48
Jens Grahl,Frankfurt,Bundesliga,Germany,GK,,66,46
Simon Graves,PEC Zwolle,Eredivisie,Denmark,RB,['CB'],66,146
Laurent Henkinet,Standard Liège,1A Pro League,Belgium,GK,,66,130
Lukas Hornicek,SC Braga,Liga Portugal,Czech Republic,GK,,66,48
Ilyes Housni,Havre AC,Ligue 1 McDonald's,Morocco,ST,,66,122
Jeroen Houwen,RKC Waalwijk,Eredivisie,Holland,GK,,66,161
Adrien Hunou,Angers SCO,Ligue 1 McDonald's,France,ST,['CM'],66,142
Gino Infantino,Fiorentina,Serie A Enilive,Argentina,RW,"['LW', 'CM', 'RM']",66,68
Wolke Janssens,STVV,1A Pro League,Belgium,CB,['RB'],66,155
Antoine Joujou,Havre AC,Ligue 1 McDonald's,France,RM,"['LM', 'RW']",66,122
Melih Kabasakal,Eyüpspor,Trendyol Süper Lig,Turkey,CDM,['CM'],66,138
Junior Kadile,Almere City FC,Eredivisie,France,LM,"['LW', 'ST']",66,166
Burak Kapacak,Kayserispor,Trendyol Süper Lig,Turkey,RM,"['RB', 'RW']",66,149
Denso Kasius,AZ,Eredivisie,Holland,RB,,66,78
Thomas Keller,Heidenheim,Bundesliga,Germany,CB,['CDM'],66,110
Ben Lhassine Kone,Como,Serie A Enilive,Côte d'Ivoire,CM,,66,47
Mohamed Koné,Sp. Charleroi,1A Pro League,Côte d'Ivoire,GK,,66,116
Frans Krätzig,VfB Stuttgart,Bundesliga,Germany,LB,['CM'],66,60
Florian Krüger,K. Beerschot VA,1A Pro League,Germany,ST,['CAM'],66,162
Kelvin Leerdam,Heracles Almelo,Eredivisie,Suriname,CB,['RB'],66,167
Bryan Limbombe,Heracles Almelo,Eredivisie,Belgium,LM,"['RM', 'LW']",66,167
Enric Llansana,Go Ahead Eagles,Eredivisie,Holland,CDM,['CM'],66,160
Niklas Lomb,Leverkusen,Bundesliga,Germany,GK,,66,10
Jonathan Lucca,AVS Futebol SAD,Liga Portugal,Brazil,CM,['CDM'],66,157
José Marsà,KV Mechelen,1A Pro League,Spain,CB,['CDM'],66,127
Javi Martón,Athletic Club,LALIGA EA SPORTS,Spain,ST,,66,19
Hervé Matthys,K. Beerschot VA,1A Pro League,Belgium,CB,['LB'],66,162
Alan Matturro,Genoa,Serie A Enilive,Uruguay,CB,['LB'],66,97
Adrian Mazilu,Brighton,Premier League,Romania,RM,"['LM', 'RW']",66,55
Mexx Meerdink,AZ,Eredivisie,Holland,ST,,66,78
Aaron Meijers,RKC Waalwijk,Eredivisie,Holland,LB,,66,161
Senna Miangue,Cercle Brugge,1A Pro League,Belgium,LB,['CB'],66,106
Antoni Milambo,Feyenoord,Eredivisie,Holland,CAM,['CM'],66,54
Alex Millán,Farense,Liga Portugal,Spain,ST,,66,148
Juan José Mina,Estrela Amadora,Liga Portugal,Colombia,RB,,66,143
Damon Mirani,Heracles Almelo,Eredivisie,Holland,CB,['CDM'],66,167
Cezary Miszta,Rio Ave FC,Liga Portugal,Poland,GK,,66,121
Jeyland Mitchell,Feyenoord,Eredivisie,Costa Rica,CB,,66,54
Rui Mendes,FC Groningen,Eredivisie,Portugal,RM,['RW'],66,158
Rodrigo Mora,FC Porto,Liga Portugal,Portugal,CAM,"['CM', 'LW']",66,27
Konan N'Dri,OH Leuven,1A Pro League,Côte d'Ivoire,RM,"['LM', 'ST', 'RW']",66,153
Adi Nali?,Almere City FC,Eredivisie,Bosnia and Herzegovina,CAM,"['ST', 'CM']",66,166
Zé Carlos,Vitória SC,Liga Portugal,Portugal,RB,,66,109
Mor Ndiaye,Estoril Praia,Liga Portugal,Senegal,CDM,['CM'],66,125
Camiel Neghli,Sparta Rotterdam,Eredivisie,Algeria,RM,['RW'],66,112
Hans Nicolussi Caviglia,Venezia,Serie A Enilive,Italy,CM,,66,124
Kazeem Olaigbe,Trabzonspor,Trendyol Süper Lig,Belgium,LM,"['CAM', 'RM', 'LW']",68,58
Nathan Opoku,Leicester City,Premier League,Ghana,ST,,66,87
Fredrik Oppegård,PSV,Eredivisie,Norway,LB,,66,50
Ragnar Oratmangoen,FCV Dender EH,1A Pro League,Indonesia,LM,"['CAM', 'LW']",66,164
Jandro Orellana,Estoril Praia,Liga Portugal,Spain,CDM,['CM'],66,125
Ibrahim Osman,Feyenoord,Eredivisie,Ghana,LM,"['ST', 'LW']",66,54
Owono,D. Alavés,LALIGA EA SPORTS,Equatorial Guinea,GK,,66,90
Joey Pelupessy,FC Groningen,Eredivisie,Holland,CDM,['CM'],66,158
Rodrigo Pinheiro,FC Famalicão,Liga Portugal,Portugal,RB,,66,115
Darío Poveda,Farense,Liga Portugal,Spain,ST,"['RM', 'LM']",66,148
Lilian Raolisoa,Angers SCO,Ligue 1 McDonald's,France,RB,['RM'],66,142
Stije Resink,FC Groningen,Eredivisie,Holland,CM,['CDM'],66,158
Tiago Dias,Casa Pia AC,Liga Portugal,Portugal,RM,"['LM', 'RW']",66,119
Robin Roefs,N.E.C. Nijmegen,Eredivisie,Holland,GK,,66,114
Ole Romeny,FC Utrecht,Eredivisie,Holland,RM,"['LM', 'RW']",66,129
Max Rosenfelder,SC Freiburg,Bundesliga,Germany,CB,,66,42
Baptiste Roux,AVS Futebol SAD,Liga Portugal,France,CB,"['CDM', 'CM']",66,157
Richie Sagrado,Venezia,Serie A Enilive,Belgium,RM,"['RB', 'LB', 'RW']",66,124
Leo Sauer,NAC Breda,Eredivisie,Slovakia,LW,"['CAM', 'LM']",66,163
Gökhan Sazdaðý,Kayserispor,Trendyol Süper Lig,Turkey,RB,"['ST', 'LM']",66,149
Erik Schouten,Willem II,Eredivisie,Holland,CB,,66,165
Telasco Segovia,Casa Pia AC,Liga Portugal,Venezuela,CM,['CDM'],66,119
Batuhan Þen,Galatasaray,Trendyol Süper Lig,Turkey,GK,,66,12
Jota,Nacional,Liga Portugal,Portugal,CM,,66,159
Sphephelo Sithole,Gil Vicente,Liga Portugal,South Africa,CDM,['CM'],66,120
Tommy St. Jago,Willem II,Eredivisie,Holland,RB,['CB'],66,165
Mathis Suray,Go Ahead Eagles,Eredivisie,Belgium,CAM,['ST'],66,160
Svensson,Casa Pia AC,Liga Portugal,Spain,ST,['LM'],66,119
Iebe Swers,KV Mechelen,1A Pro League,Belgium,RB,['LB'],66,127
Henok Teklab,R. Union St.-G.,1A Pro League,Germany,RM,"['LM', 'LB', 'RW']",66,102
Casper Terho,R. Union St.-G.,1A Pro League,Finland,RM,['RW'],66,102
Serkan Emrecan Terzi,Beþiktaþ,Trendyol Süper Lig,Turkey,LB,,66,31
Nigel Thomas,Nacional,Liga Portugal,Holland,LW,"['RW', 'LM']",66,159
Ryan Thomas,PEC Zwolle,Eredivisie,New Zealand,CM,"['CAM', 'CDM']",66,146
Calvin Twigt,Go Ahead Eagles,Eredivisie,Holland,CM,['CDM'],66,160
Przemys?aw Tyto?,FC Twente,Eredivisie,Poland,GK,,66,73
Anthony Valencia,Royal Antwerp FC,1A Pro League,Ecuador,RM,"['LM', 'RW']",66,62
Jochem van de Kamp,Almere City FC,Eredivisie,Holland,RM,"['RB', 'CM', 'RW']",66,166
Richard van der Venne,RKC Waalwijk,Eredivisie,Holland,CM,['CAM'],66,161
Daniël van Kaam,Heracles Almelo,Eredivisie,Holland,CDM,['CM'],66,167
Robert-Jan Vanwesemael,STVV,1A Pro League,Belgium,RM,['RW'],66,155
John Velásquez,Farense,Liga Portugal,Colombia,CAM,['RW'],66,148
Thibaud Verlinden,K. Beerschot VA,1A Pro League,Belgium,LW,"['ST', 'RW', 'LM']",66,162
Romeo Vermant,Club Brugge,1A Pro League,Belgium,ST,,66,74
Michael Verrips,FCV Dender EH,1A Pro League,Holland,GK,,66,164
Simão Bertelli,AVS Futebol SAD,Liga Portugal,Brazil,GK,,66,157
Ben Voll,FC St. Pauli,Bundesliga,Germany,GK,,66,135
Ibrahima Wadji,AS Saint-Étienne,Ligue 1 McDonald's,Senegal,ST,,66,117
Nelson Weiper,1. FSV Mainz 05,Bundesliga,Germany,ST,,66,85
Erdoðan Yeþilyurt,Antalyaspor,Trendyol Süper Lig,Turkey,RM,"['LM', 'RB', 'RW']",66,152
Bertuð Yýldýrým,Getafe CF,LALIGA EA SPORTS,Turkey,ST,,66,59
Griffin Yow,KVC Westerlo,1A Pro League,United States,RM,['RW'],66,154
Vasilis Zagaritis,Almere City FC,Eredivisie,Greece,LB,['LM'],66,166
Jan ?amb?rek,Heracles Almelo,Eredivisie,Czech Republic,CM,['RM'],66,167
Jayden Addai,AZ,Eredivisie,Holland,RW,['RM'],65,78
Michel Ndary Adopo,Cagliari,Serie A Enilive,France,CM,['CDM'],65,95
Brandon Aguilera,Rio Ave FC,Liga Portugal,Costa Rica,CAM,['CM'],65,121
Erik Ahlstrand,FC St. Pauli,Bundesliga,Sweden,RM,"['ST', 'RW']",65,135
Clément Akpa,AJ Auxerre,Ligue 1 McDonald's,Côte d'Ivoire,LB,,65,128
Hamdi Akujobi,Almere City FC,Eredivisie,Nigeria,RB,['RM'],65,166
Mio Backhaus,SV Werder Bremen,Bundesliga,Germany,GK,,65,93
Yusuf Barasý,Kasýmpaþa,Trendyol Süper Lig,Turkey,ST,['LW'],65,86
Furkan Bayýr,Göztepe,Trendyol Süper Lig,Turkey,CB,,67,145
Reda Belahyane,Hellas Verona,Serie A Enilive,France,CDM,['CM'],65,98
Rafik Belghali,KV Mechelen,1A Pro League,Algeria,RB,,65,127
Darío,Sevilla FC,LALIGA EA SPORTS,Spain,RB,['CB'],65,67
Ömer Beyaz,Baþakþehir,Trendyol Süper Lig,Turkey,CAM,"['CM', 'RM']",65,104
Bjarki Steinn Bjarkason,Venezia,Serie A Enilive,Iceland,RM,"['CM', 'RW']",65,124
Thijmen Blokzijl,FC Groningen,Eredivisie,Holland,CB,,65,158
Emmanuel Boateng,Konyaspor,Trendyol Süper Lig,Ghana,CM,,65,108
Kévin Boma,Estoril Praia,Liga Portugal,Togo,CB,,65,125
Jesse Bosch,Willem II,Eredivisie,Holland,CM,['CAM'],65,165
Iker Bravo,Udinese,Serie A Enilive,Spain,ST,"['LW', 'RW']",65,118
Paris Brunner,Cercle Brugge,1A Pro League,Germany,ST,['LM'],65,106
Manu Bueno,Sevilla FC,LALIGA EA SPORTS,Spain,CM,"['CAM', 'CDM']",65,67
Etienne Camara,Sp. Charleroi,1A Pro League,France,CDM,['CM'],65,116
Àlex Carbonell,Almere City FC,Eredivisie,Spain,CM,['CDM'],65,166
Marc Casadó,FC Barcelona,LALIGA EA SPORTS,Spain,CDM,"['CM', 'RB']",65,8
Sava-Arangel ?esti?,Heracles Almelo,Eredivisie,Serbia,CB,,65,167
Mattia Chiesa,Hellas Verona,Serie A Enilive,Italy,GK,,65,98
Collado,Gil Vicente,Liga Portugal,Spain,ST,['RM'],65,120
Tommaso Corazza,Bologna,Serie A Enilive,Italy,LB,"['LM', 'RB']",65,52
Kobe Corbanie,Royal Antwerp FC,1A Pro League,Belgium,RB,,65,62
Matthew Cox,Brentford,Premier League,England,GK,,65,71
Pedro Moreira,Arouca,Liga Portugal,Portugal,CM,['CDM'],65,139
Bence Dárdai,VfL Wolfsburg,Bundesliga,Germany,CAM,['CM'],65,63
Nils De Wilde,Cercle Brugge,1A Pro League,Belgium,CDM,['CM'],65,106
Alfie Devine,KVC Westerlo,1A Pro League,England,CAM,['CM'],65,154
Justin Diehl,VfB Stuttgart,Bundesliga,Germany,LM,"['ST', 'LW']",65,60
Nick Doodeman,Willem II,Eredivisie,Holland,RW,['RM'],65,165
Diogo Calila,Santa Clara,Liga Portugal,Portugal,RB,['LB'],65,150
Issiar Dramé,Estrela Amadora,Liga Portugal,Mali,CB,,65,143
Anouar El Azzouzi,PEC Zwolle,Eredivisie,Morocco,CDM,,65,146
Agon Elezi,VfL Bochum 1848,Bundesliga,North Macedonia,CDM,"['RM', 'CM']",65,113
Mikael Egill Ellertsson,Venezia,Serie A Enilive,Iceland,CM,"['LM', 'RM']",65,124
Mario Engels,Heracles Almelo,Eredivisie,Germany,ST,"['LM', 'RM']",65,167
João Valido,Arouca,Liga Portugal,Portugal,GK,,65,139
Alberto Flores,Sevilla FC,LALIGA EA SPORTS,Spain,GK,,65,67
Omari Forson,Monza,Serie A Enilive,England,RM,"['CAM', 'RW']",65,82
Héctor Fort,FC Barcelona,LALIGA EA SPORTS,Spain,RB,['CB'],65,8
Fortuño,RCD Espanyol,LALIGA EA SPORTS,Spain,GK,,65,100
Gustavo Garcia,Nacional,Liga Portugal,Brazil,RB,,65,159
Max Geschwill,Holstein Kiel,Bundesliga,Germany,CB,,65,134
Mark Gillespie,Newcastle Utd,Premier League,England,GK,,65,21
Gvidas Gineitis,Torino,Serie A Enilive,Lithuania,CM,['CDM'],65,37
Facundo González,Juventus,Serie A Enilive,Uruguay,CB,,65,18
Alfon,RC Celta,LALIGA EA SPORTS,Spain,RM,"['LM', 'ST', 'RW']",65,25
Darijo Gruj?i?,Fortuna Sittard,Eredivisie,Austria,CB,,65,156
Muhammed Gümüþkaya,KVC Westerlo,1A Pro League,Turkey,LM,"['RM', 'LW']",65,154
Kornelius N. Hansen,Almere City FC,Eredivisie,Norway,ST,"['RM', 'LM']",65,166
Thiago Helguera,SC Braga,Liga Portugal,Uruguay,CDM,['CM'],65,48
Lennard Hens,FCV Dender EH,1A Pro League,Belgium,CAM,['CM'],65,164
David Hrncar,FCV Dender EH,1A Pro League,Slovakia,RB,,65,164
Dean Huiberts,K. Beerschot VA,1A Pro League,Holland,CM,['CAM'],65,162
Joey Jacobs,Almere City FC,Eredivisie,Holland,CB,['RB'],65,166
Patrick Joosten,Willem II,Eredivisie,Holland,LW,"['RW', 'LM']",65,165
Edisson Jordanov,KVC Westerlo,1A Pro League,Bulgaria,RB,['RM'],65,154
Jakub Kaluzinski,Antalyaspor,Trendyol Süper Lig,Poland,CDM,"['CM', 'CAM']",65,152
Willy Kambwala,Villarreal CF,LALIGA EA SPORTS,France,CB,['RB'],65,32
Kubilay Kanatsýzkuþ,Kasýmpaþa,Trendyol Süper Lig,Turkey,ST,,65,86
Manuel Keliano,Estrela Amadora,Liga Portugal,Angola,CDM,,65,143
Boy Kemper,NAC Breda,Eredivisie,Holland,LB,['CB'],65,163
Yann Kitala,Havre AC,Ligue 1 McDonald's,France,ST,,65,122
Gustavo Klismahn,Santa Clara,Liga Portugal,Brazil,CM,"['LM', 'CDM']",65,150
Amadou Koné,Stade de Reims,Ligue 1 McDonald's,Côte d'Ivoire,CDM,['CM'],65,89
Luuk Koopmans,Fortuna Sittard,Eredivisie,Holland,GK,,65,156
Kacper Kostorz,NAC Breda,Eredivisie,Poland,ST,['RM'],65,163
Dinis Pinto,Moreirense FC,Liga Portugal,Portugal,RB,,65,131
Rémy Labeau Lascary,RC Lens,Ligue 1 McDonald's,France,RM,"['ST', 'RW']",65,45
Geoffrey Lembet,Stade Rennais FC,Ligue 1 McDonald's,Central African Republic,GK,,65,88
Dexter Lembikisa,Wolves,Premier League,Jamaica,RB,['RM'],65,75
Giovanni Leoni,Parma,Serie A Enilive,Italy,CB,,65,101
Fedde Leysen,R. Union St.-G.,1A Pro League,Belgium,CB,['LB'],65,102
Otso Liimatta,FC Famalicão,Liga Portugal,Finland,CAM,,65,115
Élysée Logbo,Havre AC,Ligue 1 McDonald's,France,ST,,65,122
Chris-Emmanuel Lokesa,RKC Waalwijk,Eredivisie,Belgium,LM,"['RM', 'LW']",65,161
Miguel Carvalho,Farense,Liga Portugal,Portugal,GK,,65,148
Thierry Lutonda,PEC Zwolle,Eredivisie,Belgium,LB,,65,146
Pablo Marín,Real Sociedad,LALIGA EA SPORTS,Spain,CAM,['CM'],65,28
Unai Marrero,Real Sociedad,LALIGA EA SPORTS,Spain,GK,,65,28
Senny Mayulu,Paris SG,Ligue 1 McDonald's,France,CAM,['LW'],70,5
Dylan Mbayo,PEC Zwolle,Eredivisie,Belgium,RM,['RW'],65,146
Tobías Medina,Rio Ave FC,Liga Portugal,Argentina,CM,,65,121
Yair Mena,AVS Futebol SAD,Liga Portugal,Colombia,RM,"['RW', 'LM']",65,157
Mohamed Nassoh,Sparta Rotterdam,Eredivisie,Morocco,CAM,['LM'],65,112
Steve Ngoura,Havre AC,Ligue 1 McDonald's,France,ST,,65,122
Reuven Niemeijer,RKC Waalwijk,Eredivisie,Holland,CAM,,65,161
André Gomes,SL Benfica,Liga Portugal,Portugal,GK,,65,29
Bruny Nsimba,FCV Dender EH,1A Pro League,Belgium,ST,['CAM'],65,164
Mardochee Nzita,Sp. Charleroi,1A Pro League,Belgium,LM,"['LB', 'LW']",65,116
Noah Ohio,FC Utrecht,Eredivisie,Holland,ST,,65,129
Afonso Rodrigues,FC Famalicão,Liga Portugal,Portugal,LM,['LW'],65,115
Joel Silva,Boavista FC,Liga Portugal,Portugal,CM,,65,141
Yusuf Özdemir,Alanyaspor,Trendyol Süper Lig,Turkey,LM,"['LB', 'LW']",65,136
Bahadýr Öztürk,Antalyaspor,Trendyol Süper Lig,Turkey,CB,,65,152
Raul Paula,NAC Breda,Eredivisie,Germany,CAM,['CM'],65,163
Mike Penders,KRC Genk,1A Pro League,Belgium,GK,,65,94
Luca Philipp,TSG Hoffenheim,Bundesliga,Germany,GK,,65,39
Arthur Piedfort,KVC Westerlo,1A Pro League,Belgium,CDM,['CM'],65,154
Niccolò Pisilli,AS Roma,Serie A Enilive,Italy,CM,,65,13
Luca Plogmann,Go Ahead Eagles,Eredivisie,Germany,GK,,65,160
André Anderson,Lazio,Serie A Enilive,Italy,CAM,['ST'],65,34
Teo Quintero,Sparta Rotterdam,Eredivisie,Venezuela,CB,['CDM'],65,112
Christian Rasmussen,Ajax,Eredivisie,Denmark,RW,"['ST', 'RM']",65,69
Eliano Reijnders,PEC Zwolle,Eredivisie,Indonesia,LM,"['RM', 'LW']",65,146
Boyd Reith,Sparta Rotterdam,Eredivisie,Holland,RB,,65,112
Antoniu Roca,RCD Espanyol,LALIGA EA SPORTS,Spain,LM,"['RM', 'LW']",65,100
Tiago Reis,Nacional,Liga Portugal,Brazil,ST,,65,159
Álvaro,Getafe CF,LALIGA EA SPORTS,Uruguay,ST,['LW'],65,59
Godfried Roemeratoe,RKC Waalwijk,Eredivisie,Curaçao,CDM,['CM'],65,161
Ruben Roosken,Heracles Almelo,Eredivisie,Holland,LB,['LM'],65,167
Maurides,FC St. Pauli,Bundesliga,Brazil,ST,,65,135
Lasse Rosenboom,Holstein Kiel,Bundesliga,Germany,RB,['RM'],65,134
Cisse Sandra,Willem II,Eredivisie,Belgium,CM,['CAM'],65,165
Mamadou Sarr,Strasbourg,Ligue 1 McDonald's,France,CB,['CDM'],65,83
Jorg Schreuders,FC Groningen,Eredivisie,Holland,RM,['RW'],65,158
Christopher Scott,Royal Antwerp FC,1A Pro League,Germany,CAM,"['RM', 'ST']",65,62
Alen Sherri,Cagliari,Serie A Enilive,Albania,GK,,65,95
Rúnar ?ór Sigurgeirsson,Willem II,Eredivisie,Iceland,LB,,65,165
Ayanda Sishuba,Hellas Verona,Serie A Enilive,Belgium,CAM,,65,98
Levi Smans,sc Heerenveen,Eredivisie,Holland,CAM,,65,147
Emran Soglo,OM,Ligue 1 McDonald's,England,LM,"['LB', 'LW']",65,70
Finn Stokkers,Go Ahead Eagles,Eredivisie,Holland,ST,,65,160
Franck Surdez,KAA Gent,1A Pro League,Switzerland,LM,['LW'],65,137
Abdoul Fessal Tapsoba,Standard Liège,1A Pro League,Burkina Faso,ST,"['LM', 'CAM']",65,130
Rui Encarnação,Nacional,Liga Portugal,Portugal,GK,,65,159
Søren Tengstedt,Go Ahead Eagles,Eredivisie,Denmark,CAM,"['RM', 'ST']",65,160
Yannick Thoelen,KV Mechelen,1A Pro League,Belgium,GK,,65,127
Yacine Titraoui,Sp. Charleroi,1A Pro League,Algeria,CM,,65,116
Jacob Trenskow,sc Heerenveen,Eredivisie,Denmark,RW,"['CM', 'RM']",65,147
Antef Tsoungui,OH Leuven,1A Pro League,Belgium,CB,['CDM'],65,153
Chrisantus Uche,Getafe CF,LALIGA EA SPORTS,Nigeria,CDM,,65,59
Luciano Valente,FC Groningen,Eredivisie,Italy,LM,"['CAM', 'LW']",65,158
Rúben Ismael,Moreirense FC,Liga Portugal,Portugal,CDM,,65,131
Amourricho van Axel Dongen,Ajax,Eredivisie,Holland,LW,['LM'],65,69
Thom van Bergen,FC Groningen,Eredivisie,Holland,ST,['RM'],65,158
Syb van Ottele,Fortuna Sittard,Eredivisie,Holland,CB,['CDM'],65,156
Niklas Vesterlund,FC Utrecht,Eredivisie,Denmark,RB,,65,129
Thibault Vlietinck,OH Leuven,1A Pro League,Belgium,RM,"['RB', 'RW']",65,153
Kjell Wätjen,VfL Bochum 1848,Bundesliga,Germany,CM,['CDM'],65,113
Antal Yaakobishvili,Girona FC,LALIGA EA SPORTS,Hungary,CB,,65,36
Rihito Yamamoto,STVV,1A Pro League,Japan,CDM,"['CM', 'LB']",65,155
Abdullah Yiðiter,Antalyaspor,Trendyol Süper Lig,Turkey,GK,,65,152
Kevin Zeroli,AC Milan,Serie A Enilive,Italy,CM,"['CAM', 'CDM']",65,14
Arvin Appiah,Nacional,Liga Portugal,England,LM,"['RM', 'RW', 'LW']",64,159
Ricard Artero,Girona FC,LALIGA EA SPORTS,Spain,CAM,['RM'],64,36
Brandon Austin,Spurs,Premier League,England,GK,,64,16
Jorge Teixeira,AVS Futebol SAD,Liga Portugal,Portugal,CB,,64,157
Bilal Bafdili,KV Mechelen,1A Pro League,Belgium,CAM,['ST'],64,127
Samuel Bamba,VfL Bochum 1848,Bundesliga,Germany,LM,"['RM', 'RW', 'LW']",64,113
Jaydon Banel,Ajax,Eredivisie,Holland,LW,['LM'],64,69
Gabriel Barès,Montpellier,Ligue 1 McDonald's,Switzerland,CM,['CDM'],64,72
Gilberto,Moreirense FC,Liga Portugal,Portugal,CB,"['CDM', 'CM']",64,131
Mohamed Berte,FCV Dender EH,1A Pro League,Belgium,LW,"['ST', 'LM']",64,164
Lamare Bogarde,Aston Villa,Premier League,Holland,CDM,"['CM', 'CB']",64,17
Yvandro Borges Sanches,M'gladbach,Bundesliga,Luxembourg,LM,['LW'],64,81
Oliver Braude,sc Heerenveen,Eredivisie,Norway,RB,,64,147
Bennit Bröger,VfL Wolfsburg,Bundesliga,Germany,CAM,['CM'],64,63
Drissa Camara,Parma,Serie A Enilive,Côte d'Ivoire,RM,"['CAM', 'LM', 'RW']",64,101
Franco Carboni,Venezia,Serie A Enilive,Argentina,LB,['LM'],64,124
Fabio Chiarodia,M'gladbach,Bundesliga,Italy,CB,,64,81
Alphadjo Cissè,Hellas Verona,Serie A Enilive,Italy,CAM,['LM'],64,98
Edoardo Corvi,Parma,Serie A Enilive,Italy,GK,,64,101
Jasper Dahlhaus,Fortuna Sittard,Eredivisie,Holland,LM,"['RM', 'LW']",64,156
Max Dean,KAA Gent,1A Pro League,England,ST,,64,137
Mamadou Diakhon,Stade de Reims,Ligue 1 McDonald's,France,RM,['RW'],64,89
Ibrahim Diakité,Cercle Brugge,1A Pro League,Guinea,RB,,64,106
Deniz Dilmen,Baþakþehir,Trendyol Süper Lig,Turkey,GK,,64,104
Patrick Dorgu,Lecce,Serie A Enilive,Denmark,LB,['LM'],64,66
Malamine Efekele,Cercle Brugge,1A Pro League,France,RM,"['RW', 'ST']",64,106
Marcel Engelhardt,Holstein Kiel,Bundesliga,Germany,GK,,64,134
Matthieu Epolo,Standard Liège,1A Pro League,Belgium,GK,,64,130
João Tomé,Rio Ave FC,Liga Portugal,Portugal,RB,['RM'],64,121
Chico Lamba,Arouca,Liga Portugal,Portugal,CB,,64,139
Kevin Felida,RKC Waalwijk,Eredivisie,Curaçao,CDM,['CM'],64,161
Nacho Ferri,KV Kortrijk,1A Pro League,Spain,ST,,64,132
Guillaume François,R. Union St.-G.,1A Pro League,Belgium,RB,['RM'],64,102
Matthew Garbett,NAC Breda,Eredivisie,New Zealand,CAM,['CM'],64,163
Naim García,CD Leganés,LALIGA EA SPORTS,Spain,RM,"['LM', 'RW']",64,80
Tyrique George,Chelsea,Premier League,England,LM,"['CAM', 'LW']",64,24
Tristan Gooijer,PEC Zwolle,Eredivisie,Holland,RB,['CB'],64,146
Karl Hein,R. Valladolid CF,LALIGA EA SPORTS,Estonia,GK,,64,96
Oscar Højlund,Frankfurt,Bundesliga,Denmark,CM,['CDM'],64,46
Dinko Horkaš,UD Las Palmas,LALIGA EA SPORTS,Croatia,GK,,64,61
Hormigo,Sevilla FC,LALIGA EA SPORTS,Spain,LB,['CB'],64,67
Emirhan Ýlkhan,Torino,Serie A Enilive,Turkey,CM,['CAM'],64,37
Jauregizar,Athletic Club,LALIGA EA SPORTS,Spain,CM,['CDM'],64,19
Fredrik Oldrup Jensen,NAC Breda,Eredivisie,Norway,CDM,"['CM', 'CB']",64,163
Elton Kabangu,R. Union St.-G.,1A Pro League,Belgium,ST,['LW'],64,102
Anan Khalaili,R. Union St.-G.,1A Pro League,Israel,RW,"['ST', 'RM']",64,102
Tom King,Wolves,Premier League,Wales,GK,,64,75
Ruben Kluivert,Casa Pia AC,Liga Portugal,Holland,CB,,64,119
Leo Kokubo,STVV,1A Pro League,Japan,GK,,64,155
Mert Kömür,FC Augsburg,Bundesliga,Germany,CAM,['CM'],64,107
Roy Kortsmit,NAC Breda,Eredivisie,Holland,GK,,64,163
Martin Koscelnik,NAC Breda,Eredivisie,Slovakia,RB,,64,163
Garang Kuol,Newcastle Utd,Premier League,Australia,LW,['LM'],64,21
Bram Lagae,KV Kortrijk,1A Pro League,Belgium,CB,['CDM'],64,132
Tygo Land,PSV,Eredivisie,Holland,CM,,64,50
Boyd Lucassen,NAC Breda,Eredivisie,Holland,RB,,64,163
Manuel Namora,Boavista FC,Liga Portugal,Portugal,ST,,64,141
Enes Mahmutovic,NAC Breda,Eredivisie,Luxembourg,CB,,64,163
Richonell Margaret,RKC Waalwijk,Eredivisie,Holland,RM,"['LM', 'ST', 'RW']",64,161
Ar'jany Martha,K. Beerschot VA,1A Pro League,Curaçao,LB,['RW'],64,162
Rick Meissen,Sparta Rotterdam,Eredivisie,Holland,CB,,64,112
Clau Mendes,Casa Pia AC,Liga Portugal,Guinea-Bissau,ST,"['RM', 'LM']",64,119
Mikey Moore,Spurs,Premier League,England,LM,['LW'],64,16
Matías Moreno,Fiorentina,Serie A Enilive,Argentina,CB,,64,68
Vitinho,Arouca,Liga Portugal,Brazil,CM,"['CDM', 'LM']",64,139
Suphanat Mueanta,OH Leuven,1A Pro League,Thailand,RW,"['ST', 'RM']",64,153
Alex Murphy,Newcastle Utd,Premier League,Republic of Ireland,CB,['LB'],64,21
Ethan Nwaneri,Arsenal,Premier League,England,CAM,,64,4
Elías Már Ómarsson,NAC Breda,Eredivisie,Iceland,ST,,64,163
Sami Ouaissa,N.E.C. Nijmegen,Eredivisie,Holland,CAM,,64,114
Aziz Ouattara,KV Mechelen,1A Pro League,Côte d'Ivoire,CDM,"['CB', 'CM']",64,127
Tomás Palacios,Inter,Serie A Enilive,Argentina,CB,['LB'],64,7
Onurcan Piri,Kayserispor,Trendyol Süper Lig,Turkey,GK,,64,149
Brian Plat,K. Beerschot VA,1A Pro League,Holland,CB,"['RB', 'RM']",64,162
Joan Puig,RCD Espanyol,LALIGA EA SPORTS,Spain,LB,['CB'],64,100
Jacobo,Real Madrid,LALIGA EA SPORTS,Spain,CB,,64,1
Omar Rekik,Arsenal,Premier League,Tunisia,CB,,64,4
Tom Reyners,K. Beerschot VA,1A Pro League,Belgium,RW,"['LW', 'CAM', 'RM']",64,162
Julian Rijkhoff,Ajax,Eredivisie,Holland,ST,,64,69
Brian Araújo,Gil Vicente,Liga Portugal,Portugal,GK,,64,120
Manel Royo,NAC Breda,Eredivisie,Spain,LB,,64,163
Gilles Ruyssen,FCV Dender EH,1A Pro League,Belgium,CB,,64,164
Halid Šabanovi?,Angers SCO,Ligue 1 McDonald's,Bosnia and Herzegovina,RB,,64,142
Hakim Sahabo,Standard Liège,1A Pro League,Rwanda,CDM,"['CM', 'CAM']",64,130
Chuki,R. Valladolid CF,LALIGA EA SPORTS,Spain,CAM,['CM'],64,96
Yellu Santiago,Getafe CF,LALIGA EA SPORTS,Spain,CDM,['CM'],64,59
Gonçalo Sousa,FC Porto,Liga Portugal,Portugal,RM,['RW'],64,27
João Rêgo,SL Benfica,Liga Portugal,Portugal,CAM,['RW'],64,29
Nick Shinton,K. Beerschot VA,1A Pro League,Belgium,GK,,64,162
Kees Smit,AZ,Eredivisie,Holland,CM,['CAM'],64,78
Rafael Brito,Casa Pia AC,Liga Portugal,Portugal,CM,,64,119
Filip Stevanovic,Manchester City,Premier League,Serbia,LW,['LM'],64,2
Jakub Stolarczyk,Leicester City,Premier League,Poland,GK,,64,87
Dembo Sylla,FCV Dender EH,1A Pro League,Guinea,RB,['RM'],64,164
Tomoki Takamine,KV Kortrijk,1A Pro League,Japan,CDM,"['CM', 'CB']",64,132
Ed Turns,Brighton,Premier League,Wales,CB,,64,55
Koen Van Langendonck,KVC Westerlo,1A Pro League,Belgium,GK,,64,154
Eric Veiga,AVS Futebol SAD,Liga Portugal,Luxembourg,LB,"['LM', 'CDM']",64,157
Mauro Vigorito,Como,Serie A Enilive,Italy,GK,,64,47
Luka Vuškovi?,KVC Westerlo,1A Pro League,Croatia,CB,,64,154
Sem Westerveld,AZ,Eredivisie,Spain,GK,,64,78
Ethan Wheatley,Man Utd,Premier League,England,ST,,64,15
Brynjólfur Willumsson,FC Groningen,Eredivisie,Iceland,ST,,64,158
Zeki Yavru,Samsunspor,Trendyol Süper Lig,Turkey,RB,"['CDM', 'CB']",71,140
Uðurcan Yazðýlý,Konyaspor,Trendyol Süper Lig,Turkey,CB,"['CDM', 'RB']",64,108
Gjivai Zechiël,Feyenoord,Eredivisie,Holland,CM,['CDM'],64,54
Lequincio Zeefuik,AZ,Eredivisie,Holland,ST,['CAM'],64,78
Noah Adedeji-Sternberg,KRC Genk,1A Pro League,Belgium,LW,['LM'],63,94
Ali Akman,FCV Dender EH,1A Pro League,Turkey,ST,"['LW', 'RW']",63,164
Ryan Alebiosu,KV Kortrijk,1A Pro League,England,RB,,63,132
Khusniddin Alikulov,Çaykur Rizespor,Trendyol Süper Lig,Uzbekistan,CB,,63,133
Hugo Álvarez,RC Celta,LALIGA EA SPORTS,Spain,LM,"['LW', 'CAM']",63,25
Bill Antonio,KV Mechelen,1A Pro League,Zimbabwe,RM,['RW'],63,127
Álex Balboa,Almere City FC,Eredivisie,Equatorial Guinea,CM,['CDM'],63,166
Scott Banks,FC St. Pauli,Bundesliga,Scotland,RM,['RW'],63,135
Mimeirhel Benita,Heracles Almelo,Eredivisie,Holland,RB,['LB'],63,167
Emmanuel Biumla,Angers SCO,Ligue 1 McDonald's,France,CB,,63,142
Tom Boere,NAC Breda,Eredivisie,Holland,ST,,63,163
Teddy Boulhendi,OGC Nice,Ligue 1 McDonald's,Algeria,GK,,63,64
Scott Carson,Manchester City,Premier League,England,GK,,63,2
Nnamdi Collins,Frankfurt,Bundesliga,Germany,CB,,63,46
Kobe Cools,FCV Dender EH,1A Pro League,Belgium,CB,,63,164
Jo Coppens,STVV,1A Pro League,Belgium,GK,,63,155
Petter Dahl,KV Mechelen,1A Pro League,Norway,LW,['LM'],63,127
Jayden Danns,Liverpool,Premier League,England,ST,,63,6
Quentin Daubin,Gaziantep,Trendyol Süper Lig,France,CM,['CDM'],63,123
Promise David,R. Union St.-G.,1A Pro League,Canada,ST,,63,102
Kaj de Rooij,PEC Zwolle,Eredivisie,Holland,RM,"['LM', 'RW']",63,146
Maxime Delanghe,Cercle Brugge,1A Pro League,Belgium,GK,,63,106
Anthony Descotte,FC Utrecht,Eredivisie,Belgium,ST,,63,129
Julius Dirksen,Go Ahead Eagles,Eredivisie,Holland,LB,['CB'],63,160
Tim Drexler,TSG Hoffenheim,Bundesliga,Germany,CB,,63,39
Emmanuel Ekong,Empoli,Serie A Enilive,Sweden,ST,,63,105
Issam El Maach,FC Twente,Eredivisie,Morocco,GK,,63,73
Boubacar Fall,AS Saint-Étienne,Ligue 1 McDonald's,Senegal,GK,,63,117
Mikayil Faye,Stade Rennais FC,Ligue 1 McDonald's,Senegal,CB,['LB'],63,88
John Patrick,Getafe CF,LALIGA EA SPORTS,Republic of Ireland,CAM,"['RM', 'ST']",63,59
Anthony Fontana,PEC Zwolle,Eredivisie,United States,CAM,,63,146
Hugo Gambor,KAA Gent,1A Pro League,Central African Republic,CB,['CDM'],63,137
Rafael Fernandes,LOSC Lille,Ligue 1 McDonald's,Portugal,CB,,63,49
Yoni Gomis,Strasbourg,Ligue 1 McDonald's,France,CB,,63,83
Enso González,Wolves,Premier League,Paraguay,LW,"['RW', 'CAM', 'LM']",63,75
Antoine Hainaut,Parma,Serie A Enilive,France,RB,['CB'],63,101
Phil Harres,Holstein Kiel,Bundesliga,Germany,ST,,63,134
Mike Hauptmeijer,PEC Zwolle,Eredivisie,Holland,GK,,63,146
Ibe Hautekiet,Standard Liège,1A Pro League,Belgium,CB,,63,130
Zidane Iqbal,FC Utrecht,Eredivisie,Iraq,CM,"['CAM', 'CDM']",63,129
Rubén Iranzo,Valencia CF,LALIGA EA SPORTS,Spain,CB,['RB'],63,22
Thomas Kastanaras,VfB Stuttgart,Bundesliga,Germany,ST,,63,60
Emilio Kehrer,Willem II,Eredivisie,Germany,ST,"['CAM', 'LW']",63,165
Apostolos Konstantopoulos,K. Beerschot VA,1A Pro League,Greece,CB,,63,162
Justin Lacombe,Toulouse FC,Ligue 1 McDonald's,France,GK,,63,91
Michael Lallemand,FCV Dender EH,1A Pro League,Belgium,ST,,63,164
Mathis Lambourde,Hellas Verona,Serie A Enilive,France,RM,['RW'],63,98
Irvyn Lomami,OL,Ligue 1 McDonald's,France,RB,,63,43
Ridwane M'Barki,FCV Dender EH,1A Pro League,Belgium,LM,['LW'],63,164
Magunazelaia,Real Sociedad,LALIGA EA SPORTS,Spain,CAM,"['LM', 'RM']",63,28
Remi Matthews,Crystal Palace,Premier League,England,GK,,63,51
Faïz Mattoir,Almere City FC,Eredivisie,Netherlands,LM,"['RM', 'LW']",63,166
Ethan Mbappé,LOSC Lille,Ligue 1 McDonald's,France,CM,['CDM'],63,49
James McConnell,Liverpool,Premier League,England,CM,['CDM'],63,6
Francisco Meixedo,Estrela Amadora,Liga Portugal,Portugal,GK,,63,143
Filippo Melegoni,Genoa,Serie A Enilive,Italy,CAM,"['RM', 'CM']",63,97
Ivan Mesík,Heracles Almelo,Eredivisie,Slovakia,CB,,63,167
Louis Mouton,AS Saint-Étienne,Ligue 1 McDonald's,France,CM,['CDM'],63,117
François Mughe,OM,Ligue 1 McDonald's,Cameroon,RM,['RW'],63,70
Iker Muñoz,CA Osasuna,LALIGA EA SPORTS,Spain,CM,['CDM'],63,77
Bilal Nadir,OM,Ligue 1 McDonald's,Morocco,CM,['CDM'],63,70
Abdenego Nankishi,SV Werder Bremen,Bundesliga,Germany,LM,"['RM', 'LW']",63,93
Rob Nizet,Willem II,Eredivisie,Belgium,LB,,63,165
Bruno Bertinato,Venezia,Serie A Enilive,Brazil,GK,,63,124
Eneko Ortiz,D. Alavés,LALIGA EA SPORTS,Spain,LB,,63,90
Yasin Özcan,RSC Anderlecht,1A Pro League,Turkey,LB,['CB'],63,92
Álex Padilla,Athletic Club,LALIGA EA SPORTS,Mexico,GK,,63,19
Hugo Cunha,FC Famalicão,Liga Portugal,Portugal,GK,,63,115
Wouter Prins,FC Groningen,Eredivisie,Holland,LB,,63,158
Miguel Puche,Arouca,Liga Portugal,Spain,ST,"['LM', 'RM']",63,139
Joedrick Pupe,FCV Dender EH,1A Pro League,Belgium,CB,,63,164
Niklas Pyyhtiä,Bologna,Serie A Enilive,Finland,CM,['CDM'],63,52
Toon Raemaekers,KV Mechelen,1A Pro League,Belgium,CB,,63,127
Arnau Rafús,R. Valladolid CF,LALIGA EA SPORTS,Spain,GK,,63,96
Grant-Leon Ranos,M'gladbach,Bundesliga,Armenia,ST,,63,81
Lasse Rieß,1. FSV Mainz 05,Bundesliga,Germany,GK,,63,85
Óscar Rivas,Vitória SC,Liga Portugal,Spain,CB,['CDM'],63,109
Damián,RC Celta,LALIGA EA SPORTS,Spain,CM,,63,25
Omar Sadik,RCD Espanyol,LALIGA EA SPORTS,Morocco,ST,,63,100
Salazar,Estoril Praia,Liga Portugal,Spain,ST,['RW'],63,125
Florent Sanchez,OL,Ligue 1 McDonald's,France,CM,,63,43
Sem Scheperman,Heracles Almelo,Eredivisie,Holland,CDM,"['CM', 'CAM']",63,167
Niek Schiks,PSV,Eredivisie,Holland,GK,,63,50
Lewis Schouten,AZ,Eredivisie,Holland,CDM,"['CM', 'CB']",63,78
Dennis Seimen,VfB Stuttgart,Bundesliga,Germany,GK,,63,60
Javi Serrano,Atlético de Madrid,LALIGA EA SPORTS,Spain,CDM,"['CM', 'CB']",63,9
Kiki Silva,Casa Pia AC,Liga Portugal,Portugal,RW,"['LW', 'RM']",63,119
Jan-Carlo Simi?,RSC Anderlecht,1A Pro League,Serbia,CB,,63,92
Momodou Lamin Sonko,KAA Gent,1A Pro League,Sweden,LW,"['RW', 'ST', 'LM']",63,137
Hugo Sotelo,RC Celta,LALIGA EA SPORTS,Spain,CM,['RM'],63,25
Djibril Soumaré,Nacional,Liga Portugal,Senegal,CDM,['CM'],63,159
Casper Staring,NAC Breda,Eredivisie,Holland,CDM,['CM'],63,163
Fin Stevens,FC St. Pauli,Bundesliga,Wales,RB,,63,135
Chemsdine Talbi,Club Brugge,1A Pro League,Belgium,RM,"['LM', 'RW']",63,74
Roshon van Eijma,RKC Waalwijk,Eredivisie,Curaçao,CB,,63,161
Liam van Gelderen,RKC Waalwijk,Eredivisie,Suriname,RB,,63,161
Patrick Vroegh,RKC Waalwijk,Eredivisie,Holland,CM,['CDM'],63,161
Marco Weymans,K. Beerschot VA,1A Pro League,Burundi,LB,"['LM', 'CDM']",63,162
Alfie Whiteman,Spurs,Premier League,England,GK,,63,16
Jannes Wieckhoff,Heracles Almelo,Eredivisie,Germany,RB,,63,167
D'Margio Wright-Phillips,K. Beerschot VA,1A Pro League,England,LW,"['ST', 'RW', 'LM']",63,162
Anýl Yaþar,Çaykur Rizespor,Trendyol Süper Lig,Turkey,CB,,63,133
Mert Yýlmaz,Antalyaspor,Trendyol Süper Lig,Turkey,RB,,66,152
Oliwier Zych,Aston Villa,Premier League,Poland,GK,,63,17
Hussein Ali,sc Heerenveen,Eredivisie,Iraq,RB,,62,147
Ylies Aradj,Toulouse FC,Ligue 1 McDonald's,France,LB,,62,91
Astralaga,FC Barcelona,LALIGA EA SPORTS,Spain,GK,,62,8
Fin Back,Nott'm Forest,Premier League,England,RB,,62,79
Joselpho Barnes,STVV,1A Pro League,Ghana,ST,"['RW', 'LW']",62,155
Brian Jepthe Bayeye,Torino,Serie A Enilive,Congo DR,RM,"['RB', 'RW']",62,37
Alessandro Berardi,Hellas Verona,Serie A Enilive,Italy,GK,,62,98
Owen Bevan,AFC Bournemouth,Premier League,Wales,CB,,62,65
Adrian Blake,FC Utrecht,Eredivisie,England,LM,['LW'],62,129
Ismaïl Bouneb,Havre AC,Ligue 1 McDonald's,France,CAM,['CM'],62,122
Nathan Buayi-Kiala,AJ Auxerre,Ligue 1 McDonald's,France,CM,,62,128
Axel Camblan,Stade Brestois 29,Ligue 1 McDonald's,France,LW,['LM'],62,76
Marco Camus,Valencia CF,LALIGA EA SPORTS,Spain,LM,"['RM', 'LW']",62,22
Tomé Sousa,Boavista FC,Liga Portugal,Portugal,GK,,62,141
Erdem Çetinkaya,Kasýmpaþa,Trendyol Süper Lig,Turkey,RW,"['ST', 'RM']",62,86
Yunus Emre Çift,Samsunspor,Trendyol Süper Lig,Turkey,CB,,62,140
Thomas Claes,KRC Genk,1A Pro League,Belgium,CM,['CAM'],62,94
Tika de Jonge,FC Groningen,Eredivisie,Holland,LM,"['CM', 'LW']",62,158
Tibe De Vlieger,KAA Gent,1A Pro League,Belgium,CAM,,62,137
Daan Dierckx,Standard Liège,1A Pro League,Belgium,CB,,62,130
Olivier Dumont,STVV,1A Pro League,Belgium,CM,,62,155
Nuno Matos,SC Braga,Liga Portugal,Portugal,CB,['RB'],62,48
Nick Fichtinger,PEC Zwolle,Eredivisie,Holland,CM,['CDM'],62,146
Deniz Gül,FC Porto,Liga Portugal,Sweden,ST,,62,27
Denzel Hall,sc Heerenveen,Eredivisie,Holland,RB,,62,147
Tyrese Hall,Spurs,Premier League,England,CDM,['CM'],62,16
Isak Hansen-Aarøen,SV Werder Bremen,Bundesliga,Norway,CAM,"['CM', 'ST']",62,93
Conrad Harder,Sporting CP,Liga Portugal,Denmark,ST,['CAM'],62,26
Mustafa Erhan Hekimoðlu,Beþiktaþ,Trendyol Süper Lig,Turkey,ST,"['LW', 'RW']",70,31
Ewan Henderson,K. Beerschot VA,1A Pro League,Scotland,CAM,"['CM', 'LM']",62,162
Melih Ibrahimoglu,Konyaspor,Trendyol Süper Lig,Turkey,CM,['CDM'],62,108
Arijon Ibrahimovi?,Heidenheim,Bundesliga,Germany,LW,"['CAM', 'LM']",62,110
Dean James,Go Ahead Eagles,Eredivisie,Holland,LB,,62,160
Marc Jurado,RCD Espanyol,LALIGA EA SPORTS,Spain,RB,['CDM'],62,100
Daniel Karlsbakk,sc Heerenveen,Eredivisie,Norway,ST,,62,147
Omari Kellyman,Chelsea,Premier League,England,CAM,"['RM', 'ST']",62,24
Kim Ji Soo,Brentford,Premier League,Korea Republic,CB,,62,71
Niklas Klinger,VfL Wolfsburg,Bundesliga,Germany,GK,,62,63
Arif Kocaman,Kayserispor,Trendyol Süper Lig,Turkey,CB,['LB'],67,149
Lennart Koerdt,VfL Bochum 1848,Bundesliga,Germany,CAM,"['CM', 'ST']",62,113
Ali Yavuz Kol,Kasýmpaþa,Trendyol Süper Lig,Turkey,LW,"['ST', 'RW']",62,86
Josue Kongolo,KRC Genk,1A Pro League,Belgium,CB,,62,94
Roy Kuijpers,NAC Breda,Eredivisie,Holland,RM,"['LM', 'ST', 'RW']",62,163
Amine Lachkar,Willem II,Eredivisie,Holland,CDM,['CM'],62,165
Henry Lawrence,Standard Liège,1A Pro League,England,RB,"['LB', 'RM']",62,130
Yann Lienard,AS Monaco,Ligue 1 McDonald's,France,GK,,62,53
Noel,CA Osasuna,LALIGA EA SPORTS,Spain,ST,['RW'],62,77
Eros Maddy,AJ Auxerre,Ligue 1 McDonald's,Holland,RM,"['ST', 'RW']",62,128
Aaron Malouda,LOSC Lille,Ligue 1 McDonald's,France,CAM,,62,49
Christopher Mamengi,Almere City FC,Eredivisie,Holland,CB,,62,166
Kuryu Matsuki,Southampton,Premier League,Japan,CM,,62,57
Noam Mayoka-Tika,Sp. Charleroi,1A Pro League,Belgium,CM,,62,116
Stanley Mills,Everton,Premier League,England,RM,['RW'],62,33
Marco Moreno,Farense,Liga Portugal,Spain,CB,,62,148
Mathys Niflore,Toulouse FC,Ligue 1 McDonald's,France,GK,,62,91
João Oliveira,Vitória SC,Liga Portugal,Portugal,GK,,62,109
Alberto Costa,Vitória SC,Liga Portugal,Portugal,RB,,62,109
Doðukan Özkan,Antalyaspor,Trendyol Süper Lig,Turkey,GK,,62,152
Brayann Pereira,N.E.C. Nijmegen,Eredivisie,France,RB,,62,114
Luca Raimund,VfB Stuttgart,Bundesliga,Germany,CAM,"['RW', 'RM']",62,60
Givairo Read,Feyenoord,Eredivisie,Holland,RM,"['RB', 'RW']",62,54
Rodrigo Macedo,SC Braga,Liga Portugal,Portugal,ST,['RW'],62,48
Gorka,Getafe CF,LALIGA EA SPORTS,Spain,LB,['CB'],62,59
Nathan Rodes,FCV Dender EH,1A Pro League,Belgium,CDM,,62,164
Youri Schoonderwaldt,Sparta Rotterdam,Eredivisie,Holland,GK,,62,112
Joaquin Seys,Club Brugge,1A Pro League,Belgium,LB,,62,74
Daniele Sommariva,Genoa,Serie A Enilive,Italy,GK,,62,97
Nikola Štuli?,Sp. Charleroi,1A Pro League,Serbia,ST,,62,116
Youssuf Sylla,Sp. Charleroi,1A Pro League,Belgium,ST,,62,116
Demir Ege Týknaz,Beþiktaþ,Trendyol Süper Lig,Turkey,CDM,['CM'],70,31
Lukas Ullrich,M'gladbach,Bundesliga,Germany,LB,,62,81
Franco Umeh-Chibueze,Crystal Palace,Premier League,Republic of Ireland,RW,"['LW', 'LM', 'RM']",62,51
Emrecan Uzunhan,Beþiktaþ,Trendyol Süper Lig,Turkey,CB,,62,31
Kenneth Vermeer,PEC Zwolle,Eredivisie,Holland,GK,,62,146
Valentino Vermeulen,Willem II,Eredivisie,Holland,RB,,62,165
Pau Víctor,FC Barcelona,LALIGA EA SPORTS,Spain,ST,['CAM'],62,8
Jonas Wendlinger,Almere City FC,Eredivisie,Austria,GK,,62,166
Luuk Wouters,RKC Waalwijk,Eredivisie,Holland,LB,,62,161
Jacob Wright,Manchester City,Premier League,England,CDM,,62,2
Melvin Zinga,Angers SCO,Ligue 1 McDonald's,France,GK,,62,142
Abdelhamid Ait Boudlal,Stade Rennais FC,Ligue 1 McDonald's,Morocco,CB,,61,88
Will Alves,Leicester City,Premier League,England,CAM,,61,87
Samuel Amo-Ameyaw,Southampton,Premier League,England,LW,"['RW', 'LM']",61,57
Telmo Arcanjo,Vitória SC,Liga Portugal,Cape Verde Islands,CAM,['RW'],61,109
James Balagizi,Liverpool,Premier League,England,CM,"['CAM', 'LW']",61,6
Noahkai Banks,FC Augsburg,Bundesliga,United States,CB,,61,107
Hugo Barbet,FC Nantes,Ligue 1 McDonald's,France,GK,,61,103
Jan Bekkema,sc Heerenveen,Eredivisie,Holland,GK,,61,147
Mustafa Burak Bozan,Gaziantep,Trendyol Süper Lig,Turkey,GK,,61,123
Rosen Bozhinov,Royal Antwerp FC,1A Pro League,Bulgaria,CB,"['LB', 'CDM']",61,62
Rares Burnete,Lecce,Serie A Enilive,Romania,ST,['LW'],61,66
Català,RCD Espanyol,LALIGA EA SPORTS,Spain,CB,,61,100
Vic Chambaere,R. Union St.-G.,1A Pro League,Belgium,GK,,61,102
Eric da Silva Moreira,Nott'm Forest,Premier League,Germany,RM,"['ST', 'RW']",61,79
Kévin Danois,AJ Auxerre,Ligue 1 McDonald's,France,CM,,61,128
Harvey Davies,Liverpool,Premier League,England,GK,,61,6
Théo De Percin,AJ Auxerre,Ligue 1 McDonald's,France,GK,,61,128
Isaías Delpupo,STVV,1A Pro League,Argentina,CAM,,61,155
Belmin Dizdarevi?,Montpellier,Ligue 1 McDonald's,Bosnia and Herzegovina,GK,,61,72
Noam Emeran,FC Groningen,Eredivisie,France,LM,"['RM', 'LW']",61,158
Luca Everink,Go Ahead Eagles,Eredivisie,Holland,RB,,61,160
Louis Fortin,KAA Gent,1A Pro League,Belgium,GK,,61,137
Eugene Frimpong,R. Valladolid CF,LALIGA EA SPORTS,Ghana,CM,['CAM'],61,96
Alessio Furlanetto,Lazio,Serie A Enilive,Italy,GK,,61,34
Santi García,Gil Vicente,Liga Portugal,Spain,CAM,"['LM', 'RM']",61,120
Daniel Gore,Man Utd,Premier League,England,CM,['CAM'],61,15
Pedro Gomes,Boavista FC,Liga Portugal,Portugal,CB,,61,141
Adam Kaied,NAC Breda,Eredivisie,Sweden,RM,"['LM', 'RW']",61,163
Justin-Noël Kalumba,Angers SCO,Ligue 1 McDonald's,France,LB,,61,142
Andu Kelati,Holstein Kiel,Bundesliga,Germany,LW,['LM'],61,134
Daniel Klein,FC Augsburg,Bundesliga,Germany,GK,,61,107
Caleb Kporha,Crystal Palace,Premier League,England,RB,"['RM', 'RW']",61,51
Laurit Krasniqi,Royal Antwerp FC,1A Pro League,Kosovo,LB,,61,62
Ben Krauhaus,Brentford,Premier League,England,RM,"['CM', 'RW']",61,71
Samir Lagsir,PEC Zwolle,Eredivisie,Holland,LM,"['CAM', 'LW']",61,146
Jonas Lietaert,Cercle Brugge,1A Pro League,Belgium,CB,['RB'],61,106
Pau Mascaró,RCD Mallorca,LALIGA EA SPORTS,Spain,ST,,61,41
Bastien Meupiyou,Wolves,Premier League,France,CB,,61,75
Mateja Milovanovi?,sc Heerenveen,Eredivisie,Serbia,CB,['LB'],61,147
Víctor Moreno,Villarreal CF,LALIGA EA SPORTS,Spain,RM,"['LM', 'RW']",61,32
Trey Nyoni,Liverpool,Premier League,England,CM,['CAM'],61,6
David Odogu,VfL Wolfsburg,Bundesliga,Germany,CB,,61,63
Salah-Eddine Oulad M'Hand,Arsenal,Premier League,Holland,CM,['CAM'],61,4
Mithat Pala,Çaykur Rizespor,Trendyol Süper Lig,Turkey,CDM,['RB'],65,133
Tiago Machado,Boavista FC,Liga Portugal,Portugal,ST,,61,141
Francesco Rossi,Atalanta,Serie A Enilive,Italy,GK,,61,40
Taha Þahin,Çaykur Rizespor,Trendyol Süper Lig,Turkey,RB,,65,133
Jasper Samooja,Lecce,Serie A Enilive,Finland,GK,,61,66
André Seruca,Farense,Liga Portugal,Portugal,CDM,['CB'],61,148
Rodrigo Duarte,Vitória SC,Liga Portugal,Portugal,RW,"['LW', 'RM']",61,109
Yasir Subaþý,Konyaspor,Trendyol Süper Lig,Turkey,LB,,61,108
Mahamadou Susoho,Manchester City,Premier League,Spain,CDM,['CM'],61,2
Tunahan Taþçý,Konyaspor,Trendyol Süper Lig,Turkey,LM,"['RM', 'LW']",61,108
Martín Tejón,Valencia CF,LALIGA EA SPORTS,Spain,CAM,['RW'],61,22
Mohammed Tolba,VfL Bochum 1848,Bundesliga,Germany,RB,['CB'],61,113
Ryan Trevitt,Brentford,Premier League,England,CM,,61,71
Tein Troost,NAC Breda,Eredivisie,Holland,GK,,61,163
Fofin Turay,FC Groningen,Eredivisie,Holland,LM,['LW'],61,158
Tim van de Loo,RKC Waalwijk,Eredivisie,Holland,CDM,,61,161
Marc Vidal,RC Celta,LALIGA EA SPORTS,Spain,GK,,61,25
Kauã Santos,Frankfurt,Bundesliga,Brazil,GK,,61,46
Malcolm Viltard,FCV Dender EH,1A Pro League,France,CDM,['CM'],61,164
Melle Joop Witteveen,sc Heerenveen,Eredivisie,Holland,CAM,"['RM', 'CM']",61,147
Lawrence Agyekum,Cercle Brugge,1A Pro League,Ghana,CM,"['RM', 'RB']",60,106
Harry Amass,Man Utd,Premier League,England,LB,,60,15
David Ankeye,Genoa,Serie A Enilive,Nigeria,ST,,60,97
Nicola Bagnolini,Bologna,Serie A Enilive,Italy,GK,,60,52
Erick,Cercle Brugge,1A Pro League,Brazil,CDM,['RB'],60,106
Yassin Belkhdim,Angers SCO,Ligue 1 McDonald's,France,CM,,60,142
Medon Berisha,Lecce,Serie A Enilive,Albania,CM,,60,66
Gijs Besselink,FC Twente,Eredivisie,Holland,CDM,['CM'],60,73
Ethan Brierley,Brentford,Premier League,England,CM,['CDM'],60,71
Stijn Bultman,Heracles Almelo,Eredivisie,Holland,CB,,60,167
Abdulsamet Burak,Kayserispor,Trendyol Süper Lig,Turkey,CB,"['CDM', 'LB']",60,149
Giuseppe Ciocci,Cagliari,Serie A Enilive,Italy,GK,,60,95
Pietro Comuzzo,Fiorentina,Serie A Enilive,Italy,CB,,60,68
Augusto Dabó,Boavista FC,Liga Portugal,Guinea-Bissau,LB,,60,141
Tom de Graaff,FC Utrecht,Eredivisie,Holland,GK,,60,129
Celestin De Schrevel,KAA Gent,1A Pro League,Belgium,GK,,60,137
Ali Bina Dembélé,Torino,Serie A Enilive,France,RB,,60,37
Justin Devenny,Crystal Palace,Premier League,Northern Ireland,CM,,60,51
Tidiane Diallo,Strasbourg,Ligue 1 McDonald's,France,LM,"['CAM', 'LW']",60,83
Domi,Valencia CF,LALIGA EA SPORTS,Spain,ST,,60,22
Juan Familia-Castillo,RKC Waalwijk,Eredivisie,Holland,LB,,60,161
Amar Ahmed Fatah,Willem II,Eredivisie,Sweden,LM,['LW'],60,165
Fraga,Real Sociedad,LALIGA EA SPORTS,Spain,GK,,60,28
Matteo Grandi,Venezia,Serie A Enilive,Italy,GK,,60,124
Daniel Azevedo,Casa Pia AC,Liga Portugal,Portugal,GK,,60,119
Bakary Haidara,KVC Westerlo,1A Pro League,Côte d'Ivoire,CB,,60,154
Nathan Huygevelde,KV Kortrijk,1A Pro League,Belgium,CM,['CAM'],60,132
Stanis Idumbo,Sevilla FC,LALIGA EA SPORTS,Belgium,CAM,"['LM', 'RM']",60,67
Joachim Imbrechts,R. Union St.-G.,1A Pro League,Sweden,GK,,60,102
Yusuf Karagöz,Alanyaspor,Trendyol Süper Lig,Turkey,GK,,60,136
Yunus Emre Konak,Brentford,Premier League,Turkey,CDM,['CM'],60,71
Henri Koudossou,FC Augsburg,Bundesliga,Germany,RM,"['RB', 'RW']",60,107
Dave Kwakman,AZ,Eredivisie,Holland,CM,"['CDM', 'CB']",60,78
Juan Larios,Southampton,Premier League,Spain,LB,,60,57
Othmane Maamma,Montpellier,Ligue 1 McDonald's,Morocco,RM,['RW'],60,72
Keres Masangu,FCV Dender EH,1A Pro League,Belgium,CDM,"['CM', 'RB']",60,164
Adedire Mebude,KVC Westerlo,1A Pro League,Scotland,RW,['RM'],60,154
Henrik Meister,Stade Rennais FC,Ligue 1 McDonald's,Denmark,ST,,60,88
Tomás Mendes,D. Alavés,LALIGA EA SPORTS,Spain,CM,['CDM'],60,90
Diego Méndez,Rayo Vallecano,LALIGA EA SPORTS,Spain,CB,"['CM', 'RB']",60,56
Nobel Mendy,Real Betis,LALIGA EA SPORTS,France,LB,['CB'],60,38
Max Moerstedt,TSG Hoffenheim,Bundesliga,Germany,ST,,60,39
Zane Monlouis,Arsenal,Premier League,Jamaica,CB,,60,4
Luís Henrique,Boavista FC,Liga Portugal,Brazil,GK,,60,141
Joshua Mukeh,FC Utrecht,Eredivisie,Holland,CB,,60,129
Leon Opitz,SV Werder Bremen,Bundesliga,Germany,LM,['LW'],60,93
Mats Pannewig,VfL Bochum 1848,Bundesliga,Germany,CM,"['CDM', 'CAM']",60,113
Jeffry Puriël,Almere City FC,Eredivisie,Holland,LM,"['ST', 'RM', 'LW']",60,166
Sergi Rosanas,Sparta Rotterdam,Eredivisie,Spain,RB,,60,112
Ibrahima Sow,Sevilla FC,LALIGA EA SPORTS,Senegal,ST,,60,67
Finn Stam,FC Groningen,Eredivisie,Holland,CB,['LB'],60,158
Dimitrios Stamatakis,CA Osasuna,LALIGA EA SPORTS,Greece,GK,,60,77
Ilias Takidine,RKC Waalwijk,Eredivisie,Belgium,RM,"['CAM', 'RW']",60,161
Connor van den Berg,Willem II,Eredivisie,Holland,GK,,60,165
Daouda Weidmann,RKC Waalwijk,Eredivisie,France,CM,['CAM'],60,161
Ali Emre Yanar,Kasýmpaþa,Trendyol Süper Lig,Turkey,GK,,60,86
Luck Zogbé,Stade Brestois 29,Ligue 1 McDonald's,Côte d'Ivoire,RB,,60,76
Raphaël Adicéam,AJ Auxerre,Ligue 1 McDonald's,France,GK,,59,128
Sören Ahlers,FC St. Pauli,Bundesliga,Germany,GK,,59,135
Diogo Dias,Estoril Praia,Liga Portugal,Portugal,GK,,59,125
Ibrahima Sory Bangoura,KRC Genk,1A Pro League,Guinea,CDM,,59,94
Justin Bengui,OL,Ligue 1 McDonald's,France,GK,,59,43
Mathéo Bodmer,Havre AC,Ligue 1 McDonald's,France,CDM,,59,122
Nathan Butler-Oyedeji,Arsenal,Premier League,England,ST,,59,4
Welat Cagro,K. Beerschot VA,1A Pro League,Belgium,CM,"['CDM', 'CB']",59,162
Alexandro Calut,Standard Liège,1A Pro League,Belgium,LB,['LM'],59,130
Gonçalo Almeida,Boavista FC,Liga Portugal,Portugal,RB,,59,141
Mirza Cihan,Gaziantep,Trendyol Süper Lig,Turkey,LM,"['RM', 'LW']",59,123
Toby Collyer,Man Utd,Premier League,England,CDM,,59,15
Kas de Wit,N.E.C. Nijmegen,Eredivisie,Holland,CAM,['LM'],59,114
Martin Delavallée,Sp. Charleroi,1A Pro League,Belgium,GK,,59,116
Tyler Dibling,Southampton,Premier League,England,RW,['RM'],59,57
Alan Do Marcolino,Stade Rennais FC,Ligue 1 McDonald's,Gabon,ST,,59,88
Arnaud Dony,R. Union St.-G.,1A Pro League,Belgium,LB,['LM'],59,102
Ali Fadal,Valencia CF,LALIGA EA SPORTS,Ghana,CM,,59,22
Frank Feller,Heidenheim,Bundesliga,Germany,GK,,59,110
Fabio Ferraro,FCV Dender EH,1A Pro League,Belgium,LM,['LW'],59,164
Kevin Gadellaa,FC Utrecht,Eredivisie,Holland,GK,,59,129
Luca Günther,FC St. Pauli,Bundesliga,Germany,RB,,59,135
Walid Hasbi,Strasbourg,Ligue 1 McDonald's,Morocco,GK,,59,83
Louis Jackson,Man Utd,Premier League,Scotland,CB,,59,15
Luka Janeš,Heidenheim,Bundesliga,Germany,CDM,,59,110
Rijk Janse,N.E.C. Nijmegen,Eredivisie,Holland,GK,,59,114
Sam Karssies,FC Twente,Eredivisie,Holland,GK,,59,73
Joey Kesting,RKC Waalwijk,Eredivisie,Holland,GK,,59,161
Ekrem Kýlýçarslan,Göztepe,Trendyol Süper Lig,Turkey,GK,,61,145
Mike Kleijn,Sparta Rotterdam,Eredivisie,Holland,CM,['LB'],59,112
Léandre Kuavita,Standard Liège,1A Pro League,Belgium,CM,,59,130
Tommaso Martinelli,Fiorentina,Serie A Enilive,Italy,GK,,59,68
Marco Ribeiro,Boavista FC,Liga Portugal,Portugal,CM,,59,141
Sam Mather,Man Utd,Premier League,England,LM,"['CAM', 'LW']",59,15
Omar Mohamedhoesein,N.E.C. Nijmegen,Eredivisie,Holland,CM,,59,114
Sean Moore,West Ham,Premier League,Republic of Ireland,LM,"['RM', 'LW']",59,35
Jamie Mullins,Brighton,Premier League,Republic of Ireland,CAM,,59,55
Noah Nadje,Angers SCO,Ligue 1 McDonald's,France,ST,,59,142
Amara Nallo,Liverpool,Premier League,England,CB,,59,6
Christopher Negele,Heidenheim,Bundesliga,Germany,CAM,,59,110
Tom Negrel,AJ Auxerre,Ligue 1 McDonald's,France,GK,,59,128
Luc Nieuwenhuijs,N.E.C. Nijmegen,Eredivisie,Holland,LM,"['RM', 'LW']",59,114
James Norris,Liverpool,Premier League,England,LB,,59,6
Cameron Peupion,Brighton,Premier League,Australia,RM,"['CAM', 'RW']",59,55
Jadan Raymond,Crystal Palace,Premier League,Wales,CAM,['RW'],59,51
Cieran Slicker,Ipswich,Premier League,Scotland,GK,,59,99
Kamarai Swyer,West Ham,Premier League,England,CAM,['LM'],59,35
Cheick Thiam,K. Beerschot VA,1A Pro League,Belgium,CB,['CDM'],59,162
Paul Tschernuth,Heidenheim,Bundesliga,Austria,GK,,59,110
Bas Van Den Eynden,KV Mechelen,1A Pro League,Belgium,CDM,['CM'],59,127
Damian van der Haar,PEC Zwolle,Eredivisie,Holland,CB,['LB'],59,146
Samuele Vignato,Monza,Serie A Enilive,Italy,ST,,59,82
Daniël Virginio Deen,AZ,Eredivisie,Holland,GK,,59,78
Aurel Wagbe,Holstein Kiel,Bundesliga,Germany,LM,['LW'],59,134
Marwan Al Sahafi,K. Beerschot VA,1A Pro League,Saudi Arabia,RM,"['RB', 'RW']",58,162
Paul Argney,Havre AC,Ligue 1 McDonald's,France,GK,,58,122
Tyrell Ashcroft,Spurs,Premier League,England,RB,,58,16
Alexandru Borbei,Lecce,Serie A Enilive,Romania,GK,,58,66
Sidiki Chérif,Angers SCO,Ligue 1 McDonald's,France,LM,"['RM', 'LW']",58,142
Marius Courcoul,Angers SCO,Ligue 1 McDonald's,France,CB,['CDM'],58,142
Luc De Fougerolles,Fulham,Premier League,Canada,CB,"['RB', 'LB']",58,44
Amidou Doumbouya,OGC Nice,Ligue 1 McDonald's,France,CB,,58,64
Antoine Gauthier,AS Saint-Étienne,Ligue 1 McDonald's,France,CM,,58,117
Brahim Ghalidi,Standard Liège,1A Pro League,Belgium,LM,"['RM', 'LW']",58,130
Harvey Griffiths,Wolves,Premier League,England,CDM,['CM'],58,75
Stijn Keller,Almere City FC,Eredivisie,Switzerland,GK,,58,166
Nurettin Korkmaz,Kayserispor,Trendyol Süper Lig,Turkey,LM,['LW'],58,149
Ayouba Kosiah,K. Beerschot VA,1A Pro League,Holland,ST,,58,162
Myles Lewis-Skelly,Arsenal,Premier League,England,CM,['CDM'],58,4
Johan Manzambi,SC Freiburg,Bundesliga,Switzerland,CM,['CAM'],58,42
Jon Martín,Real Sociedad,LALIGA EA SPORTS,Spain,CB,,58,28
David Mindombe,STVV,1A Pro League,Belgium,CB,,58,155
Lewis Orford,West Ham,Premier League,England,CDM,['CM'],58,35
Manuel Osifo,OH Leuven,1A Pro League,Belgium,CDM,"['CB', 'RB']",58,153
Abdoul Kader Ouattara,Cercle Brugge,1A Pro League,Burkina Faso,ST,,58,106
Lúkas Petersson,TSG Hoffenheim,Bundesliga,Iceland,GK,,58,39
Tom Poitoux,Standard Liège,1A Pro League,Belgium,GK,,58,130
Tom Pouilly,RC Lens,Ligue 1 McDonald's,France,RB,['CDM'],58,45
Jordy Soladio,FCV Dender EH,1A Pro League,Belgium,ST,,58,164
Yannic Stein,Union Berlin,Bundesliga,Germany,GK,,58,84
Aron van Lare,NAC Breda,Eredivisie,Holland,GK,,58,163
Diego van Oorschot,Heracles Almelo,Eredivisie,Holland,ST,['CAM'],58,167
Jasper Van Oudenhove,FCV Dender EH,1A Pro League,Belgium,CM,,58,164
Timon Vanhoutte,RSC Anderlecht,1A Pro League,Belgium,GK,,58,92
James Abankwah,Udinese,Serie A Enilive,Republic of Ireland,CB,['RB'],57,118
Nabil Aberdin,Getafe CF,LALIGA EA SPORTS,France,CB,['RB'],57,59
Desmond Acquah,FCV Dender EH,1A Pro League,Belgium,CAM,,57,164
Isaac Asante,KV Mechelen,1A Pro League,Ghana,CAM,,57,127
Alama Bayo,Cercle Brugge,1A Pro League,Belgium,RW,"['LW', 'RM']",57,106
Federico Brancolini,Empoli,Serie A Enilive,Italy,GK,,57,105
Alouis Diriken,STVV,1A Pro League,Belgium,CB,,57,155
Seán Grehan,Crystal Palace,Premier League,Republic of Ireland,CB,,57,51
Maxwell Kinsey,AFC Bournemouth,Premier League,England,CB,,57,65
Bas Langenbick,Cercle Brugge,1A Pro League,Belgium,GK,,57,106
Robin Mantel,Heracles Almelo,Eredivisie,Belgium,GK,,57,167
Jayden Meghoma,Brentford,Premier League,England,LB,,57,71
Jasper Meijster,FC Groningen,Eredivisie,Holland,GK,,57,158
Juliën Mesbahi,FC Twente,Eredivisie,Holland,CB,,57,73
Habeeb Ogunneye,Man Utd,Premier League,England,RB,,57,15
Emir Ortakaya,Eyüpspor,Trendyol Süper Lig,Turkey,CB,,65,138
Ben Parkinson,Newcastle Utd,Premier League,England,RW,"['ST', 'RM']",57,21
Khaled Razak,Willem II,Eredivisie,Holland,RW,['RM'],57,165
Javi Rodríguez,RC Celta,LALIGA EA SPORTS,Spain,RB,['CB'],57,25
Pim Saathof,Go Ahead Eagles,Eredivisie,Holland,CB,,57,160
Kerr Smith,Aston Villa,Premier League,Scotland,CB,['RB'],57,17
Tristan Teuchy,STVV,1A Pro League,Belgium,LM,['LW'],57,155
Reece Welch,Everton,Premier League,England,CB,,57,33
Abdoulaye Yahaya,FCV Dender EH,1A Pro League,Cameroon,RW,['RM'],57,164
Elton Yeboah,KV Mechelen,1A Pro League,Belgium,CM,,57,127
Kadan Young,Aston Villa,Premier League,England,LM,"['RM', 'LW']",57,17
Soufiane Benjdida,Standard Liège,1A Pro League,Morocco,ST,,56,130
Arif Boþluk,Trabzonspor,Trendyol Süper Lig,Turkey,LB,['LM'],56,58
Leon Chiwome,Wolves,Premier League,England,ST,,56,75
Ebbe De Vlaeminck,KV Kortrijk,1A Pro League,Belgium,GK,,56,132
Hamza El Dahri,Sparta Rotterdam,Eredivisie,Holland,CAM,['CM'],56,112
Nouri El Harmazi,RKC Waalwijk,Eredivisie,Holland,CAM,['CM'],56,161
Sven Jansen,Go Ahead Eagles,Eredivisie,Holland,GK,,56,160
Timo Jansink,Heracles Almelo,Eredivisie,Holland,GK,,56,167
Bernt Klaverboer,sc Heerenveen,Eredivisie,Holland,GK,,56,147
Rubén López,FC Barcelona,LALIGA EA SPORTS,Spain,CM,,56,8
Dermot Mee,Man Utd,Premier League,Northern Ireland,GK,,56,15
Félix Nzouango,K. Beerschot VA,1A Pro League,France,CB,,56,162
Jakub Ojrzy?ski,Liverpool,Premier League,Poland,GK,,56,6
Mohamed Oukhattou,PEC Zwolle,Eredivisie,Holland,CAM,['CM'],56,146
Jaden Pinas,Almere City FC,Eredivisie,Holland,CB,,56,166
Alfie Pond,Wolves,Premier League,England,CB,,56,75
Talha Sarýarslan,Kayserispor,Trendyol Süper Lig,Turkey,ST,,56,149
Maarten Schut,Willem II,Eredivisie,Holland,GK,,56,165
Raf Smekens,KVC Westerlo,1A Pro League,Belgium,CM,['CDM'],56,154
Sil Swinkels,Aston Villa,Premier League,Holland,CB,,56,17
Joël van der Wilt,Almere City FC,Eredivisie,Holland,GK,,56,166
Charlie Whitaker,Everton,Premier League,England,CAM,,56,33
Oskar Annell,KV Mechelen,1A Pro League,Belgium,GK,,55,127
Deniz Ertaþ,Konyaspor,Trendyol Süper Lig,Turkey,GK,,55,108
Paul Grave,VfL Bochum 1848,Bundesliga,Germany,GK,,55,113
Owen Jochmans,OH Leuven,1A Pro League,Belgium,GK,,55,153
Matt Lendfers,STVV,1A Pro League,Belgium,GK,,55,155
Callan McKenna,AFC Bournemouth,Premier League,Scotland,GK,,55,65
Adam Nhaili,STVV,1A Pro League,Belgium,CAM,,55,155
Muhammet Ali Özbaskýcý,Samsunspor,Trendyol Süper Lig,Turkey,CAM,['CM'],55,140
Adrián Palacios,KRC Genk,1A Pro League,Venezuela,CB,,55,94
Kaylen Reitmaier,Sparta Rotterdam,Eredivisie,Germany,GK,,55,112
Alberto Risco,Getafe CF,LALIGA EA SPORTS,Spain,CAM,,55,59
Nando Verdoni,Go Ahead Eagles,Eredivisie,Holland,GK,,55,160
Duke Verduin,PEC Zwolle,Eredivisie,Holland,GK,,55,146
Marcus Younis,PSV,Eredivisie,Australia,RM,"['LM', 'RW']",55,50
Taylan Utku Aydýn,Kasýmpaþa,Trendyol Süper Lig,Turkey,CB,,54,86
Yiðit Emre Çeltik,Kayserispor,Trendyol Süper Lig,Turkey,CM,['CAM'],54,149
Nicolas Closset,Sp. Charleroi,1A Pro League,Belgium,GK,,54,116
Zenzo De Boeck,KVC Westerlo,1A Pro League,Belgium,GK,,54,154
Hugo Lambotte,STVV,1A Pro League,Belgium,CB,,54,155
Christ Souanga,OH Leuven,1A Pro League,Belgium,LB,,54,153
Emirhan Yiðit,Kasýmpaþa,Trendyol Süper Lig,Turkey,RW,['RM'],54,86
Rhys Youlley,KVC Westerlo,1A Pro League,Australia,CAM,"['CM', 'ST']",54,154
Adnan Aktaþ,Kasýmpaþa,Trendyol Süper Lig,Turkey,LB,,53,86
Julien Devriendt,FCV Dender EH,1A Pro League,Belgium,GK,,53,164
Baran Ali Gezek,Kayserispor,Trendyol Süper Lig,Turkey,CAM,['CM'],53,149
Kayden Pierre,KRC Genk,1A Pro League,United States,RB,,53,94
Kamiel Van de Perre,R. Union St.-G.,1A Pro League,Belgium,CM,['CDM'],53,102
Matteo Godfroid,Standard Liège,1A Pro League,Belgium,GK,,52,130
Julian Placias,KVC Westerlo,1A Pro League,United States,ST,,51,154
Jankat Yýlmaz,Galatasaray,Trendyol Süper Lig,Turkey,GK,,55,12
Metehan Baltacý,Galatasaray,Trendyol Süper Lig,Turkey,CB,,58,12
Kazýmcan Karataþ,Galatasaray,Trendyol Süper Lig,Turkey,LB,,58,12
Efe Akman,Galatasaray,Trendyol Süper Lig,Turkey,CDM,,56,12
Eyüp Aydýn,Galatasaray,Trendyol Süper Lig,Turkey,CM,,57,12
Gökdeniz Gürpüz,Galatasaray,Trendyol Süper Lig,Turkey,CM,,58,12
Eren Aydýn,Galatasaray,Trendyol Süper Lig,Turkey,LW,,56,12
Siraçhan Nas,Galatasaray,Trendyol Süper Lig,Turkey,CAM,,56,12
Ali Efe Çördek,Galatasaray,Trendyol Süper Lig,Turkey,RW,,55,12
Yusuf Akçiçek,Fenerbahçe,Trendyol Süper Lig,Turkey,CB,,75,30
Yiðit Efe Demir,Fenerbahçe,Trendyol Süper Lig,Turkey,CB,,55,30
Ognjen Mimovic,Fenerbahçe,Trendyol Süper Lig,Serbia,RB,,65,30
Efekan Karayazi,Fenerbahçe,Trendyol Süper Lig,Turkey,CM,,55,30
Abdou Aziz Fall,Fenerbahçe,Trendyol Süper Lig,Senegal,CM,,57,30
Talisca,Fenerbahçe,Trendyol Süper Lig,Brasil,CAM,,81,30
Emre Bilgin,Beþiktaþ,Trendyol Süper Lig,Turkey,GK,,55,31
Emir Yaþar,Beþiktaþ,Trendyol Süper Lig,Turkey,GK,,55,31
Taylan Bulut,Beþiktaþ,Trendyol Süper Lig,Germany,RB,,70,31
Arda Berk Üzüarap,Beþiktaþ,Trendyol Süper Lig,Turkey,RB,,58,31
Keny Arroyo,Beþiktaþ,Trendyol Süper Lig,Columbia,RW,,72,31
Bedirhan Çetin,Samsunspor,Trendyol Süper Lig,Turkey,CB,,55,140
Elano Yegen,Samsunspor,Trendyol Süper Lig,Turkey,CB,,60,140
Logi Tomasson,Samsunspor,Trendyol Süper Lig,Danimarka,LB,,58,140
Joe Mendes,Samsunspor,Trendyol Süper Lig,Danimarka,RB,,65,140
Celil Yüksel,Samsunspor,Trendyol Süper Lig,Turkey,CM,,69,140
Afonso Sausa,Samsunspor,Trendyol Süper Lig,Portugal,CAM,,71,140
Anthony Musaba,Samsunspor,Trendyol Süper Lig,Belgium,RW,,69,140
Polat Yaldýr,Samsunspor,Trendyol Süper Lig,Belgium,ST,,70,140
Luca Stancic,Baþakþehir,Trendyol Süper Lig,Turkey,GK,,55,104
Hamza Güreler,Baþakþehir,Trendyol Süper Lig,Turkey,CB,,60,104
Festy Ebosele,Baþakþehir,Trendyol Süper Lig,Senegal,RB,,68,104
Abbosbek Feyzullaev,Baþakþehir,Trendyol Süper Lig,Özbek,CAM,,75,104
Ivan Brnic,Baþakþehir,Trendyol Süper Lig,Russia,LW,,65,104
Eray Sürül,Baþakþehir,Trendyol Süper Lig,Turkey,RW,,60,104
Davie Selke,Baþakþehir,Trendyol Süper Lig,Germany,ST,,75,104
Muhammet Arslantaþ,Baþakþehir,Trendyol Süper Lig,Turkey,ST,,60,104
Marcos Felipe,Eyüpspor,Trendyol Süper Lig,Brasil,GK,,68,138
Halil Yeral,Eyüpspor,Trendyol Süper Lig,Turkey,GK,,62,138
Alp Köseer,Eyüpspor,Trendyol Süper Lig,Turkey,GK,,55,138
Nihad Mujakic,Eyüpspor,Trendyol Süper Lig,Bosna,CB,,65,138
Luccas Claro,Eyüpspor,Trendyol Süper Lig,Brasil,CB,,63,138
Ahmet Özkaya,Eyüpspor,Trendyol Süper Lig,Turkey,CB,,60,138
Talha Ülvan,Eyüpspor,Trendyol Süper Lig,Turkey,RB,,60,138
Taras Stepanenko,Eyüpspor,Trendyol Süper Lig,Russia,CDM,,64,138
Taþkýn Ýlter,Eyüpspor,Trendyol Süper Lig,Turkey,CDM,,60,138
Hamza Akman,Eyüpspor,Trendyol Süper Lig,Turkey,CM,,63,138
Erdem Çalýk,Eyüpspor,Trendyol Süper Lig,Turkey,CM,,60,138
Can Bayýrkan,Eyüpspor,Trendyol Süper Lig,Turkey,CM,,58,138
Svit Seslar,Eyüpspor,Trendyol Süper Lig,Russia,CAM,,72,138
Prince Ampem,Eyüpspor,Trendyol Süper Lig,Senegal,LW,,70,138
Mete Demir,Eyüpspor,Trendyol Süper Lig,Turkey,LW,,65,138
Mame Thiam,Eyüpspor,Trendyol Süper Lig,Italy,ST,,72,138
Metehan Altunbaþ,Eyüpspor,Trendyol Süper Lig,Turkey,ST,,66,138
Romulo,RB Leipzig,Bundesliga,Brazil,ST,,70,23
Yan Diomande,RB Leipzig,Bundesliga,Africa,RW,LW,71,23
Max Finkgrafe,RB Leipzig,Bundesliga,Germany,LB,,69,23
Andrija Maksimovic,RB Leipzig,Bundesliga,Serbia,CAM,CM,68,23
Onuralp Çevikkan,Trabzonspor,Trendyol Süper Lig,Turkey,GK,,55,58
Arseniy Batagov,Trabzonspor,Trendyol Süper Lig,Ukraine,CB,,70,58
Rayyan Baniya,Trabzonspor,Trendyol Süper Lig,Turkey,CB,,65,58
Wagner Pina,Trabzonspor,Trendyol Süper Lig,Portugal,RB,,68,58
Salih Malkoçoðlu,Trabzonspor,Trendyol Süper Lig,Turkey,CDM,,63,58
Tim Jabol-Folcarelli,Trabzonspor,Trendyol Süper Lig,France,CM,,65,58
Oleksandr Zubkov,Trabzonspor,Trendyol Süper Lig,Ukraine,RW,,77,58
Taha Altýkardeþ,Göztepe,Trendyol Süper Lig,Turkey,CB,,70,145
Malcom Bokale,Göztepe,Trendyol Süper Lig,France,CB,,67,145
Heliton,Göztepe,Trendyol Süper Lig,Brasil,CB,,65,145
Allan Godoi,Göztepe,Trendyol Süper Lig,Brasil,CB,,62,145
Uður Kaan Yýldýz,Göztepe,Trendyol Süper Lig,Turkey,RB,,67,145
Anthony Dennis,Göztepe,Trendyol Süper Lig,Nigeria,CDM,,70,145
Rhaldney,Göztepe,Trendyol Süper Lig,Brasil,CDM,,64,145
Ogün Bayrak,Göztepe,Trendyol Süper Lig,Turkey,RM,,65,145
Ruan,Göztepe,Trendyol Süper Lig,Brasil,RM,,66,145
Arda Okan Kurtulan,Göztepe,Trendyol Süper Lig,Turkey,RM,,65,145
Amin Cherni,Göztepe,Trendyol Süper Lig,France,LM,,69,145
Efkan Bekiroðlu,Göztepe,Trendyol Süper Lig,Turkey,CAM,,75,145
Junior Olaitan,Göztepe,Trendyol Süper Lig,Nigeria,CAM,,66,145
Juan,Göztepe,Trendyol Süper Lig,Brasil,ST,,71,145
Emersonn,Göztepe,Trendyol Süper Lig,Brasil,ST,,70,145
Janderson,Göztepe,Trendyol Süper Lig,Brasil,ST,,71,145
Erdem Canpolat,Çaykur Rizespor,Trendyol Süper Lig,Turkey,GK,,69,133
Canberk Yurdakul,Çaykur Rizespor,Trendyol Süper Lig,Turkey,GK,,64,133
Atilla Mocsi,Çaykur Rizespor,Trendyol Süper Lig,Bulgar,CB,,68,133
Güvenç Usta,Çaykur Rizespor,Trendyol Süper Lig,Turkey,LB,,64,133
Furkan Orak,Çaykur Rizespor,Trendyol Süper Lig,Turkey,RB,,66,133
Janne-Pekka Laine,Çaykur Rizespor,Trendyol Süper Lig,Sweeden,CDM,,64,133
Efe Geçim,Çaykur Rizespor,Trendyol Süper Lig,Turkey,CDM,,62,133
Qazim Laci,Çaykur Rizespor,Trendyol Süper Lig,Moracco,CM,,69,133
Muhammed Buljibasic,Çaykur Rizespor,Trendyol Süper Lig,Bosna,CM,,68,133
Emrecan Bulut,Çaykur Rizespor,Trendyol Süper Lig,Turkey,LW,,63,133
Nicholas Opoku,Kasýmpaþa,Trendyol Süper Lig,Senegal,CB,,73,86
Jhon Espinoza,Kasýmpaþa,Trendyol Süper Lig,Senegal,RB,,67,86
Oðuzhan Yýlmaz,Kasýmpaþa,Trendyol Süper Lig,Turkey,CDM,,63,86
Andri Fannar Baldursson,Kasýmpaþa,Trendyol Süper Lig,Sweeden,CM,,68,86
Cem Üstündað,Kasýmpaþa,Trendyol Süper Lig,Turkey,CM,,65,86
Cafu,Kasýmpaþa,Trendyol Süper Lig,Portugal,CM,,67,86
Atakan Müjde,Kasýmpaþa,Trendyol Süper Lig,Turkey,CM,,63,86
Pape Habib Gueye,Kasýmpaþa,Trendyol Süper Lig,Senegal,ST,,73,86
Alp Efe Kýlýnç,Kasýmpaþa,Trendyol Süper Lig,Turkey,ST,,64,86
Bahadýr Güngördü,Konyaspor,Trendyol Süper Lig,Turkey,GK,,68,108
Josip Calusic,Konyaspor,Trendyol Süper Lig,Bulgar,CB,,67,108
Yhoan Andzouana,Konyaspor,Trendyol Süper Lig,France,RB,,68,108
Abdurrahman Üresin,Konyaspor,Trendyol Süper Lig,Turkey,RB,,62,108
Morten Bjorlo,Konyaspor,Trendyol Süper Lig,Sweeden,CM,,67,108
Jin-ho Jo,Konyaspor,Trendyol Süper Lig,Korean,CM,,64,108
Pedrinho,Konyaspor,Trendyol Süper Lig,Brasil,CAM,,66,108
Emir Bars,Konyaspor,Trendyol Süper Lig,Turkey,LW,,66,108
Marius Stefanescu,Konyaspor,Trendyol Süper Lig,Belgium,RW,,68,108
Blaz Kramer,Konyaspor,Trendyol Süper Lig,Russia,ST,,73,108
Melih Bostan,Konyaspor,Trendyol Süper Lig,Turkey,ST,,65,108
Bouly Junior Sambou,Konyaspor,Trendyol Süper Lig,Senegal,ST,,66,108
Paulo Victor,Alanyaspor,Trendyol Süper Lig,Brasil,GK,,65,136
Bruno Viana,Alanyaspor,Trendyol Süper Lig,Brasil,CB,,66,136
Ümit Akdað,Alanyaspor,Trendyol Süper Lig,Turkey,CB,,67,136
Bedirhan Özyurt,Alanyaspor,Trendyol Süper Lig,Turkey,CB,,63,136
Baran Moðultay,Alanyaspor,Trendyol Süper Lig,Turkey,LB,,65,136
Emre Bekir,Alanyaspor,Trendyol Süper Lig,Turkey,LB,,62,136
Maestro,Alanyaspor,Trendyol Süper Lig,Moracco,CDM,,70,136
Cem Çelik,Alanyaspor,Trendyol Süper Lig,Turkey,CDM,,63,136
Enes Keskin,Alanyaspor,Trendyol Süper Lig,Turkey,CM,,65,136
Izzet Çelik,Alanyaspor,Trendyol Süper Lig,Turkey,CM,,64,136
Ismail Zehir,Alanyaspor,Trendyol Süper Lig,Turkey,CM,,63,136
Buluthan Bulut,Alanyaspor,Trendyol Süper Lig,Turkey,CM,,62,136
Eren Altýntaþ,Alanyaspor,Trendyol Süper Lig,Turkey,CAM,,63,136
Mert Yusuf Torlak,Alanyaspor,Trendyol Süper Lig,Turkey,CAM,,63,136
Ibrahim Kaya,Alanyaspor,Trendyol Süper Lig,Turkey,LW,,66,136
Veysel Ünal,Alanyaspor,Trendyol Süper Lig,Turkey,RW,,63,136
Andraz Sporar,Alanyaspor,Trendyol Süper Lig,Russia,ST,,68,136
Uchenna Ogundu,Alanyaspor,Trendyol Süper Lig,Nigeria,ST,,64,136
Gideon Jung,Kayserispor,Trendyol Süper Lig,Germany,CB,,66,149
Lionel Carole,Kayserispor,Trendyol Süper Lig,France,LB,,67,149
Eray Özbek,Kayserispor,Trendyol Süper Lig,Turkey,CAM,,64,149
Aaron Opoku,Kayserispor,Trendyol Süper Lig,Germany,LW,,68,149
Berkan Aslan,Kayserispor,Trendyol Süper Lig,Turkey,RW,,58,149
Indrit Tuci,Kayserispor,Trendyol Süper Lig,Moracco,ST,,69,149
Zafer Görgen,Gaziantep,Trendyol Süper Lig,Turkey,GK,,60,123
Myenty Abena,Gaziantep,Trendyol Süper Lig,Russia,CB,,65,123
Kevin Rodrigues,Gaziantep,Trendyol Süper Lig,Portugal,LB,,69,123
Onur Baþyiðit,Gaziantep,Trendyol Süper Lig,Turkey,LB,,62,123
Ogüz Özçiçek,Gaziantep,Trendyol Süper Lig,Turkey,CDM,,66,123
Badou Ndiaye,Gaziantep,Trendyol Süper Lig,Senegal,CDM,,67,123
Juninho Bacuna,Gaziantep,Trendyol Süper Lig,Russia,CM,,75,123
Burak Enes Yýkýcý,Gaziantep,Trendyol Süper Lig,Turkey,CAM,,60,123
Christopher Lungoyi,Gaziantep,Trendyol Süper Lig,Sweeden,LW,,68,123
Enver Kulasin,Gaziantep,Trendyol Süper Lig,Bosna,RW,,67,123
Ali Mevran Ablak,Gaziantep,Trendyol Süper Lig,Turkey,RW,,61,123
Emmanuel Boateng,Gaziantep,Trendyol Süper Lig,Gana,ST,,70,123
Georgiy Dzhikiya,Antalyaspor,Trendyol Süper Lig,Russia,CB,,68,152
Hüseyin Türkmen,Antalyaspor,Trendyol Süper Lig,Turkey,CB,,66,152
Harun Toprak,Antalyaspor,Trendyol Süper Lig,Turkey,CB,,58,152
Kenneth Paal,Antalyaspor,Trendyol Süper Lig,Russia,LB,,69,152
Efecan Gülerce,Antalyaspor,Trendyol Süper Lig,Turkey,LB,,59,152
Jesper Ceesay,Antalyaspor,Trendyol Süper Lig,Sweeden,CDM,,62,152
Yannick Nkurunziza,Antalyaspor,Trendyol Süper Lig,Africa,CDM,,65,152
Abdülkadir Ömür,Antalyaspor,Trendyol Süper Lig,Turkey,CAM,,70,152
Deni Milosevic,Antalyaspor,Trendyol Süper Lig,Belgium,CAM,,65,152
Doðukan Sinik,Antalyaspor,Trendyol Süper Lig,Turkey,LW,,70,152
Kerem Kayaarasý,Antalyaspor,Trendyol Süper Lig,Turkey,ST,,61,152
Aleksandar Jovanovic,Kocaelispor,Trendyol Süper Lig,Turkey,GK,,72,126
Gökhan Deðirmenci,Kocaelispor,Trendyol Süper Lig,Turkey,GK,,65,126
Mateusz Wieteska,Kocaelispor,Trendyol Süper Lig,Turkey,CB,,70,126
Aaron Appindangoye,Kocaelispor,Trendyol Süper Lig,Turkey,CB,,67,126
Tarkan Serbest,Kocaelispor,Trendyol Süper Lig,Turkey,CB,,62,126
Onur Öztonga,Kocaelispor,Trendyol Süper Lig,Turkey,CB,,60,126
Massadio Haidara,Kocaelispor,Trendyol Süper Lig,Turkey,LB,,68,126
Muharrem Cinan,Kocaelispor,Trendyol Süper Lig,Turkey,LB,,65,126
Anfernee Dijksteel,Kocaelispor,Trendyol Süper Lig,Turkey,RB,,67,126
Ahmet Oðuz,Kocaelispor,Trendyol Süper Lig,Turkey,RB,,67,126
Show,Kocaelispor,Trendyol Süper Lig,Turkey,CDM,,66,126
Joseph Nonge,Kocaelispor,Trendyol Süper Lig,Turkey,CM,,71,126
Karol Linetty,Kocaelispor,Trendyol Süper Lig,Turkey,CM,,69,126
Cihat Çelik,Kocaelispor,Trendyol Süper Lig,Turkey,CM,,63,126
Samet Yalçýn,Kocaelispor,Trendyol Süper Lig,Turkey,CM,,62,126
Mesut Can Tunalý,Kocaelispor,Trendyol Süper Lig,Turkey,CM,,61,126
Ümitcan Ekþi,Kocaelispor,Trendyol Süper Lig,Turkey,CM,,60,126
Rigoberto Rivas,Kocaelispor,Trendyol Süper Lig,Turkey,LW,,67,126
Ryan Mendes,Kocaelispor,Trendyol Süper Lig,Turkey,LW,,68,126
Furkan Gedik,Kocaelispor,Trendyol Süper Lig,Turkey,LW,,63,126
Oðulcan Çaðlayan,Kocaelispor,Trendyol Süper Lig,Turkey,RW,,67,126
Dan Agyei,Kocaelispor,Trendyol Süper Lig,Turkey,RW,,62,126
Bruno Petkovic,Kocaelispor,Trendyol Süper Lig,Turkey,ST,,76,126
Ahmet Saðat,Kocaelispor,Trendyol Süper Lig,Turkey,ST,,65,126
Gökhan Akkan,Gençlerbirliði,Trendyol Süper Lig,Turkey,GK,,68,144
Erhan Erentürk,Gençlerbirliði,Trendyol Süper Lig,Turkey,GK,,63,144
Dimitros Goutas,Gençlerbirliði,Trendyol Süper Lig,Turkey,CB,,71,144
Thalisson,Gençlerbirliði,Trendyol Süper Lig,Turkey,CB,,78,144
Zan Zuzek,Gençlerbirliði,Trendyol Süper Lig,Turkey,CB,,64,144
Sinan Osmanoðlu,Gençlerbirliði,Trendyol Süper Lig,Turkey,CB,,65,144
Abdullah Þahindere,Gençlerbirliði,Trendyol Süper Lig,Turkey,CB,,59,144
Abdurrahim Dursun,Gençlerbirliði,Trendyol Süper Lig,Turkey,LB,,62,144
Matej Hanousek,Gençlerbirliði,Trendyol Süper Lig,Turkey,LB,,65,144
Pedro Pereira,Gençlerbirliði,Trendyol Süper Lig,Turkey,RB,,74,144
Fýratcan Üzüm,Gençlerbirliði,Trendyol Süper Lig,Turkey,RB,,63,144
Oðulcan Ülgün,Gençlerbirliði,Trendyol Süper Lig,Turkey,CDM,,72,144
Moussa Kyabou,Gençlerbirliði,Trendyol Süper Lig,Turkey,CDM,,65,144
Peter Etebo,Gençlerbirliði,Trendyol Süper Lig,Turkey,CDM,,67,144
Ataberk Gök,Gençlerbirliði,Trendyol Süper Lig,Turkey,CDM,,60,144
Ensar Kemaloðlu,Gençlerbirliði,Trendyol Süper Lig,Turkey,CM,,65,144
Samed Onur,Gençlerbirliði,Trendyol Süper Lig,Turkey,CM,,64,144
Michal Nalepa,Gençlerbirliði,Trendyol Süper Lig,Turkey,CM,,63,144
Eralp Aydýn,Gençlerbirliði,Trendyol Süper Lig,Turkey,CM,,60,144
Göktan Gürpüz,Gençlerbirliði,Trendyol Süper Lig,Turkey,CAM,,70,144
Henry Onyekuru,Gençlerbirliði,Trendyol Süper Lig,Turkey,LW,,76,144
Metehan Mimaroðlu,Gençlerbirliði,Trendyol Süper Lig,Turkey,LW,,64,144
Emirkan Demir,Gençlerbirliði,Trendyol Süper Lig,Turkey,LW,,59,144
Adama Traore,Gençlerbirliði,Trendyol Süper Lig,Turkey,RW,,77,144
Elias Durmaz,Gençlerbirliði,Trendyol Süper Lig,Turkey,RW,,61,144
Dilhan Demir,Gençlerbirliði,Trendyol Süper Lig,Turkey,RW,,59,144
Sekou Koita,Gençlerbirliði,Trendyol Süper Lig,Turkey,ST,,76,144
Deaniel Popa,Gençlerbirliði,Trendyol Süper Lig,Turkey,ST,,66,144
Leo Gaucho,Gençlerbirliði,Trendyol Süper Lig,Turkey,ST,,63,144
Gökhan Altýnparmak,Gençlerbirliði,Trendyol Süper Lig,Turkey,ST,,61,144
Arda Akgül,Gençlerbirliði,Trendyol Süper Lig,Turkey,ST,,62,144
Ivo Grbic,Fatih Karagümrük,Trendyol Süper Lig,Turkey,GK,,75,111
Furkan Bekleviç,Fatih Karagümrük,Trendyol Süper Lig,Turkey,GK,,64,111
Enzo Roco,Fatih Karagümrük,Trendyol Süper Lig,Turkey,CB,,66,111
Nikoloz Ugrekhelidze,Fatih Karagümrük,Trendyol Süper Lig,Turkey,CB,,64,111
Fatih Kurucuk,Fatih Karagümrük,Trendyol Süper Lig,Turkey,CB,,63,111
Anýl Yiðit Çýnar,Fatih Karagümrük,Trendyol Süper Lig,Turkey,CB,,61,111
Jure Belkovec,Fatih Karagümrük,Trendyol Süper Lig,Turkey,LB,,68,111
Çaðtay Kurukalýp,Fatih Karagümrük,Trendyol Süper Lig,Turkey,LB,,66,111
Maruis Tresor Doh,Fatih Karagümrük,Trendyol Süper Lig,Turkey,CDM,,71,111
Atakan Çankaya,Fatih Karagümrük,Trendyol Süper Lig,Turkey,CDM,,70,111
Berkay Özcan,Fatih Karagümrük,Trendyol Süper Lig,Turkey,CM,,76,111
Alper Demirkol,Fatih Karagümrük,Trendyol Süper Lig,Turkey,CM,,62,111
Ömer Gümüþ,Fatih Karagümrük,Trendyol Süper Lig,Turkey,CM,,61,111
Tuðbey Akgün,Fatih Karagümrük,Trendyol Süper Lig,Turkey,CM,,59,111
Daniel Johnson,Fatih Karagümrük,Trendyol Süper Lig,Turkey,CAM,,65,111
Barýþ Kalaycý,Fatih Karagümrük,Trendyol Süper Lig,Turkey,CAM,,61,111
Joao Camacho,Fatih Karagümrük,Trendyol Süper Lig,Turkey,LW,,67,111
Serginho,Fatih Karagümrük,Trendyol Süper Lig,Turkey,LW,,67,111
Tarýk Tuðyan,Fatih Karagümrük,Trendyol Süper Lig,Turkey,RW,,59,111
Andre Gray,Fatih Karagümrük,Trendyol Süper Lig,Turkey,ST,,72,111
Tiago Cukur,Fatih Karagümrük,Trendyol Süper Lig,Turkey,ST,,64,111
Ahmet Sivri,Fatih Karagümrük,Trendyol Süper Lig,Turkey,ST,,62,111
Petar Sucic,Inter,Serie A Enilive,Bosna,CDM,,81,7
Pio Esposito,Inter,Serie A Enilive,Italy,ST,,81,7
Ange-Yoan Bonny,Inter,Serie A Enilive,France,ST,,81,7
